cement,slag,fly_ash,water,superplasticizer,coarse_aggregate,fine_aggregate,age,strength,group_id,row_id,source_id
540,0,0,162,2.5,1040,676,28,79.986110760000003,recipe_2a524903a5f1f59a2e2f9421a1715e8c8286f85e2f2e3c93d164f77863262415,uci165-0001,10.24432/C5PK67
540,0,0,162,2.5,1055,676,28,61.887365759999994,recipe_30e61b2ff502f2f6b7b5c6a3f29aa5b82d1010ed224852c8d81df1e64d0710f3,uci165-0002,10.24432/C5PK67
332.5,142.5,0,228,0,932,594,270,40.269535256000005,recipe_28ced2324ba31c4b7becac22f65095698da634028c398954eb1a794110d9d0b1,uci165-0003,10.24432/C5PK67
332.5,142.5,0,228,0,932,594,365,41.052779991999998,recipe_28ced2324ba31c4b7becac22f65095698da634028c398954eb1a794110d9d0b1,uci165-0004,10.24432/C5PK67
198.59999999999999,132.40000000000001,0,192,0,978.39999999999998,825.5,360,44.296075096000003,recipe_6e13d0b63714b03b70e497ddf41015958499eef09c602d0f1a8138b90028a91d,uci165-0005,10.24432/C5PK67
266,114,0,228,0,932,670,90,47.029847436000004,recipe_6b3cd4939df32d856d9c0e9342f47c1e5f8f30e6038e6bcdfa381058a6992a4e,uci165-0006,10.24432/C5PK67
380,95,0,228,0,932,594,365,43.698299403999997,recipe_6f4e5e91a2cc07dd7d968b0d66c3c87ffa2af23a857c5c7ae36c6e675bafa1ac,uci165-0007,10.24432/C5PK67
380,95,0,228,0,932,594,28,36.447769788000002,recipe_6f4e5e91a2cc07dd7d968b0d66c3c87ffa2af23a857c5c7ae36c6e675bafa1ac,uci165-0008,10.24432/C5PK67
266,114,0,228,0,932,670,28,45.854290855999999,recipe_6b3cd4939df32d856d9c0e9342f47c1e5f8f30e6038e6bcdfa381058a6992a4e,uci165-0009,10.24432/C5PK67
475,0,0,228,0,932,594,28,39.289789859999999,recipe_e26f5c97e82e1718308d4c16d67e134b942486f674cdbe3e1b19589f9dc281fd,uci165-0010,10.24432/C5PK67
198.59999999999999,132.40000000000001,0,192,0,978.39999999999998,825.5,90,38.074243671999994,recipe_6e13d0b63714b03b70e497ddf41015958499eef09c602d0f1a8138b90028a91d,uci165-0011,10.24432/C5PK67
198.59999999999999,132.40000000000001,0,192,0,978.39999999999998,825.5,28,28.021683591999999,recipe_6e13d0b63714b03b70e497ddf41015958499eef09c602d0f1a8138b90028a91d,uci165-0012,10.24432/C5PK67
427.5,47.5,0,228,0,932,594,270,43.01296026,recipe_e24b40318a4a5391175ae1acf8a6bc902be07620338d79679d3959f899720ec5,uci165-0013,10.24432/C5PK67
190,190,0,228,0,932,670,90,42.326931639999998,recipe_bd543772bb5ab20e1ce163de30a10949b2812564284b0a204b8385cf058f3d73,uci165-0014,10.24432/C5PK67
304,76,0,228,0,932,670,28,47.813781648000003,recipe_209071dcdb8d6676bcb55a0c301121cd0cd480b3624d0bf8afdd1eec63ca4cf5,uci165-0015,10.24432/C5PK67
380,0,0,228,0,932,670,90,52.908319811999995,recipe_af0fbaa795abfa90fcf643699b72e2f97da84946cf62de73e0606f29a940a648,uci165-0016,10.24432/C5PK67
139.59999999999999,209.40000000000001,0,192,0,1047,806.89999999999998,90,39.358047983999995,recipe_6059ac9b3be7a8e215f6925915bf5d7605a55656506ecc8b149c6de8a72cfb3b,uci165-0017,10.24432/C5PK67
342,38,0,228,0,932,670,365,56.141962251999999,recipe_7f89be051268820a0990fbf21fc5119a16c2ca19254bdb1e45cc889e5512221a,uci165-0018,10.24432/C5PK67
380,95,0,228,0,932,594,90,40.563252031999994,recipe_6f4e5e91a2cc07dd7d968b0d66c3c87ffa2af23a857c5c7ae36c6e675bafa1ac,uci165-0019,10.24432/C5PK67
475,0,0,228,0,932,594,180,42.620648416000002,recipe_e26f5c97e82e1718308d4c16d67e134b942486f674cdbe3e1b19589f9dc281fd,uci165-0020,10.24432/C5PK67
427.5,47.5,0,228,0,932,594,180,41.836714203999996,recipe_e24b40318a4a5391175ae1acf8a6bc902be07620338d79679d3959f899720ec5,uci165-0021,10.24432/C5PK67
139.59999999999999,209.40000000000001,0,192,0,1047,806.89999999999998,28,28.237489579999998,recipe_6059ac9b3be7a8e215f6925915bf5d7605a55656506ecc8b149c6de8a72cfb3b,uci165-0022,10.24432/C5PK67
139.59999999999999,209.40000000000001,0,192,0,1047,806.89999999999998,3,8.0634218200000003,recipe_6059ac9b3be7a8e215f6925915bf5d7605a55656506ecc8b149c6de8a72cfb3b,uci165-0023,10.24432/C5PK67
139.59999999999999,209.40000000000001,0,192,0,1047,806.89999999999998,180,44.207822168,recipe_6059ac9b3be7a8e215f6925915bf5d7605a55656506ecc8b149c6de8a72cfb3b,uci165-0024,10.24432/C5PK67
380,0,0,228,0,932,670,365,52.516697443999995,recipe_af0fbaa795abfa90fcf643699b72e2f97da84946cf62de73e0606f29a940a648,uci165-0025,10.24432/C5PK67
380,0,0,228,0,932,670,270,53.300631656,recipe_af0fbaa795abfa90fcf643699b72e2f97da84946cf62de73e0606f29a940a648,uci165-0026,10.24432/C5PK67
380,95,0,228,0,932,594,270,41.151375059999999,recipe_6f4e5e91a2cc07dd7d968b0d66c3c87ffa2af23a857c5c7ae36c6e675bafa1ac,uci165-0027,10.24432/C5PK67
342,38,0,228,0,932,670,180,52.124385599999997,recipe_7f89be051268820a0990fbf21fc5119a16c2ca19254bdb1e45cc889e5512221a,uci165-0028,10.24432/C5PK67
427.5,47.5,0,228,0,932,594,28,37.427515183999994,recipe_e24b40318a4a5391175ae1acf8a6bc902be07620338d79679d3959f899720ec5,uci165-0029,10.24432/C5PK67
475,0,0,228,0,932,594,7,38.603761239999997,recipe_e26f5c97e82e1718308d4c16d67e134b942486f674cdbe3e1b19589f9dc281fd,uci165-0030,10.24432/C5PK67
304,76,0,228,0,932,670,365,55.260122447999997,recipe_209071dcdb8d6676bcb55a0c301121cd0cd480b3624d0bf8afdd1eec63ca4cf5,uci165-0031,10.24432/C5PK67
266,114,0,228,0,932,670,365,52.908319811999995,recipe_6b3cd4939df32d856d9c0e9342f47c1e5f8f30e6038e6bcdfa381058a6992a4e,uci165-0032,10.24432/C5PK67
198.59999999999999,132.40000000000001,0,192,0,978.39999999999998,825.5,180,41.719503283999998,recipe_6e13d0b63714b03b70e497ddf41015958499eef09c602d0f1a8138b90028a91d,uci165-0033,10.24432/C5PK67
475,0,0,228,0,932,594,270,42.131120455999998,recipe_e26f5c97e82e1718308d4c16d67e134b942486f674cdbe3e1b19589f9dc281fd,uci165-0034,10.24432/C5PK67
190,190,0,228,0,932,670,365,53.692254023999993,recipe_bd543772bb5ab20e1ce163de30a10949b2812564284b0a204b8385cf058f3d73,uci165-0035,10.24432/C5PK67
237.5,237.5,0,228,0,932,594,270,38.407950056000004,recipe_d1ba45db96eb6bdd0eb7c6a272db68bcfe2d680df3e80f710f720446e1f903f9,uci165-0036,10.24432/C5PK67
237.5,237.5,0,228,0,932,594,28,30.079769451999997,recipe_d1ba45db96eb6bdd0eb7c6a272db68bcfe2d680df3e80f710f720446e1f903f9,uci165-0037,10.24432/C5PK67
332.5,142.5,0,228,0,932,594,90,37.721921436000002,recipe_28ced2324ba31c4b7becac22f65095698da634028c398954eb1a794110d9d0b1,uci165-0038,10.24432/C5PK67
475,0,0,228,0,932,594,90,42.229026048000001,recipe_e26f5c97e82e1718308d4c16d67e134b942486f674cdbe3e1b19589f9dc281fd,uci165-0039,10.24432/C5PK67
237.5,237.5,0,228,0,932,594,180,36.251958603999995,recipe_d1ba45db96eb6bdd0eb7c6a272db68bcfe2d680df3e80f710f720446e1f903f9,uci165-0040,10.24432/C5PK67
342,38,0,228,0,932,670,90,50.459301060000001,recipe_7f89be051268820a0990fbf21fc5119a16c2ca19254bdb1e45cc889e5512221a,uci165-0041,10.24432/C5PK67
427.5,47.5,0,228,0,932,594,365,43.698299403999997,recipe_e24b40318a4a5391175ae1acf8a6bc902be07620338d79679d3959f899720ec5,uci165-0042,10.24432/C5PK67
237.5,237.5,0,228,0,932,594,365,38.995383607999997,recipe_d1ba45db96eb6bdd0eb7c6a272db68bcfe2d680df3e80f710f720446e1f903f9,uci165-0043,10.24432/C5PK67
380,0,0,228,0,932,670,180,53.104130996000002,recipe_af0fbaa795abfa90fcf643699b72e2f97da84946cf62de73e0606f29a940a648,uci165-0044,10.24432/C5PK67
427.5,47.5,0,228,0,932,594,90,41.542997428,recipe_e24b40318a4a5391175ae1acf8a6bc902be07620338d79679d3959f899720ec5,uci165-0045,10.24432/C5PK67
427.5,47.5,0,228,0,932,594,7,35.076402023999997,recipe_e24b40318a4a5391175ae1acf8a6bc902be07620338d79679d3959f899720ec5,uci165-0046,10.24432/C5PK67
349,0,0,192,0,1047,806.89999999999998,3,15.049192651999999,recipe_0e205d7082ff897949f967831b15112ee02994ad4056576b49c2af45caa39226,uci165-0047,10.24432/C5PK67
380,95,0,228,0,932,594,180,40.759063216000001,recipe_6f4e5e91a2cc07dd7d968b0d66c3c87ffa2af23a857c5c7ae36c6e675bafa1ac,uci165-0048,10.24432/C5PK67
237.5,237.5,0,228,0,932,594,7,26.258003983999998,recipe_d1ba45db96eb6bdd0eb7c6a272db68bcfe2d680df3e80f710f720446e1f903f9,uci165-0049,10.24432/C5PK67
380,95,0,228,0,932,594,7,32.823194456000003,recipe_6f4e5e91a2cc07dd7d968b0d66c3c87ffa2af23a857c5c7ae36c6e675bafa1ac,uci165-0050,10.24432/C5PK67
332.5,142.5,0,228,0,932,594,180,39.779317819999996,recipe_28ced2324ba31c4b7becac22f65095698da634028c398954eb1a794110d9d0b1,uci165-0051,10.24432/C5PK67
190,190,0,228,0,932,670,180,46.931941843999994,recipe_bd543772bb5ab20e1ce163de30a10949b2812564284b0a204b8385cf058f3d73,uci165-0052,10.24432/C5PK67
237.5,237.5,0,228,0,932,594,90,33.116911232,recipe_d1ba45db96eb6bdd0eb7c6a272db68bcfe2d680df3e80f710f720446e1f903f9,uci165-0053,10.24432/C5PK67
304,76,0,228,0,932,670,90,49.185149411999994,recipe_209071dcdb8d6676bcb55a0c301121cd0cd480b3624d0bf8afdd1eec63ca4cf5,uci165-0054,10.24432/C5PK67
139.59999999999999,209.40000000000001,0,192,0,1047,806.89999999999998,7,14.589312159999999,recipe_6059ac9b3be7a8e215f6925915bf5d7605a55656506ecc8b149c6de8a72cfb3b,uci165-0055,10.24432/C5PK67
198.59999999999999,132.40000000000001,0,192,0,978.39999999999998,825.5,7,14.638264955999999,recipe_6e13d0b63714b03b70e497ddf41015958499eef09c602d0f1a8138b90028a91d,uci165-0056,10.24432/C5PK67
475,0,0,228,0,932,594,365,41.934619796,recipe_e26f5c97e82e1718308d4c16d67e134b942486f674cdbe3e1b19589f9dc281fd,uci165-0057,10.24432/C5PK67
198.59999999999999,132.40000000000001,0,192,0,978.39999999999998,825.5,3,9.1314201439999998,recipe_6e13d0b63714b03b70e497ddf41015958499eef09c602d0f1a8138b90028a91d,uci165-0058,10.24432/C5PK67
304,76,0,228,0,932,670,180,50.948829019999998,recipe_209071dcdb8d6676bcb55a0c301121cd0cd480b3624d0bf8afdd1eec63ca4cf5,uci165-0059,10.24432/C5PK67
332.5,142.5,0,228,0,932,594,28,33.019005639999996,recipe_28ced2324ba31c4b7becac22f65095698da634028c398954eb1a794110d9d0b1,uci165-0060,10.24432/C5PK67
304,76,0,228,0,932,670,270,54.378282643999995,recipe_209071dcdb8d6676bcb55a0c301121cd0cd480b3624d0bf8afdd1eec63ca4cf5,uci165-0061,10.24432/C5PK67
266,114,0,228,0,932,670,270,51.732763231999996,recipe_6b3cd4939df32d856d9c0e9342f47c1e5f8f30e6038e6bcdfa381058a6992a4e,uci165-0062,10.24432/C5PK67
310,0,0,192,0,971,850.60000000000002,3,9.8664015599999999,recipe_916ffd8b55291144518bbd667446980a4759666e9ddf130da3c84a225783fa55,uci165-0063,10.24432/C5PK67
190,190,0,228,0,932,670,270,50.655112243999994,recipe_bd543772bb5ab20e1ce163de30a10949b2812564284b0a204b8385cf058f3d73,uci165-0064,10.24432/C5PK67
266,114,0,228,0,932,670,180,48.695621451999997,recipe_6b3cd4939df32d856d9c0e9342f47c1e5f8f30e6038e6bcdfa381058a6992a4e,uci165-0065,10.24432/C5PK67
342,38,0,228,0,932,670,270,55.064311263999997,recipe_7f89be051268820a0990fbf21fc5119a16c2ca19254bdb1e45cc889e5512221a,uci165-0066,10.24432/C5PK67
139.59999999999999,209.40000000000001,0,192,0,1047,806.89999999999998,360,44.698039603999995,recipe_6059ac9b3be7a8e215f6925915bf5d7605a55656506ecc8b149c6de8a72cfb3b,uci165-0067,10.24432/C5PK67
332.5,142.5,0,228,0,932,594,7,30.275580636000001,recipe_28ced2324ba31c4b7becac22f65095698da634028c398954eb1a794110d9d0b1,uci165-0068,10.24432/C5PK67
190,190,0,228,0,932,670,28,40.856968807999998,recipe_bd543772bb5ab20e1ce163de30a10949b2812564284b0a204b8385cf058f3d73,uci165-0069,10.24432/C5PK67
485,0,0,146,0,1120,800,28,71.988189160000005,recipe_e3f06bd2bc4a4cecdc5d75f7fa39239b5111c5d111c2fb4452ad9b820706ef70,uci165-0070,10.24432/C5PK67
374,189.19999999999999,0,170.09999999999999,10.1,926.10000000000002,756.70000000000005,3,34.397957640000001,recipe_0259c77c62525a80682a23b057dadbe3001d21eb799665531bd2451bf541a01b,uci165-0071,10.24432/C5PK67
313.30000000000001,262.19999999999999,0,175.5,8.5999999999999996,1046.9000000000001,611.79999999999995,3,28.799412520000001,recipe_0a553034580874835bc8b737a3ecb8aa2c261d0b44ef4a43be6d15ddb4a8a836,uci165-0072,10.24432/C5PK67
425,106.3,0,153.5,16.5,852.10000000000002,887.10000000000002,3,33.398217439999996,recipe_5dc7f4cf8f8ff8fca2a872d52591f1925b3d8477d7cf4853a8ca48f819413f26,uci165-0073,10.24432/C5PK67
425,106.3,0,151.40000000000001,18.600000000000001,936,803.70000000000005,3,36.300911399999997,recipe_9fb3e119df232b923790882932a01f82a57af3ff5142a0a39588adf56c16e08d,uci165-0074,10.24432/C5PK67
375,93.799999999999997,0,126.59999999999999,23.399999999999999,852.10000000000002,992.60000000000002,3,28.99936056,recipe_30a049d68ff69b396cd41eda9397d76b631afa9d05600bc9b3c302634da24442,uci165-0075,10.24432/C5PK67
475,118.8,0,181.09999999999999,8.9000000000000004,852.10000000000002,781.5,3,37.79707432,recipe_b1135eba489821e803d9bdf949aabffac80b44dc6cf5cfb6267b97d5a42f6a56,uci165-0076,10.24432/C5PK67
469,117.2,0,137.80000000000001,32.200000000000003,852.10000000000002,840.5,3,40.196450800000001,recipe_6020e9a4022405f6c5cb640a076b1518fbad2d3afc03608248fed393e96b7251,uci165-0077,10.24432/C5PK67
425,106.3,0,153.5,16.5,852.10000000000002,887.10000000000002,3,33.398217439999996,recipe_5dc7f4cf8f8ff8fca2a872d52591f1925b3d8477d7cf4853a8ca48f819413f26,uci165-0078,10.24432/C5PK67
388.60000000000002,97.099999999999994,0,157.90000000000001,12.1,852.10000000000002,925.70000000000005,3,28.096146999999998,recipe_83a22a3132b5c08a1ffd4f9644d813931fc1eb0ec8eebae58be276ac7a65f25e,uci165-0079,10.24432/C5PK67
531.29999999999995,0,0,141.80000000000001,28.199999999999999,852.10000000000002,893.70000000000005,3,41.299612400000001,recipe_0815fbc033e7a7bba24e6e3316826a48ab083ae77b76bd769c2ebc50f35554fa,uci165-0080,10.24432/C5PK67
425,106.3,0,153.5,16.5,852.10000000000002,887.10000000000002,3,33.398217439999996,recipe_5dc7f4cf8f8ff8fca2a872d52591f1925b3d8477d7cf4853a8ca48f819413f26,uci165-0081,10.24432/C5PK67
318.80000000000001,212.5,0,155.69999999999999,14.300000000000001,852.10000000000002,880.39999999999998,3,25.200347799999999,recipe_b3e9eb018919b7f5bd82a7da0a352de7a069795420da7e2e21e92f3e25448109,uci165-0082,10.24432/C5PK67
401.80000000000001,94.700000000000003,0,147.40000000000001,11.4,946.79999999999995,852.10000000000002,3,41.099664359999998,recipe_2d49383530877749901ad18f3feefdd21be12909e285557e3c8b0a1ef3aba3e9,uci165-0083,10.24432/C5PK67
362.60000000000002,189,0,164.90000000000001,11.6,944.70000000000005,755.79999999999995,3,35.301171199999999,recipe_0d5e2a396ba6c18e2d706c6d61a8c841de4ad02fd4c3791b2089d8470bec7709,uci165-0084,10.24432/C5PK67
323.69999999999999,282.80000000000001,0,183.80000000000001,10.300000000000001,942.70000000000005,659.89999999999998,3,28.296095039999997,recipe_08ea1afb620700cee4a02e25a12d4c4618b54c5f0b2a5e7351b89a666d15c6ac,uci165-0085,10.24432/C5PK67
379.5,151.19999999999999,0,153.90000000000001,15.9,1134.3,605,3,28.599464479999998,recipe_b72af7b214f87f27502080f30a0d0a57b1f590edba2cd10d2d2ef93b7ec29028,uci165-0086,10.24432/C5PK67
362.60000000000002,189,0,164.90000000000001,11.6,944.70000000000005,755.79999999999995,3,35.301171199999999,recipe_0d5e2a396ba6c18e2d706c6d61a8c841de4ad02fd4c3791b2089d8470bec7709,uci165-0087,10.24432/C5PK67
286.30000000000001,200.90000000000001,0,144.69999999999999,11.199999999999999,1004.6,803.70000000000005,3,24.40055564,recipe_d17d164ef684a870d7bae9fc4094e7f9c3472ecd65116a3af1f98f79f3079729,uci165-0088,10.24432/C5PK67
362.60000000000002,189,0,164.90000000000001,11.6,944.70000000000005,755.79999999999995,3,35.301171199999999,recipe_0d5e2a396ba6c18e2d706c6d61a8c841de4ad02fd4c3791b2089d8470bec7709,uci165-0089,10.24432/C5PK67
439,177,0,186,11.1,884.89999999999998,707.89999999999998,3,39.300131999999998,recipe_512fced2c01fa6011cdb7cfbe87420ad6ddef64c6c75d23e1b880ca4afc00b95,uci165-0090,10.24432/C5PK67
389.89999999999998,189,0,145.90000000000001,22,944.70000000000005,755.79999999999995,3,40.596346879999999,recipe_82a7826da0e62fb46d2b9549c569724821e3132c643fc49dabd0eae719c6942b,uci165-0091,10.24432/C5PK67
362.60000000000002,189,0,164.90000000000001,11.6,944.70000000000005,755.79999999999995,3,35.301171199999999,recipe_0d5e2a396ba6c18e2d706c6d61a8c841de4ad02fd4c3791b2089d8470bec7709,uci165-0092,10.24432/C5PK67
337.89999999999998,189,0,174.90000000000001,9.5,944.70000000000005,755.79999999999995,3,24.097186199999999,recipe_ed91f69975e2b4713af1a8958d20c3c0d30fd6c07b1dc7ff0b294bfd2736caec,uci165-0093,10.24432/C5PK67
374,189.19999999999999,0,170.09999999999999,10.1,926.10000000000002,756.70000000000005,7,46.201786759999997,recipe_0259c77c62525a80682a23b057dadbe3001d21eb799665531bd2451bf541a01b,uci165-0094,10.24432/C5PK67
313.30000000000001,262.19999999999999,0,175.5,8.5999999999999996,1046.9000000000001,611.79999999999995,7,42.795775319999997,recipe_0a553034580874835bc8b737a3ecb8aa2c261d0b44ef4a43be6d15ddb4a8a836,uci165-0095,10.24432/C5PK67
425,106.3,0,153.5,16.5,852.10000000000002,887.10000000000002,7,49.201007359999998,recipe_5dc7f4cf8f8ff8fca2a872d52591f1925b3d8477d7cf4853a8ca48f819413f26,uci165-0096,10.24432/C5PK67
425,106.3,0,151.40000000000001,18.600000000000001,936,803.70000000000005,7,46.801630879999998,recipe_9fb3e119df232b923790882932a01f82a57af3ff5142a0a39588adf56c16e08d,uci165-0097,10.24432/C5PK67
375,93.799999999999997,0,126.59999999999999,23.399999999999999,852.10000000000002,992.60000000000002,7,45.698469279999998,recipe_30a049d68ff69b396cd41eda9397d76b631afa9d05600bc9b3c302634da24442,uci165-0098,10.24432/C5PK67
475,118.8,0,181.09999999999999,8.9000000000000004,852.10000000000002,781.5,7,55.599344639999998,recipe_b1135eba489821e803d9bdf949aabffac80b44dc6cf5cfb6267b97d5a42f6a56,uci165-0099,10.24432/C5PK67
469,117.2,0,137.80000000000001,32.200000000000003,852.10000000000002,840.5,7,54.896079119999996,recipe_6020e9a4022405f6c5cb640a076b1518fbad2d3afc03608248fed393e96b7251,uci165-0100,10.24432/C5PK67
425,106.3,0,153.5,16.5,852.10000000000002,887.10000000000002,7,49.201007359999998,recipe_5dc7f4cf8f8ff8fca2a872d52591f1925b3d8477d7cf4853a8ca48f819413f26,uci165-0101,10.24432/C5PK67
388.60000000000002,97.099999999999994,0,157.90000000000001,12.1,852.10000000000002,925.70000000000005,7,34.901275120000001,recipe_83a22a3132b5c08a1ffd4f9644d813931fc1eb0ec8eebae58be276ac7a65f25e,uci165-0102,10.24432/C5PK67
531.29999999999995,0,0,141.80000000000001,28.199999999999999,852.10000000000002,893.70000000000005,7,46.898157519999998,recipe_0815fbc033e7a7bba24e6e3316826a48ab083ae77b76bd769c2ebc50f35554fa,uci165-0103,10.24432/C5PK67
425,106.3,0,153.5,16.5,852.10000000000002,887.10000000000002,7,49.201007359999998,recipe_5dc7f4cf8f8ff8fca2a872d52591f1925b3d8477d7cf4853a8ca48f819413f26,uci165-0104,10.24432/C5PK67
318.80000000000001,212.5,0,155.69999999999999,14.300000000000001,852.10000000000002,880.39999999999998,7,33.398217439999996,recipe_b3e9eb018919b7f5bd82a7da0a352de7a069795420da7e2e21e92f3e25448109,uci165-0105,10.24432/C5PK67
401.80000000000001,94.700000000000003,0,147.40000000000001,11.4,946.79999999999995,852.10000000000002,7,54.09628696,recipe_2d49383530877749901ad18f3feefdd21be12909e285557e3c8b0a1ef3aba3e9,uci165-0106,10.24432/C5PK67
362.60000000000002,189,0,164.90000000000001,11.6,944.70000000000005,755.79999999999995,7,55.895819320000001,recipe_0d5e2a396ba6c18e2d706c6d61a8c841de4ad02fd4c3791b2089d8470bec7709,uci165-0107,10.24432/C5PK67
323.69999999999999,282.80000000000001,0,183.80000000000001,10.300000000000001,942.70000000000005,659.89999999999998,7,49.800851479999999,recipe_08ea1afb620700cee4a02e25a12d4c4618b54c5f0b2a5e7351b89a666d15c6ac,uci165-0108,10.24432/C5PK67
379.5,151.19999999999999,0,153.90000000000001,15.9,1134.3,605,7,47.09810556,recipe_b72af7b214f87f27502080f30a0d0a57b1f590edba2cd10d2d2ef93b7ec29028,uci165-0109,10.24432/C5PK67
362.60000000000002,189,0,164.90000000000001,11.6,944.70000000000005,755.79999999999995,7,55.895819320000001,recipe_0d5e2a396ba6c18e2d706c6d61a8c841de4ad02fd4c3791b2089d8470bec7709,uci165-0110,10.24432/C5PK67
286.30000000000001,200.90000000000001,0,144.69999999999999,11.199999999999999,1004.6,803.70000000000005,7,37.997022359999995,recipe_d17d164ef684a870d7bae9fc4094e7f9c3472ecd65116a3af1f98f79f3079729,uci165-0111,10.24432/C5PK67
362.60000000000002,189,0,164.90000000000001,11.6,944.70000000000005,755.79999999999995,7,55.895819320000001,recipe_0d5e2a396ba6c18e2d706c6d61a8c841de4ad02fd4c3791b2089d8470bec7709,uci165-0112,10.24432/C5PK67
439,177,0,186,11.1,884.89999999999998,707.89999999999998,7,56.095767359999996,recipe_512fced2c01fa6011cdb7cfbe87420ad6ddef64c6c75d23e1b880ca4afc00b95,uci165-0113,10.24432/C5PK67
389.89999999999998,189,0,145.90000000000001,22,944.70000000000005,755.79999999999995,7,59.094987959999997,recipe_82a7826da0e62fb46d2b9549c569724821e3132c643fc49dabd0eae719c6942b,uci165-0114,10.24432/C5PK67
362.60000000000002,189,0,164.90000000000001,11.6,944.70000000000005,755.79999999999995,7,22.897497959999999,recipe_0d5e2a396ba6c18e2d706c6d61a8c841de4ad02fd4c3791b2089d8470bec7709,uci165-0115,10.24432/C5PK67
337.89999999999998,189,0,174.90000000000001,9.5,944.70000000000005,755.79999999999995,7,35.101223159999996,recipe_ed91f69975e2b4713af1a8958d20c3c0d30fd6c07b1dc7ff0b294bfd2736caec,uci165-0116,10.24432/C5PK67
374,189.19999999999999,0,170.09999999999999,10.1,926.10000000000002,756.70000000000005,28,61.09446836,recipe_0259c77c62525a80682a23b057dadbe3001d21eb799665531bd2451bf541a01b,uci165-0117,10.24432/C5PK67
313.30000000000001,262.19999999999999,0,175.5,8.5999999999999996,1046.9000000000001,611.79999999999995,28,59.79825348,recipe_0a553034580874835bc8b737a3ecb8aa2c261d0b44ef4a43be6d15ddb4a8a836,uci165-0118,10.24432/C5PK67
425,106.3,0,153.5,16.5,852.10000000000002,887.10000000000002,28,60.294676199999998,recipe_5dc7f4cf8f8ff8fca2a872d52591f1925b3d8477d7cf4853a8ca48f819413f26,uci165-0119,10.24432/C5PK67
425,106.3,0,151.40000000000001,18.600000000000001,936,803.70000000000005,28,61.797733879999996,recipe_9fb3e119df232b923790882932a01f82a57af3ff5142a0a39588adf56c16e08d,uci165-0120,10.24432/C5PK67
375,93.799999999999997,0,126.59999999999999,23.399999999999999,852.10000000000002,992.60000000000002,28,56.695611479999997,recipe_30a049d68ff69b396cd41eda9397d76b631afa9d05600bc9b3c302634da24442,uci165-0121,10.24432/C5PK67
475,118.8,0,181.09999999999999,8.9000000000000004,852.10000000000002,781.5,28,68.299492560000004,recipe_b1135eba489821e803d9bdf949aabffac80b44dc6cf5cfb6267b97d5a42f6a56,uci165-0122,10.24432/C5PK67
469,117.2,0,137.80000000000001,32.200000000000003,852.10000000000002,840.5,28,66.899856279999995,recipe_6020e9a4022405f6c5cb640a076b1518fbad2d3afc03608248fed393e96b7251,uci165-0123,10.24432/C5PK67
425,106.3,0,153.5,16.5,852.10000000000002,887.10000000000002,28,60.294676199999998,recipe_5dc7f4cf8f8ff8fca2a872d52591f1925b3d8477d7cf4853a8ca48f819413f26,uci165-0124,10.24432/C5PK67
388.60000000000002,97.099999999999994,0,157.90000000000001,12.1,852.10000000000002,925.70000000000005,28,50.697170280000002,recipe_83a22a3132b5c08a1ffd4f9644d813931fc1eb0ec8eebae58be276ac7a65f25e,uci165-0125,10.24432/C5PK67
531.29999999999995,0,0,141.80000000000001,28.199999999999999,852.10000000000002,893.70000000000005,28,56.399136800000001,recipe_0815fbc033e7a7bba24e6e3316826a48ab083ae77b76bd769c2ebc50f35554fa,uci165-0126,10.24432/C5PK67
425,106.3,0,153.5,16.5,852.10000000000002,887.10000000000002,28,60.294676199999998,recipe_5dc7f4cf8f8ff8fca2a872d52591f1925b3d8477d7cf4853a8ca48f819413f26,uci165-0127,10.24432/C5PK67
318.80000000000001,212.5,0,155.69999999999999,14.300000000000001,852.10000000000002,880.39999999999998,28,55.495923239999996,recipe_b3e9eb018919b7f5bd82a7da0a352de7a069795420da7e2e21e92f3e25448109,uci165-0128,10.24432/C5PK67
401.80000000000001,94.700000000000003,0,147.40000000000001,11.4,946.79999999999995,852.10000000000002,28,68.4994406,recipe_2d49383530877749901ad18f3feefdd21be12909e285557e3c8b0a1ef3aba3e9,uci165-0129,10.24432/C5PK67
362.60000000000002,189,0,164.90000000000001,11.6,944.70000000000005,755.79999999999995,28,71.298713159999991,recipe_0d5e2a396ba6c18e2d706c6d61a8c841de4ad02fd4c3791b2089d8470bec7709,uci165-0130,10.24432/C5PK67
323.69999999999999,282.80000000000001,0,183.80000000000001,10.300000000000001,942.70000000000005,659.89999999999998,28,74.697829839999997,recipe_08ea1afb620700cee4a02e25a12d4c4618b54c5f0b2a5e7351b89a666d15c6ac,uci165-0131,10.24432/C5PK67
379.5,151.19999999999999,0,153.90000000000001,15.9,1134.3,605,28,52.200227959999999,recipe_b72af7b214f87f27502080f30a0d0a57b1f590edba2cd10d2d2ef93b7ec29028,uci165-0132,10.24432/C5PK67
362.60000000000002,189,0,164.90000000000001,11.6,944.70000000000005,755.79999999999995,28,71.298713159999991,recipe_0d5e2a396ba6c18e2d706c6d61a8c841de4ad02fd4c3791b2089d8470bec7709,uci165-0133,10.24432/C5PK67
286.30000000000001,200.90000000000001,0,144.69999999999999,11.199999999999999,1004.6,803.70000000000005,28,67.699648440000004,recipe_d17d164ef684a870d7bae9fc4094e7f9c3472ecd65116a3af1f98f79f3079729,uci165-0134,10.24432/C5PK67
362.60000000000002,189,0,164.90000000000001,11.6,944.70000000000005,755.79999999999995,28,71.298713159999991,recipe_0d5e2a396ba6c18e2d706c6d61a8c841de4ad02fd4c3791b2089d8470bec7709,uci165-0135,10.24432/C5PK67
439,177,0,186,11.1,884.89999999999998,707.89999999999998,28,65.996642719999997,recipe_512fced2c01fa6011cdb7cfbe87420ad6ddef64c6c75d23e1b880ca4afc00b95,uci165-0136,10.24432/C5PK67
389.89999999999998,189,0,145.90000000000001,22,944.70000000000005,755.79999999999995,28,74.497881800000002,recipe_82a7826da0e62fb46d2b9549c569724821e3132c643fc49dabd0eae719c6942b,uci165-0137,10.24432/C5PK67
362.60000000000002,189,0,164.90000000000001,11.6,944.70000000000005,755.79999999999995,28,71.298713159999991,recipe_0d5e2a396ba6c18e2d706c6d61a8c841de4ad02fd4c3791b2089d8470bec7709,uci165-0138,10.24432/C5PK67
337.89999999999998,189,0,174.90000000000001,9.5,944.70000000000005,755.79999999999995,28,49.897378119999999,recipe_ed91f69975e2b4713af1a8958d20c3c0d30fd6c07b1dc7ff0b294bfd2736caec,uci165-0139,10.24432/C5PK67
374,189.19999999999999,0,170.09999999999999,10.1,926.10000000000002,756.70000000000005,56,63.397318200000001,recipe_0259c77c62525a80682a23b057dadbe3001d21eb799665531bd2451bf541a01b,uci165-0140,10.24432/C5PK67
313.30000000000001,262.19999999999999,0,175.5,8.5999999999999996,1046.9000000000001,611.79999999999995,56,64.900375879999999,recipe_0a553034580874835bc8b737a3ecb8aa2c261d0b44ef4a43be6d15ddb4a8a836,uci165-0141,10.24432/C5PK67
425,106.3,0,153.5,16.5,852.10000000000002,887.10000000000002,56,64.300531759999998,recipe_5dc7f4cf8f8ff8fca2a872d52591f1925b3d8477d7cf4853a8ca48f819413f26,uci165-0142,10.24432/C5PK67
425,106.3,0,151.40000000000001,18.600000000000001,936,803.70000000000005,56,64.900375879999999,recipe_9fb3e119df232b923790882932a01f82a57af3ff5142a0a39588adf56c16e08d,uci165-0143,10.24432/C5PK67
375,93.799999999999997,0,126.59999999999999,23.399999999999999,852.10000000000002,992.60000000000002,56,60.198149559999997,recipe_30a049d68ff69b396cd41eda9397d76b631afa9d05600bc9b3c302634da24442,uci165-0144,10.24432/C5PK67
475,118.8,0,181.09999999999999,8.9000000000000004,852.10000000000002,781.5,56,72.298453359999996,recipe_b1135eba489821e803d9bdf949aabffac80b44dc6cf5cfb6267b97d5a42f6a56,uci165-0145,10.24432/C5PK67
469,117.2,0,137.80000000000001,32.200000000000003,852.10000000000002,840.5,56,69.299232759999995,recipe_6020e9a4022405f6c5cb640a076b1518fbad2d3afc03608248fed393e96b7251,uci165-0146,10.24432/C5PK67
425,106.3,0,153.5,16.5,852.10000000000002,887.10000000000002,56,64.300531759999998,recipe_5dc7f4cf8f8ff8fca2a872d52591f1925b3d8477d7cf4853a8ca48f819413f26,uci165-0147,10.24432/C5PK67
388.60000000000002,97.099999999999994,0,157.90000000000001,12.1,852.10000000000002,925.70000000000005,56,55.19944856,recipe_83a22a3132b5c08a1ffd4f9644d813931fc1eb0ec8eebae58be276ac7a65f25e,uci165-0148,10.24432/C5PK67
531.29999999999995,0,0,141.80000000000001,28.199999999999999,852.10000000000002,893.70000000000005,56,58.798513279999995,recipe_0815fbc033e7a7bba24e6e3316826a48ab083ae77b76bd769c2ebc50f35554fa,uci165-0149,10.24432/C5PK67
425,106.3,0,153.5,16.5,852.10000000000002,887.10000000000002,56,64.300531759999998,recipe_5dc7f4cf8f8ff8fca2a872d52591f1925b3d8477d7cf4853a8ca48f819413f26,uci165-0150,10.24432/C5PK67
318.80000000000001,212.5,0,155.69999999999999,14.300000000000001,852.10000000000002,880.39999999999998,56,66.100064119999999,recipe_b3e9eb018919b7f5bd82a7da0a352de7a069795420da7e2e21e92f3e25448109,uci165-0151,10.24432/C5PK67
401.80000000000001,94.700000000000003,0,147.40000000000001,11.4,946.79999999999995,852.10000000000002,56,73.698089639999992,recipe_2d49383530877749901ad18f3feefdd21be12909e285557e3c8b0a1ef3aba3e9,uci165-0152,10.24432/C5PK67
362.60000000000002,189,0,164.90000000000001,11.6,944.70000000000005,755.79999999999995,56,77.297154359999993,recipe_0d5e2a396ba6c18e2d706c6d61a8c841de4ad02fd4c3791b2089d8470bec7709,uci165-0153,10.24432/C5PK67
323.69999999999999,282.80000000000001,0,183.80000000000001,10.300000000000001,942.70000000000005,659.89999999999998,56,80.199848320000001,recipe_08ea1afb620700cee4a02e25a12d4c4618b54c5f0b2a5e7351b89a666d15c6ac,uci165-0154,10.24432/C5PK67
379.5,151.19999999999999,0,153.90000000000001,15.9,1134.3,605,56,54.896079119999996,recipe_b72af7b214f87f27502080f30a0d0a57b1f590edba2cd10d2d2ef93b7ec29028,uci165-0155,10.24432/C5PK67
362.60000000000002,189,0,164.90000000000001,11.6,944.70000000000005,755.79999999999995,56,77.297154359999993,recipe_0d5e2a396ba6c18e2d706c6d61a8c841de4ad02fd4c3791b2089d8470bec7709,uci165-0156,10.24432/C5PK67
286.30000000000001,200.90000000000001,0,144.69999999999999,11.199999999999999,1004.6,803.70000000000005,56,72.994824120000004,recipe_d17d164ef684a870d7bae9fc4094e7f9c3472ecd65116a3af1f98f79f3079729,uci165-0157,10.24432/C5PK67
362.60000000000002,189,0,164.90000000000001,11.6,944.70000000000005,755.79999999999995,56,77.297154359999993,recipe_0d5e2a396ba6c18e2d706c6d61a8c841de4ad02fd4c3791b2089d8470bec7709,uci165-0158,10.24432/C5PK67
439,177,0,186,11.1,884.89999999999998,707.89999999999998,56,71.698609239999996,recipe_512fced2c01fa6011cdb7cfbe87420ad6ddef64c6c75d23e1b880ca4afc00b95,uci165-0159,10.24432/C5PK67
389.89999999999998,189,0,145.90000000000001,22,944.70000000000005,755.79999999999995,56,79.400056159999991,recipe_82a7826da0e62fb46d2b9549c569724821e3132c643fc49dabd0eae719c6942b,uci165-0160,10.24432/C5PK67
362.60000000000002,189,0,164.90000000000001,11.6,944.70000000000005,755.79999999999995,56,77.297154359999993,recipe_0d5e2a396ba6c18e2d706c6d61a8c841de4ad02fd4c3791b2089d8470bec7709,uci165-0161,10.24432/C5PK67
337.89999999999998,189,0,174.90000000000001,9.5,944.70000000000005,755.79999999999995,56,59.89478012,recipe_ed91f69975e2b4713af1a8958d20c3c0d30fd6c07b1dc7ff0b294bfd2736caec,uci165-0162,10.24432/C5PK67
374,189.19999999999999,0,170.09999999999999,10.1,926.10000000000002,756.70000000000005,91,64.900375879999999,recipe_0259c77c62525a80682a23b057dadbe3001d21eb799665531bd2451bf541a01b,uci165-0163,10.24432/C5PK67
313.30000000000001,262.19999999999999,0,175.5,8.5999999999999996,1046.9000000000001,611.79999999999995,91,66.596486839999997,recipe_0a553034580874835bc8b737a3ecb8aa2c261d0b44ef4a43be6d15ddb4a8a836,uci165-0164,10.24432/C5PK67
425,106.3,0,153.5,16.5,852.10000000000002,887.10000000000002,91,65.196850560000001,recipe_5dc7f4cf8f8ff8fca2a872d52591f1925b3d8477d7cf4853a8ca48f819413f26,uci165-0165,10.24432/C5PK67
425,106.3,0,151.40000000000001,18.600000000000001,936,803.70000000000005,91,66.699908239999999,recipe_9fb3e119df232b923790882932a01f82a57af3ff5142a0a39588adf56c16e08d,uci165-0166,10.24432/C5PK67
375,93.799999999999997,0,126.59999999999999,23.399999999999999,852.10000000000002,992.60000000000002,91,62.500999399999998,recipe_30a049d68ff69b396cd41eda9397d76b631afa9d05600bc9b3c302634da24442,uci165-0167,10.24432/C5PK67
475,118.8,0,181.09999999999999,8.9000000000000004,852.10000000000002,781.5,91,74.194512360000004,recipe_b1135eba489821e803d9bdf949aabffac80b44dc6cf5cfb6267b97d5a42f6a56,uci165-0168,10.24432/C5PK67
469,117.2,0,137.80000000000001,32.200000000000003,852.10000000000002,840.5,91,70.698869039999991,recipe_6020e9a4022405f6c5cb640a076b1518fbad2d3afc03608248fed393e96b7251,uci165-0169,10.24432/C5PK67
425,106.3,0,153.5,16.5,852.10000000000002,887.10000000000002,91,65.196850560000001,recipe_5dc7f4cf8f8ff8fca2a872d52591f1925b3d8477d7cf4853a8ca48f819413f26,uci165-0170,10.24432/C5PK67
388.60000000000002,97.099999999999994,0,157.90000000000001,12.1,852.10000000000002,925.70000000000005,91,57.598825040000001,recipe_83a22a3132b5c08a1ffd4f9644d813931fc1eb0ec8eebae58be276ac7a65f25e,uci165-0171,10.24432/C5PK67
531.29999999999995,0,0,141.80000000000001,28.199999999999999,852.10000000000002,893.70000000000005,91,59.198409359999999,recipe_0815fbc033e7a7bba24e6e3316826a48ab083ae77b76bd769c2ebc50f35554fa,uci165-0172,10.24432/C5PK67
425,106.3,0,153.5,16.5,852.10000000000002,887.10000000000002,91,65.196850560000001,recipe_5dc7f4cf8f8ff8fca2a872d52591f1925b3d8477d7cf4853a8ca48f819413f26,uci165-0173,10.24432/C5PK67
318.80000000000001,212.5,0,155.69999999999999,14.300000000000001,852.10000000000002,880.39999999999998,91,68.099544519999995,recipe_b3e9eb018919b7f5bd82a7da0a352de7a069795420da7e2e21e92f3e25448109,uci165-0174,10.24432/C5PK67
401.80000000000001,94.700000000000003,0,147.40000000000001,11.4,946.79999999999995,852.10000000000002,91,75.497621999999993,recipe_2d49383530877749901ad18f3feefdd21be12909e285557e3c8b0a1ef3aba3e9,uci165-0175,10.24432/C5PK67
362.60000000000002,189,0,164.90000000000001,11.6,944.70000000000005,755.79999999999995,91,79.296634760000003,recipe_0d5e2a396ba6c18e2d706c6d61a8c841de4ad02fd4c3791b2089d8470bec7709,uci165-0176,10.24432/C5PK67
379.5,151.19999999999999,0,153.90000000000001,15.9,1134.3,605,91,56.495663440000001,recipe_b72af7b214f87f27502080f30a0d0a57b1f590edba2cd10d2d2ef93b7ec29028,uci165-0177,10.24432/C5PK67
362.60000000000002,189,0,164.90000000000001,11.6,944.70000000000005,755.79999999999995,91,79.296634760000003,recipe_0d5e2a396ba6c18e2d706c6d61a8c841de4ad02fd4c3791b2089d8470bec7709,uci165-0178,10.24432/C5PK67
286.30000000000001,200.90000000000001,0,144.69999999999999,11.199999999999999,1004.6,803.70000000000005,91,76.800731639999995,recipe_d17d164ef684a870d7bae9fc4094e7f9c3472ecd65116a3af1f98f79f3079729,uci165-0179,10.24432/C5PK67
362.60000000000002,189,0,164.90000000000001,11.6,944.70000000000005,755.79999999999995,91,79.296634760000003,recipe_0d5e2a396ba6c18e2d706c6d61a8c841de4ad02fd4c3791b2089d8470bec7709,uci165-0180,10.24432/C5PK67
439,177,0,186,11.1,884.89999999999998,707.89999999999998,91,73.298193560000001,recipe_512fced2c01fa6011cdb7cfbe87420ad6ddef64c6c75d23e1b880ca4afc00b95,uci165-0181,10.24432/C5PK67
389.89999999999998,189,0,145.90000000000001,22,944.70000000000005,755.79999999999995,91,82.599224800000002,recipe_82a7826da0e62fb46d2b9549c569724821e3132c643fc49dabd0eae719c6942b,uci165-0182,10.24432/C5PK67
362.60000000000002,189,0,164.90000000000001,11.6,944.70000000000005,755.79999999999995,91,79.296634760000003,recipe_0d5e2a396ba6c18e2d706c6d61a8c841de4ad02fd4c3791b2089d8470bec7709,uci165-0183,10.24432/C5PK67
337.89999999999998,189,0,174.90000000000001,9.5,944.70000000000005,755.79999999999995,91,67.796175079999998,recipe_ed91f69975e2b4713af1a8958d20c3c0d30fd6c07b1dc7ff0b294bfd2736caec,uci165-0184,10.24432/C5PK67
222.36000000000001,0,96.670000000000002,189.28999999999999,4.46,967.08000000000004,870.32000000000005,3,11.57630204,recipe_fc355052555ceedcfcd37407dc0ec767caa9778bca2cf279ef6e23c19c77b4a3,uci165-0185,10.24432/C5PK67
222.36000000000001,0,96.670000000000002,189.28999999999999,4.46,967.08000000000004,870.32000000000005,14,24.448818960000001,recipe_fc355052555ceedcfcd37407dc0ec767caa9778bca2cf279ef6e23c19c77b4a3,uci165-0186,10.24432/C5PK67
222.36000000000001,0,96.670000000000002,189.28999999999999,4.46,967.08000000000004,870.32000000000005,28,24.890083600000001,recipe_fc355052555ceedcfcd37407dc0ec767caa9778bca2cf279ef6e23c19c77b4a3,uci165-0187,10.24432/C5PK67
222.36000000000001,0,96.670000000000002,189.28999999999999,4.46,967.08000000000004,870.32000000000005,56,29.447519959999997,recipe_fc355052555ceedcfcd37407dc0ec767caa9778bca2cf279ef6e23c19c77b4a3,uci165-0188,10.24432/C5PK67
222.36000000000001,0,96.670000000000002,189.28999999999999,4.46,967.08000000000004,870.32000000000005,100,40.713557799999997,recipe_fc355052555ceedcfcd37407dc0ec767caa9778bca2cf279ef6e23c19c77b4a3,uci165-0189,10.24432/C5PK67
233.81,0,94.579999999999998,197.88999999999999,4.5670000000000002,947.03999999999996,852.15999999999997,3,10.383508559999999,recipe_8c872c49291e6ae991b44a6db78ab1878409119a5c8a85d421e2b1e15d00245b,uci165-0190,10.24432/C5PK67
233.81,0,94.579999999999998,197.88999999999999,4.5670000000000002,947.03999999999996,852.15999999999997,14,22.139074359999999,recipe_8c872c49291e6ae991b44a6db78ab1878409119a5c8a85d421e2b1e15d00245b,uci165-0191,10.24432/C5PK67
233.81,0,94.579999999999998,197.88999999999999,4.5670000000000002,947.03999999999996,852.15999999999997,28,22.835445119999999,recipe_8c872c49291e6ae991b44a6db78ab1878409119a5c8a85d421e2b1e15d00245b,uci165-0192,10.24432/C5PK67
233.81,0,94.579999999999998,197.88999999999999,4.5670000000000002,947.03999999999996,852.15999999999997,56,27.66177712,recipe_8c872c49291e6ae991b44a6db78ab1878409119a5c8a85d421e2b1e15d00245b,uci165-0193,10.24432/C5PK67
233.81,0,94.579999999999998,197.88999999999999,4.5670000000000002,947.03999999999996,852.15999999999997,100,34.556537120000002,recipe_8c872c49291e6ae991b44a6db78ab1878409119a5c8a85d421e2b1e15d00245b,uci165-0194,10.24432/C5PK67
194.68000000000001,0,100.52,165.62,7.4800000000000004,1006.4,905.89999999999998,3,12.45193656,recipe_dfaaf5dc14e18493094c2d0b74fc94175b2cb6ec147238fe6b9fdf821a7265ad,uci165-0195,10.24432/C5PK67
194.68000000000001,0,100.52,165.62,7.4800000000000004,1006.4,905.89999999999998,14,24.986610239999997,recipe_dfaaf5dc14e18493094c2d0b74fc94175b2cb6ec147238fe6b9fdf821a7265ad,uci165-0196,10.24432/C5PK67
194.68000000000001,0,100.52,165.62,7.4800000000000004,1006.4,905.89999999999998,28,25.72434956,recipe_dfaaf5dc14e18493094c2d0b74fc94175b2cb6ec147238fe6b9fdf821a7265ad,uci165-0197,10.24432/C5PK67
194.68000000000001,0,100.52,165.62,7.4800000000000004,1006.4,905.89999999999998,56,33.963587759999996,recipe_dfaaf5dc14e18493094c2d0b74fc94175b2cb6ec147238fe6b9fdf821a7265ad,uci165-0198,10.24432/C5PK67
194.68000000000001,0,100.52,165.62,7.4800000000000004,1006.4,905.89999999999998,100,37.342020159999997,recipe_dfaaf5dc14e18493094c2d0b74fc94175b2cb6ec147238fe6b9fdf821a7265ad,uci165-0199,10.24432/C5PK67
190.68000000000001,0,125.40000000000001,162.13999999999999,7.7699999999999996,1090,804.00999999999999,3,15.04436632,recipe_f850d488615fb074f5c690439e46ed7be253eb5ef1d4f5ad14a95802d2a18bd9,uci165-0200,10.24432/C5PK67
190.68000000000001,0,125.40000000000001,162.13999999999999,7.7699999999999996,1090,804.00999999999999,14,21.063491799999998,recipe_f850d488615fb074f5c690439e46ed7be253eb5ef1d4f5ad14a95802d2a18bd9,uci165-0201,10.24432/C5PK67
190.68000000000001,0,125.40000000000001,162.13999999999999,7.7699999999999996,1090,804.00999999999999,28,26.40003604,recipe_f850d488615fb074f5c690439e46ed7be253eb5ef1d4f5ad14a95802d2a18bd9,uci165-0202,10.24432/C5PK67
190.68000000000001,0,125.40000000000001,162.13999999999999,7.7699999999999996,1090,804.00999999999999,56,35.342539760000001,recipe_f850d488615fb074f5c690439e46ed7be253eb5ef1d4f5ad14a95802d2a18bd9,uci165-0203,10.24432/C5PK67
190.68000000000001,0,125.40000000000001,162.13999999999999,7.7699999999999996,1090,804.00999999999999,100,40.56876784,recipe_f850d488615fb074f5c690439e46ed7be253eb5ef1d4f5ad14a95802d2a18bd9,uci165-0204,10.24432/C5PK67
212.06999999999999,0,121.62,180.31,5.6900000000000004,1057.5999999999999,779.32000000000005,3,12.472620839999999,recipe_52df3db6bd41be45b948724399b81f91e9ab37ca2dd6521a1bdd880c4146c94d,uci165-0205,10.24432/C5PK67
212.06999999999999,0,121.62,180.31,5.6900000000000004,1057.5999999999999,779.32000000000005,14,20.918701840000001,recipe_52df3db6bd41be45b948724399b81f91e9ab37ca2dd6521a1bdd880c4146c94d,uci165-0206,10.24432/C5PK67
212.06999999999999,0,121.62,180.31,5.6900000000000004,1057.5999999999999,779.32000000000005,28,24.90387312,recipe_52df3db6bd41be45b948724399b81f91e9ab37ca2dd6521a1bdd880c4146c94d,uci165-0207,10.24432/C5PK67
212.06999999999999,0,121.62,180.31,5.6900000000000004,1057.5999999999999,779.32000000000005,56,34.20490436,recipe_52df3db6bd41be45b948724399b81f91e9ab37ca2dd6521a1bdd880c4146c94d,uci165-0208,10.24432/C5PK67
212.06999999999999,0,121.62,180.31,5.6900000000000004,1057.5999999999999,779.32000000000005,100,39.610396199999997,recipe_52df3db6bd41be45b948724399b81f91e9ab37ca2dd6521a1bdd880c4146c94d,uci165-0209,10.24432/C5PK67
229.97,0,118.31,195.47,4.6299999999999999,1029.4000000000001,758.59000000000003,3,10.0318758,recipe_c2787154bfef36830526fd24c89925b2e4c45afcbcb56404864ae449448bd6ef,uci165-0210,10.24432/C5PK67
229.97,0,118.31,195.47,4.6299999999999999,1029.4000000000001,758.59000000000003,14,20.084435880000001,recipe_c2787154bfef36830526fd24c89925b2e4c45afcbcb56404864ae449448bd6ef,uci165-0211,10.24432/C5PK67
229.97,0,118.31,195.47,4.6299999999999999,1029.4000000000001,758.59000000000003,28,24.483292759999998,recipe_c2787154bfef36830526fd24c89925b2e4c45afcbcb56404864ae449448bd6ef,uci165-0212,10.24432/C5PK67
229.97,0,118.31,195.47,4.6299999999999999,1029.4000000000001,758.59000000000003,56,31.536632239999999,recipe_c2787154bfef36830526fd24c89925b2e4c45afcbcb56404864ae449448bd6ef,uci165-0213,10.24432/C5PK67
229.97,0,118.31,195.47,4.6299999999999999,1029.4000000000001,758.59000000000003,100,35.342539760000001,recipe_c2787154bfef36830526fd24c89925b2e4c45afcbcb56404864ae449448bd6ef,uci165-0214,10.24432/C5PK67
190.34,0,125.18000000000001,161.84999999999999,9.8800000000000008,1088.0999999999999,802.59000000000003,3,9.4458211999999993,recipe_5c255e580559193c0e4b3e51cdf275d09f0085fe62146f46e8824c2de7d8add3,uci165-0215,10.24432/C5PK67
190.34,0,125.18000000000001,161.84999999999999,9.8800000000000008,1088.0999999999999,802.59000000000003,14,22.718234199999998,recipe_5c255e580559193c0e4b3e51cdf275d09f0085fe62146f46e8824c2de7d8add3,uci165-0216,10.24432/C5PK67
190.34,0,125.18000000000001,161.84999999999999,9.8800000000000008,1088.0999999999999,802.59000000000003,28,28.468464040000001,recipe_5c255e580559193c0e4b3e51cdf275d09f0085fe62146f46e8824c2de7d8add3,uci165-0217,10.24432/C5PK67
190.34,0,125.18000000000001,161.84999999999999,9.8800000000000008,1088.0999999999999,802.59000000000003,56,38.562392680000002,recipe_5c255e580559193c0e4b3e51cdf275d09f0085fe62146f46e8824c2de7d8add3,uci165-0218,10.24432/C5PK67
190.34,0,125.18000000000001,161.84999999999999,9.8800000000000008,1088.0999999999999,802.59000000000003,100,40.389504080000002,recipe_5c255e580559193c0e4b3e51cdf275d09f0085fe62146f46e8824c2de7d8add3,uci165-0219,10.24432/C5PK67
166.09,0,163.27000000000001,176.46000000000001,4.4900000000000002,1058.5999999999999,780.09000000000003,3,10.762720359999999,recipe_b5743982968fef431b861447d433268f455f7888d21fe3a4f9b8ed0f6de584c8,uci165-0220,10.24432/C5PK67
166.09,0,163.27000000000001,176.46000000000001,4.4900000000000002,1058.5999999999999,780.09000000000003,14,25.483032959999999,recipe_b5743982968fef431b861447d433268f455f7888d21fe3a4f9b8ed0f6de584c8,uci165-0221,10.24432/C5PK67
166.09,0,163.27000000000001,176.46000000000001,4.4900000000000002,1058.5999999999999,780.09000000000003,28,21.539230239999998,recipe_b5743982968fef431b861447d433268f455f7888d21fe3a4f9b8ed0f6de584c8,uci165-0222,10.24432/C5PK67
166.09,0,163.27000000000001,176.46000000000001,4.4900000000000002,1058.5999999999999,780.09000000000003,56,28.627043520000001,recipe_b5743982968fef431b861447d433268f455f7888d21fe3a4f9b8ed0f6de584c8,uci165-0223,10.24432/C5PK67
166.09,0,163.27000000000001,176.46000000000001,4.4900000000000002,1058.5999999999999,780.09000000000003,100,33.5430074,recipe_b5743982968fef431b861447d433268f455f7888d21fe3a4f9b8ed0f6de584c8,uci165-0224,10.24432/C5PK67
167.94999999999999,42.079999999999998,163.83000000000001,121.75,5.7199999999999998,1058.7,780.11000000000001,3,7.7497102399999998,recipe_d197c3581d7162799a188bb2c4638cd37e0e5e327f8ccf69b2b81d1eb83c70bc,uci165-0225,10.24432/C5PK67
167.94999999999999,42.079999999999998,163.83000000000001,121.75,5.7199999999999998,1058.7,780.11000000000001,14,17.822954599999999,recipe_d197c3581d7162799a188bb2c4638cd37e0e5e327f8ccf69b2b81d1eb83c70bc,uci165-0226,10.24432/C5PK67
167.94999999999999,42.079999999999998,163.83000000000001,121.75,5.7199999999999998,1058.7,780.11000000000001,28,24.24197616,recipe_d197c3581d7162799a188bb2c4638cd37e0e5e327f8ccf69b2b81d1eb83c70bc,uci165-0227,10.24432/C5PK67
167.94999999999999,42.079999999999998,163.83000000000001,121.75,5.7199999999999998,1058.7,780.11000000000001,56,32.853531400000001,recipe_d197c3581d7162799a188bb2c4638cd37e0e5e327f8ccf69b2b81d1eb83c70bc,uci165-0228,10.24432/C5PK67
167.94999999999999,42.079999999999998,163.83000000000001,121.75,5.7199999999999998,1058.7,780.11000000000001,100,39.231184399999997,recipe_d197c3581d7162799a188bb2c4638cd37e0e5e327f8ccf69b2b81d1eb83c70bc,uci165-0229,10.24432/C5PK67
213.72,98.049999999999997,24.510000000000002,181.71000000000001,6.8600000000000003,1065.8,785.38,3,17.995323599999999,recipe_747c597cd425b97f02e431167423a1067ae89ee2ad4a51c9f56f86f0f486fd65,uci165-0230,10.24432/C5PK67
213.72,98.049999999999997,24.510000000000002,181.71000000000001,6.8600000000000003,1065.8,785.38,14,30.385207319999999,recipe_747c597cd425b97f02e431167423a1067ae89ee2ad4a51c9f56f86f0f486fd65,uci165-0231,10.24432/C5PK67
213.72,98.049999999999997,24.510000000000002,181.71000000000001,6.8600000000000003,1065.8,785.38,28,45.705364039999999,recipe_747c597cd425b97f02e431167423a1067ae89ee2ad4a51c9f56f86f0f486fd65,uci165-0232,10.24432/C5PK67
213.72,98.049999999999997,24.510000000000002,181.71000000000001,6.8600000000000003,1065.8,785.38,56,50.773012639999997,recipe_747c597cd425b97f02e431167423a1067ae89ee2ad4a51c9f56f86f0f486fd65,uci165-0233,10.24432/C5PK67
213.72,98.049999999999997,24.510000000000002,181.71000000000001,6.8600000000000003,1065.8,785.38,100,53.90323368,recipe_747c597cd425b97f02e431167423a1067ae89ee2ad4a51c9f56f86f0f486fd65,uci165-0234,10.24432/C5PK67
213.75999999999999,98.060000000000002,24.52,181.74000000000001,6.6500000000000004,1066,785.51999999999998,3,13.18278112,recipe_c87f1347806db11fa3f18de4b7c17baf4e35a1ac84973a8e71384d44d60881b0,uci165-0235,10.24432/C5PK67
213.75999999999999,98.060000000000002,24.52,181.74000000000001,6.6500000000000004,1066,785.51999999999998,14,17.836744119999999,recipe_c87f1347806db11fa3f18de4b7c17baf4e35a1ac84973a8e71384d44d60881b0,uci165-0236,10.24432/C5PK67
213.75999999999999,98.060000000000002,24.52,181.74000000000001,6.6500000000000004,1066,785.51999999999998,28,40.230924600000002,recipe_c87f1347806db11fa3f18de4b7c17baf4e35a1ac84973a8e71384d44d60881b0,uci165-0237,10.24432/C5PK67
213.75999999999999,98.060000000000002,24.52,181.74000000000001,6.6500000000000004,1066,785.51999999999998,56,47.132579360000001,recipe_c87f1347806db11fa3f18de4b7c17baf4e35a1ac84973a8e71384d44d60881b0,uci165-0238,10.24432/C5PK67
213.75999999999999,98.060000000000002,24.52,181.74000000000001,6.6500000000000004,1066,785.51999999999998,100,49.973220479999995,recipe_c87f1347806db11fa3f18de4b7c17baf4e35a1ac84973a8e71384d44d60881b0,uci165-0239,10.24432/C5PK67
229.68000000000001,0,118.16,195.22999999999999,6.1299999999999999,1028.0999999999999,757.63,3,13.355150119999999,recipe_49ee52174f25ab1b382b4ea5d3e6aafae0dc3b31c0a9fc8d7476913274e10550,uci165-0240,10.24432/C5PK67
229.68000000000001,0,118.16,195.22999999999999,6.1299999999999999,1028.0999999999999,757.63,14,22.31833812,recipe_49ee52174f25ab1b382b4ea5d3e6aafae0dc3b31c0a9fc8d7476913274e10550,uci165-0241,10.24432/C5PK67
229.68000000000001,0,118.16,195.22999999999999,6.1299999999999999,1028.0999999999999,757.63,28,24.538450839999999,recipe_49ee52174f25ab1b382b4ea5d3e6aafae0dc3b31c0a9fc8d7476913274e10550,uci165-0242,10.24432/C5PK67
229.68000000000001,0,118.16,195.22999999999999,6.1299999999999999,1028.0999999999999,757.63,56,31.35047372,recipe_49ee52174f25ab1b382b4ea5d3e6aafae0dc3b31c0a9fc8d7476913274e10550,uci165-0243,10.24432/C5PK67
229.68000000000001,0,118.16,195.22999999999999,6.1299999999999999,1028.0999999999999,757.63,100,40.858347760000001,recipe_49ee52174f25ab1b382b4ea5d3e6aafae0dc3b31c0a9fc8d7476913274e10550,uci165-0244,10.24432/C5PK67
238.05000000000001,0,94.109999999999999,186.66,7,949.90999999999997,847.00999999999999,3,19.932751159999999,recipe_dde14f58df6f3d7e6992cf0090016ba629d64e6aba04d62d0ba2e88aefe38447,uci165-0245,10.24432/C5PK67
238.05000000000001,0,94.109999999999999,186.66,7,949.90999999999997,847.00999999999999,14,25.68987576,recipe_dde14f58df6f3d7e6992cf0090016ba629d64e6aba04d62d0ba2e88aefe38447,uci165-0246,10.24432/C5PK67
238.05000000000001,0,94.109999999999999,186.66,7,949.90999999999997,847.00999999999999,28,30.233522600000001,recipe_dde14f58df6f3d7e6992cf0090016ba629d64e6aba04d62d0ba2e88aefe38447,uci165-0247,10.24432/C5PK67
238.05000000000001,0,94.109999999999999,186.66,7,949.90999999999997,847.00999999999999,56,39.589711919999999,recipe_dde14f58df6f3d7e6992cf0090016ba629d64e6aba04d62d0ba2e88aefe38447,uci165-0248,10.24432/C5PK67
238.05000000000001,0,94.109999999999999,186.66,7,949.90999999999997,847.00999999999999,100,44.298833000000002,recipe_dde14f58df6f3d7e6992cf0090016ba629d64e6aba04d62d0ba2e88aefe38447,uci165-0249,10.24432/C5PK67
250,0,95.689999999999998,187.41999999999999,5.5300000000000002,956.86000000000001,861.16999999999996,3,13.817099039999999,recipe_822d264b46eaed170f6a1b97a0692a0425474fc8529a4f82950340abcc424994,uci165-0250,10.24432/C5PK67
250,0,95.689999999999998,187.41999999999999,5.5300000000000002,956.86000000000001,861.16999999999996,14,24.91766264,recipe_822d264b46eaed170f6a1b97a0692a0425474fc8529a4f82950340abcc424994,uci165-0251,10.24432/C5PK67
250,0,95.689999999999998,187.41999999999999,5.5300000000000002,956.86000000000001,861.16999999999996,28,29.21999288,recipe_822d264b46eaed170f6a1b97a0692a0425474fc8529a4f82950340abcc424994,uci165-0252,10.24432/C5PK67
250,0,95.689999999999998,187.41999999999999,5.5300000000000002,956.86000000000001,861.16999999999996,56,38.327970839999999,recipe_822d264b46eaed170f6a1b97a0692a0425474fc8529a4f82950340abcc424994,uci165-0253,10.24432/C5PK67
250,0,95.689999999999998,187.41999999999999,5.5300000000000002,956.86000000000001,861.16999999999996,100,42.347615919999996,recipe_822d264b46eaed170f6a1b97a0692a0425474fc8529a4f82950340abcc424994,uci165-0254,10.24432/C5PK67
212.52000000000001,0,100.37,159.31999999999999,8.7100000000000009,1007.8,903.59000000000003,3,13.54130864,recipe_39bdc02e4a3593f3ce10883fb2558c5e08073ad64b1bc294f947acc36dd0c147,uci165-0255,10.24432/C5PK67
212.52000000000001,0,100.37,159.31999999999999,8.7100000000000009,1007.8,903.59000000000003,14,26.310404159999997,recipe_39bdc02e4a3593f3ce10883fb2558c5e08073ad64b1bc294f947acc36dd0c147,uci165-0256,10.24432/C5PK67
212.52000000000001,0,100.37,159.31999999999999,8.7100000000000009,1007.8,903.59000000000003,28,31.640053639999998,recipe_39bdc02e4a3593f3ce10883fb2558c5e08073ad64b1bc294f947acc36dd0c147,uci165-0257,10.24432/C5PK67
212.52000000000001,0,100.37,159.31999999999999,8.7100000000000009,1007.8,903.59000000000003,56,42.547563959999998,recipe_39bdc02e4a3593f3ce10883fb2558c5e08073ad64b1bc294f947acc36dd0c147,uci165-0258,10.24432/C5PK67
212.52000000000001,0,100.37,159.31999999999999,8.7100000000000009,1007.8,903.59000000000003,100,42.919880999999997,recipe_39bdc02e4a3593f3ce10883fb2558c5e08073ad64b1bc294f947acc36dd0c147,uci165-0259,10.24432/C5PK67
212.56999999999999,0,100.39,159.34999999999999,10.369999999999999,1003.8,903.78999999999996,3,13.33446584,recipe_c60557aaedfbc531b00c03b35bbb6f7c79eb1e649e109f03a88f55c18d0ff1aa,uci165-0260,10.24432/C5PK67
212.56999999999999,0,100.39,159.34999999999999,10.369999999999999,1003.8,903.78999999999996,14,25.372716799999999,recipe_c60557aaedfbc531b00c03b35bbb6f7c79eb1e649e109f03a88f55c18d0ff1aa,uci165-0261,10.24432/C5PK67
212.56999999999999,0,100.39,159.34999999999999,10.369999999999999,1003.8,903.78999999999996,28,37.404072999999997,recipe_c60557aaedfbc531b00c03b35bbb6f7c79eb1e649e109f03a88f55c18d0ff1aa,uci165-0262,10.24432/C5PK67
212.56999999999999,0,100.39,159.34999999999999,10.369999999999999,1003.8,903.78999999999996,56,44.395359639999995,recipe_c60557aaedfbc531b00c03b35bbb6f7c79eb1e649e109f03a88f55c18d0ff1aa,uci165-0263,10.24432/C5PK67
212.56999999999999,0,100.39,159.34999999999999,10.369999999999999,1003.8,903.78999999999996,100,47.739318239999996,recipe_c60557aaedfbc531b00c03b35bbb6f7c79eb1e649e109f03a88f55c18d0ff1aa,uci165-0264,10.24432/C5PK67
212,0,124.78,159,7.8399999999999999,1085.4000000000001,799.53999999999996,3,19.519065559999998,recipe_e0cd279d5d72406ca59892cadedad282c302bb3c0f978e9547467f49db99e2d4,uci165-0265,10.24432/C5PK67
212,0,124.78,159,7.8399999999999999,1085.4000000000001,799.53999999999996,14,31.35047372,recipe_e0cd279d5d72406ca59892cadedad282c302bb3c0f978e9547467f49db99e2d4,uci165-0266,10.24432/C5PK67
212,0,124.78,159,7.8399999999999999,1085.4000000000001,799.53999999999996,28,38.500339839999995,recipe_e0cd279d5d72406ca59892cadedad282c302bb3c0f978e9547467f49db99e2d4,uci165-0267,10.24432/C5PK67
212,0,124.78,159,7.8399999999999999,1085.4000000000001,799.53999999999996,56,45.084835640000001,recipe_e0cd279d5d72406ca59892cadedad282c302bb3c0f978e9547467f49db99e2d4,uci165-0268,10.24432/C5PK67
212,0,124.78,159,7.8399999999999999,1085.4000000000001,799.53999999999996,100,47.815160599999999,recipe_e0cd279d5d72406ca59892cadedad282c302bb3c0f978e9547467f49db99e2d4,uci165-0269,10.24432/C5PK67
231.75,0,121.62,173.96000000000001,6.7199999999999998,1056.4000000000001,778.45000000000005,3,15.43736764,recipe_374390744bba2bb42bc89bc627a010c07a0f373f0e70bd3642596c77c85f557a,uci165-0270,10.24432/C5PK67
231.75,0,121.62,173.96000000000001,6.7199999999999998,1056.4000000000001,778.45000000000005,14,26.772353079999998,recipe_374390744bba2bb42bc89bc627a010c07a0f373f0e70bd3642596c77c85f557a,uci165-0271,10.24432/C5PK67
231.75,0,121.62,173.96000000000001,6.7199999999999998,1056.4000000000001,778.45000000000005,28,33.72916592,recipe_374390744bba2bb42bc89bc627a010c07a0f373f0e70bd3642596c77c85f557a,uci165-0272,10.24432/C5PK67
231.75,0,121.62,173.96000000000001,6.7199999999999998,1056.4000000000001,778.45000000000005,56,42.699248679999997,recipe_374390744bba2bb42bc89bc627a010c07a0f373f0e70bd3642596c77c85f557a,uci165-0273,10.24432/C5PK67
231.75,0,121.62,173.96000000000001,6.7199999999999998,1056.4000000000001,778.45000000000005,100,45.83636448,recipe_374390744bba2bb42bc89bc627a010c07a0f373f0e70bd3642596c77c85f557a,uci165-0274,10.24432/C5PK67
251.37,0,118.27,188.44999999999999,5.75,1028.4000000000001,757.73000000000002,3,17.223110479999999,recipe_405d795a71b4660a3fb8521f406c71e7daf73d40268148ca49ee96cdf2bd7e1f,uci165-0275,10.24432/C5PK67
251.37,0,118.27,188.44999999999999,5.75,1028.4000000000001,757.73000000000002,14,29.93015316,recipe_405d795a71b4660a3fb8521f406c71e7daf73d40268148ca49ee96cdf2bd7e1f,uci165-0276,10.24432/C5PK67
251.37,0,118.27,188.44999999999999,5.75,1028.4000000000001,757.73000000000002,28,29.654362759999998,recipe_405d795a71b4660a3fb8521f406c71e7daf73d40268148ca49ee96cdf2bd7e1f,uci165-0277,10.24432/C5PK67
251.37,0,118.27,188.44999999999999,5.75,1028.4000000000001,757.73000000000002,56,36.969703119999998,recipe_405d795a71b4660a3fb8521f406c71e7daf73d40268148ca49ee96cdf2bd7e1f,uci165-0278,10.24432/C5PK67
251.37,0,118.27,188.44999999999999,5.75,1028.4000000000001,757.73000000000002,100,43.581777959999997,recipe_405d795a71b4660a3fb8521f406c71e7daf73d40268148ca49ee96cdf2bd7e1f,uci165-0279,10.24432/C5PK67
251.37,0,118.27,188.44999999999999,6.3499999999999996,1028.4000000000001,757.73000000000002,3,13.12072828,recipe_aa851941d9ab0d374d7942d23f88844c0e01e1604d900cb5ad6c8224bd0cfbd2,uci165-0280,10.24432/C5PK67
251.37,0,118.27,188.44999999999999,6.3499999999999996,1028.4000000000001,757.73000000000002,14,24.428134679999999,recipe_aa851941d9ab0d374d7942d23f88844c0e01e1604d900cb5ad6c8224bd0cfbd2,uci165-0281,10.24432/C5PK67
251.37,0,118.27,188.44999999999999,6.3499999999999996,1028.4000000000001,757.73000000000002,28,32.660478120000001,recipe_aa851941d9ab0d374d7942d23f88844c0e01e1604d900cb5ad6c8224bd0cfbd2,uci165-0282,10.24432/C5PK67
251.37,0,118.27,188.44999999999999,6.3499999999999996,1028.4000000000001,757.73000000000002,56,36.638754640000002,recipe_aa851941d9ab0d374d7942d23f88844c0e01e1604d900cb5ad6c8224bd0cfbd2,uci165-0283,10.24432/C5PK67
251.37,0,118.27,188.44999999999999,6.3499999999999996,1028.4000000000001,757.73000000000002,100,44.209201119999996,recipe_aa851941d9ab0d374d7942d23f88844c0e01e1604d900cb5ad6c8224bd0cfbd2,uci165-0284,10.24432/C5PK67
181.38,0,167.00999999999999,169.59,7.5599999999999996,1055.5999999999999,777.79999999999995,3,13.62404576,recipe_71995cbac6852873ed46192a001cd8c12bcd36d667688091aa68ac7b0e646fac,uci165-0285,10.24432/C5PK67
181.38,0,167.00999999999999,169.59,7.5599999999999996,1055.5999999999999,777.79999999999995,14,21.601283079999998,recipe_71995cbac6852873ed46192a001cd8c12bcd36d667688091aa68ac7b0e646fac,uci165-0286,10.24432/C5PK67
181.38,0,167.00999999999999,169.59,7.5599999999999996,1055.5999999999999,777.79999999999995,28,27.77209328,recipe_71995cbac6852873ed46192a001cd8c12bcd36d667688091aa68ac7b0e646fac,uci165-0287,10.24432/C5PK67
181.38,0,167.00999999999999,169.59,7.5599999999999996,1055.5999999999999,777.79999999999995,56,35.570066839999996,recipe_71995cbac6852873ed46192a001cd8c12bcd36d667688091aa68ac7b0e646fac,uci165-0288,10.24432/C5PK67
181.38,0,167.00999999999999,169.59,7.5599999999999996,1055.5999999999999,777.79999999999995,100,45.367520800000001,recipe_71995cbac6852873ed46192a001cd8c12bcd36d667688091aa68ac7b0e646fac,uci165-0289,10.24432/C5PK67
182.03999999999999,45.210000000000001,121.97,170.21000000000001,8.1899999999999995,1059.4000000000001,780.64999999999998,3,7.3153403599999995,recipe_473d975480b4cef69474915f1335fb190b05bb2feefd1af05ba4f55b81f4a1ad,uci165-0290,10.24432/C5PK67
182.03999999999999,45.210000000000001,121.97,170.21000000000001,8.1899999999999995,1059.4000000000001,780.64999999999998,14,21.504756439999998,recipe_473d975480b4cef69474915f1335fb190b05bb2feefd1af05ba4f55b81f4a1ad,uci165-0291,10.24432/C5PK67
182.03999999999999,45.210000000000001,121.97,170.21000000000001,8.1899999999999995,1059.4000000000001,780.64999999999998,28,31.267736599999999,recipe_473d975480b4cef69474915f1335fb190b05bb2feefd1af05ba4f55b81f4a1ad,uci165-0292,10.24432/C5PK67
182.03999999999999,45.210000000000001,121.97,170.21000000000001,8.1899999999999995,1059.4000000000001,780.64999999999998,56,43.499040839999999,recipe_473d975480b4cef69474915f1335fb190b05bb2feefd1af05ba4f55b81f4a1ad,uci165-0293,10.24432/C5PK67
182.03999999999999,45.210000000000001,121.97,170.21000000000001,8.1899999999999995,1059.4000000000001,780.64999999999998,100,48.67011084,recipe_473d975480b4cef69474915f1335fb190b05bb2feefd1af05ba4f55b81f4a1ad,uci165-0294,10.24432/C5PK67
168.88,42.219999999999999,124.25,158.33000000000001,10.83,1080.8,796.14999999999998,3,7.3980774799999995,recipe_3a18e0a7d91e22eee571b7765f2810a7bbc3f6214038920950def0e57cdb6d35,uci165-0295,10.24432/C5PK67
168.88,42.219999999999999,124.25,158.33000000000001,10.83,1080.8,796.14999999999998,14,23.511131599999999,recipe_3a18e0a7d91e22eee571b7765f2810a7bbc3f6214038920950def0e57cdb6d35,uci165-0296,10.24432/C5PK67
168.88,42.219999999999999,124.25,158.33000000000001,10.83,1080.8,796.14999999999998,28,31.116051880000001,recipe_3a18e0a7d91e22eee571b7765f2810a7bbc3f6214038920950def0e57cdb6d35,uci165-0297,10.24432/C5PK67
168.88,42.219999999999999,124.25,158.33000000000001,10.83,1080.8,796.14999999999998,56,39.148447279999999,recipe_3a18e0a7d91e22eee571b7765f2810a7bbc3f6214038920950def0e57cdb6d35,uci165-0298,10.24432/C5PK67
168.88,42.219999999999999,124.25,158.33000000000001,10.83,1080.8,796.14999999999998,100,48.153003839999997,recipe_3a18e0a7d91e22eee571b7765f2810a7bbc3f6214038920950def0e57cdb6d35,uci165-0299,10.24432/C5PK67
290.35000000000002,0,96.180000000000007,168.08000000000001,9.4100000000000001,961.17999999999995,865,3,22.504496639999999,recipe_e186aa9ed24ec01651f3ccb758adbce1dd9303a141ba3a242058c3e165bd0f1b,uci165-0300,10.24432/C5PK67
290.35000000000002,0,96.180000000000007,168.08000000000001,9.4100000000000001,961.17999999999995,865,14,34.67374804,recipe_e186aa9ed24ec01651f3ccb758adbce1dd9303a141ba3a242058c3e165bd0f1b,uci165-0301,10.24432/C5PK67
290.35000000000002,0,96.180000000000007,168.08000000000001,9.4100000000000001,961.17999999999995,865,28,34.735800879999999,recipe_e186aa9ed24ec01651f3ccb758adbce1dd9303a141ba3a242058c3e165bd0f1b,uci165-0302,10.24432/C5PK67
290.35000000000002,0,96.180000000000007,168.08000000000001,9.4100000000000001,961.17999999999995,865,56,45.084835640000001,recipe_e186aa9ed24ec01651f3ccb758adbce1dd9303a141ba3a242058c3e165bd0f1b,uci165-0303,10.24432/C5PK67
290.35000000000002,0,96.180000000000007,168.08000000000001,9.4100000000000001,961.17999999999995,865,100,48.973480279999997,recipe_e186aa9ed24ec01651f3ccb758adbce1dd9303a141ba3a242058c3e165bd0f1b,uci165-0304,10.24432/C5PK67
277.05000000000001,0,97.390000000000001,160.59999999999999,11.83,973.89999999999998,875.61000000000001,3,23.13881456,recipe_26f4e22a6b431cd96db144e9faee73f736c10547155e679c38938a7c68c83c8f,uci165-0305,10.24432/C5PK67
277.05000000000001,0,97.390000000000001,160.59999999999999,11.83,973.89999999999998,875.61000000000001,14,41.885666999999998,recipe_26f4e22a6b431cd96db144e9faee73f736c10547155e679c38938a7c68c83c8f,uci165-0306,10.24432/C5PK67
277.05000000000001,0,97.390000000000001,160.59999999999999,11.83,973.89999999999998,875.61000000000001,28,48.284004279999998,recipe_26f4e22a6b431cd96db144e9faee73f736c10547155e679c38938a7c68c83c8f,uci165-0307,10.24432/C5PK67
277.05000000000001,0,97.390000000000001,160.59999999999999,11.83,973.89999999999998,875.61000000000001,56,51.03501352,recipe_26f4e22a6b431cd96db144e9faee73f736c10547155e679c38938a7c68c83c8f,uci165-0308,10.24432/C5PK67
277.05000000000001,0,97.390000000000001,160.59999999999999,11.83,973.89999999999998,875.61000000000001,100,55.6407132,recipe_26f4e22a6b431cd96db144e9faee73f736c10547155e679c38938a7c68c83c8f,uci165-0309,10.24432/C5PK67
295.70999999999998,0,95.640000000000001,171.53999999999999,8.8699999999999992,955.13999999999999,859.20000000000005,3,22.945761279999999,recipe_2078d840f43dfa20a7d0c7260db2378b4ce01a95757b5cfc9605c906e9d04146,uci165-0310,10.24432/C5PK67
295.70999999999998,0,95.640000000000001,171.53999999999999,8.8699999999999992,955.13999999999999,859.20000000000005,14,35.232223599999998,recipe_2078d840f43dfa20a7d0c7260db2378b4ce01a95757b5cfc9605c906e9d04146,uci165-0311,10.24432/C5PK67
295.70999999999998,0,95.640000000000001,171.53999999999999,8.8699999999999992,955.13999999999999,859.20000000000005,28,39.94134468,recipe_2078d840f43dfa20a7d0c7260db2378b4ce01a95757b5cfc9605c906e9d04146,uci165-0312,10.24432/C5PK67
295.70999999999998,0,95.640000000000001,171.53999999999999,8.8699999999999992,955.13999999999999,859.20000000000005,56,48.718374159999996,recipe_2078d840f43dfa20a7d0c7260db2378b4ce01a95757b5cfc9605c906e9d04146,uci165-0313,10.24432/C5PK67
295.70999999999998,0,95.640000000000001,171.53999999999999,8.8699999999999992,955.13999999999999,859.20000000000005,100,52.041648479999999,recipe_2078d840f43dfa20a7d0c7260db2378b4ce01a95757b5cfc9605c906e9d04146,uci165-0314,10.24432/C5PK67
251.81,0,99.939999999999998,146.13999999999999,12.35,1006,899.75999999999999,3,21.022123239999999,recipe_8c73e9f398dac898adc43d153137a14daf2d85763db3cb5ae5ffa9943c6552fb,uci165-0315,10.24432/C5PK67
251.81,0,99.939999999999998,146.13999999999999,12.35,1006,899.75999999999999,14,33.356848880000001,recipe_8c73e9f398dac898adc43d153137a14daf2d85763db3cb5ae5ffa9943c6552fb,uci165-0316,10.24432/C5PK67
251.81,0,99.939999999999998,146.13999999999999,12.35,1006,899.75999999999999,28,33.942903479999998,recipe_8c73e9f398dac898adc43d153137a14daf2d85763db3cb5ae5ffa9943c6552fb,uci165-0317,10.24432/C5PK67
251.81,0,99.939999999999998,146.13999999999999,12.35,1006,899.75999999999999,56,44.140253520000002,recipe_8c73e9f398dac898adc43d153137a14daf2d85763db3cb5ae5ffa9943c6552fb,uci165-0318,10.24432/C5PK67
251.81,0,99.939999999999998,146.13999999999999,12.35,1006,899.75999999999999,100,45.367520800000001,recipe_8c73e9f398dac898adc43d153137a14daf2d85763db3cb5ae5ffa9943c6552fb,uci165-0319,10.24432/C5PK67
249.09999999999999,0,98.75,158.11000000000001,12.800000000000001,987.75999999999999,889.00999999999999,3,15.361525279999999,recipe_8a51d7c25d848bca46d9bb3ee55107f970740d10b4f507d785fc9cd104211208,uci165-0320,10.24432/C5PK67
249.09999999999999,0,98.75,158.11000000000001,12.800000000000001,987.75999999999999,889.00999999999999,14,28.682201599999999,recipe_8a51d7c25d848bca46d9bb3ee55107f970740d10b4f507d785fc9cd104211208,uci165-0321,10.24432/C5PK67
249.09999999999999,0,98.75,158.11000000000001,12.800000000000001,987.75999999999999,889.00999999999999,28,30.84715624,recipe_8a51d7c25d848bca46d9bb3ee55107f970740d10b4f507d785fc9cd104211208,uci165-0322,10.24432/C5PK67
249.09999999999999,0,98.75,158.11000000000001,12.800000000000001,987.75999999999999,889.00999999999999,56,42.030456959999995,recipe_8a51d7c25d848bca46d9bb3ee55107f970740d10b4f507d785fc9cd104211208,uci165-0323,10.24432/C5PK67
249.09999999999999,0,98.75,158.11000000000001,12.800000000000001,987.75999999999999,889.00999999999999,100,51.055697799999997,recipe_8a51d7c25d848bca46d9bb3ee55107f970740d10b4f507d785fc9cd104211208,uci165-0324,10.24432/C5PK67
252.31,0,98.75,146.25,14.17,987.75999999999999,889.00999999999999,3,21.78054684,recipe_3a4e88f530f5a5e551633cbf177398ccc7361d3f98e1d356179a4172df7d267a,uci165-0325,10.24432/C5PK67
252.31,0,98.75,146.25,14.17,987.75999999999999,889.00999999999999,14,42.292457839999997,recipe_3a4e88f530f5a5e551633cbf177398ccc7361d3f98e1d356179a4172df7d267a,uci165-0326,10.24432/C5PK67
252.31,0,98.75,146.25,14.17,987.75999999999999,889.00999999999999,28,50.600643640000001,recipe_3a4e88f530f5a5e551633cbf177398ccc7361d3f98e1d356179a4172df7d267a,uci165-0327,10.24432/C5PK67
252.31,0,98.75,146.25,14.17,987.75999999999999,889.00999999999999,56,55.82687172,recipe_3a4e88f530f5a5e551633cbf177398ccc7361d3f98e1d356179a4172df7d267a,uci165-0328,10.24432/C5PK67
252.31,0,98.75,146.25,14.17,987.75999999999999,889.00999999999999,100,60.949678399999996,recipe_3a4e88f530f5a5e551633cbf177398ccc7361d3f98e1d356179a4172df7d267a,uci165-0329,10.24432/C5PK67
246.83000000000001,0,125.08,143.30000000000001,11.99,1086.8,800.88999999999999,3,23.524921119999998,recipe_dc9dcdf013a7d23218049321e529b98793d055476d49a91d4fb3ab41f5cc84d5,uci165-0330,10.24432/C5PK67
246.83000000000001,0,125.08,143.30000000000001,11.99,1086.8,800.88999999999999,14,42.216615480000002,recipe_dc9dcdf013a7d23218049321e529b98793d055476d49a91d4fb3ab41f5cc84d5,uci165-0331,10.24432/C5PK67
246.83000000000001,0,125.08,143.30000000000001,11.99,1086.8,800.88999999999999,28,52.503597399999997,recipe_dc9dcdf013a7d23218049321e529b98793d055476d49a91d4fb3ab41f5cc84d5,uci165-0332,10.24432/C5PK67
246.83000000000001,0,125.08,143.30000000000001,11.99,1086.8,800.88999999999999,56,60.322255239999997,recipe_dc9dcdf013a7d23218049321e529b98793d055476d49a91d4fb3ab41f5cc84d5,uci165-0333,10.24432/C5PK67
246.83000000000001,0,125.08,143.30000000000001,11.99,1086.8,800.88999999999999,100,66.424117839999994,recipe_dc9dcdf013a7d23218049321e529b98793d055476d49a91d4fb3ab41f5cc84d5,uci165-0334,10.24432/C5PK67
275.06999999999999,0,121.34999999999999,159.47999999999999,9.9000000000000004,1053.5999999999999,777.5,3,23.80071152,recipe_14beccce03eacf78b9609d847cd96ebe04cafd0a23d2fa2b207cbe8667a18a91,uci165-0335,10.24432/C5PK67
275.06999999999999,0,121.34999999999999,159.47999999999999,9.9000000000000004,1053.5999999999999,777.5,14,38.769235479999999,recipe_14beccce03eacf78b9609d847cd96ebe04cafd0a23d2fa2b207cbe8667a18a91,uci165-0336,10.24432/C5PK67
275.06999999999999,0,121.34999999999999,159.47999999999999,9.9000000000000004,1053.5999999999999,777.5,28,51.331488199999995,recipe_14beccce03eacf78b9609d847cd96ebe04cafd0a23d2fa2b207cbe8667a18a91,uci165-0337,10.24432/C5PK67
275.06999999999999,0,121.34999999999999,159.47999999999999,9.9000000000000004,1053.5999999999999,777.5,56,56.847296199999995,recipe_14beccce03eacf78b9609d847cd96ebe04cafd0a23d2fa2b207cbe8667a18a91,uci165-0338,10.24432/C5PK67
275.06999999999999,0,121.34999999999999,159.47999999999999,9.9000000000000004,1053.5999999999999,777.5,100,58.605460000000001,recipe_14beccce03eacf78b9609d847cd96ebe04cafd0a23d2fa2b207cbe8667a18a91,uci165-0339,10.24432/C5PK67
297.16000000000003,0,117.54000000000001,174.80000000000001,9.5199999999999996,1022.8,753.45000000000005,3,21.911547280000001,recipe_2feaa727decd2d262c790c20bc298381d47f6ac5b501118ba9ba19fb360883fa,uci165-0340,10.24432/C5PK67
297.16000000000003,0,117.54000000000001,174.80000000000001,9.5199999999999996,1022.8,753.45000000000005,14,36.990387399999996,recipe_2feaa727decd2d262c790c20bc298381d47f6ac5b501118ba9ba19fb360883fa,uci165-0341,10.24432/C5PK67
297.16000000000003,0,117.54000000000001,174.80000000000001,9.5199999999999996,1022.8,753.45000000000005,28,47.401474999999998,recipe_2feaa727decd2d262c790c20bc298381d47f6ac5b501118ba9ba19fb360883fa,uci165-0342,10.24432/C5PK67
297.16000000000003,0,117.54000000000001,174.80000000000001,9.5199999999999996,1022.8,753.45000000000005,56,51.958911360000002,recipe_2feaa727decd2d262c790c20bc298381d47f6ac5b501118ba9ba19fb360883fa,uci165-0343,10.24432/C5PK67
297.16000000000003,0,117.54000000000001,174.80000000000001,9.5199999999999996,1022.8,753.45000000000005,100,56.7438748,recipe_2feaa727decd2d262c790c20bc298381d47f6ac5b501118ba9ba19fb360883fa,uci165-0344,10.24432/C5PK67
213.74000000000001,0,174.74000000000001,154.78999999999999,10.16,1053.5,776.35000000000002,3,17.57474324,recipe_652dd9e42cf8354654f156797167612abd39383e33c645d114b5a04cb9c7f138,uci165-0345,10.24432/C5PK67
213.74000000000001,0,174.74000000000001,154.78999999999999,10.16,1053.5,776.35000000000002,14,33.72916592,recipe_652dd9e42cf8354654f156797167612abd39383e33c645d114b5a04cb9c7f138,uci165-0346,10.24432/C5PK67
213.74000000000001,0,174.74000000000001,154.78999999999999,10.16,1053.5,776.35000000000002,28,40.148187479999997,recipe_652dd9e42cf8354654f156797167612abd39383e33c645d114b5a04cb9c7f138,uci165-0347,10.24432/C5PK67
213.74000000000001,0,174.74000000000001,154.78999999999999,10.16,1053.5,776.35000000000002,56,46.643051399999997,recipe_652dd9e42cf8354654f156797167612abd39383e33c645d114b5a04cb9c7f138,uci165-0348,10.24432/C5PK67
213.74000000000001,0,174.74000000000001,154.78999999999999,10.16,1053.5,776.35000000000002,100,50.076641879999997,recipe_652dd9e42cf8354654f156797167612abd39383e33c645d114b5a04cb9c7f138,uci165-0349,10.24432/C5PK67
213.5,0,174.24000000000001,154.61000000000001,11.66,1052.3,775.48000000000002,3,17.36790044,recipe_7a9f8b2934dc9b62880a74a881b4505585806f7d2baf0f8b5fe6a86db3415fca,uci165-0350,10.24432/C5PK67
213.5,0,174.24000000000001,154.61000000000001,11.66,1052.3,775.48000000000002,14,33.701586880000001,recipe_7a9f8b2934dc9b62880a74a881b4505585806f7d2baf0f8b5fe6a86db3415fca,uci165-0351,10.24432/C5PK67
213.5,0,174.24000000000001,154.61000000000001,11.66,1052.3,775.48000000000002,28,45.939785879999995,recipe_7a9f8b2934dc9b62880a74a881b4505585806f7d2baf0f8b5fe6a86db3415fca,uci165-0352,10.24432/C5PK67
213.5,0,174.24000000000001,154.61000000000001,11.66,1052.3,775.48000000000002,56,51.434909599999997,recipe_7a9f8b2934dc9b62880a74a881b4505585806f7d2baf0f8b5fe6a86db3415fca,uci165-0353,10.24432/C5PK67
213.5,0,174.24000000000001,154.61000000000001,11.66,1052.3,775.48000000000002,100,59.301830760000001,recipe_7a9f8b2934dc9b62880a74a881b4505585806f7d2baf0f8b5fe6a86db3415fca,uci165-0354,10.24432/C5PK67
277.19,97.819999999999993,24.460000000000001,160.69999999999999,11.19,1061.7,782.46000000000004,3,30.447260159999999,recipe_a8dc9b7f731ef8054e87c01e2485a6569497a30bb6e7c5d24c4c37b83b41007e,uci165-0355,10.24432/C5PK67
277.19,97.819999999999993,24.460000000000001,160.69999999999999,11.19,1061.7,782.46000000000004,14,47.711739199999997,recipe_a8dc9b7f731ef8054e87c01e2485a6569497a30bb6e7c5d24c4c37b83b41007e,uci165-0356,10.24432/C5PK67
277.19,97.819999999999993,24.460000000000001,160.69999999999999,11.19,1061.7,782.46000000000004,28,63.14221208,recipe_a8dc9b7f731ef8054e87c01e2485a6569497a30bb6e7c5d24c4c37b83b41007e,uci165-0357,10.24432/C5PK67
277.19,97.819999999999993,24.460000000000001,160.69999999999999,11.19,1061.7,782.46000000000004,56,66.824013919999999,recipe_a8dc9b7f731ef8054e87c01e2485a6569497a30bb6e7c5d24c4c37b83b41007e,uci165-0358,10.24432/C5PK67
277.19,97.819999999999993,24.460000000000001,160.69999999999999,11.19,1061.7,782.46000000000004,100,66.948119599999998,recipe_a8dc9b7f731ef8054e87c01e2485a6569497a30bb6e7c5d24c4c37b83b41007e,uci165-0359,10.24432/C5PK67
218.22999999999999,54.640000000000001,123.78,140.75,11.91,1075.7,792.66999999999996,3,27.420460519999999,recipe_ced00c54efea9356cfd57fc9efd6928b1de51caba7e9f10f969c72ea14c0334d,uci165-0360,10.24432/C5PK67
218.22999999999999,54.640000000000001,123.78,140.75,11.91,1075.7,792.66999999999996,14,35.956173399999997,recipe_ced00c54efea9356cfd57fc9efd6928b1de51caba7e9f10f969c72ea14c0334d,uci165-0361,10.24432/C5PK67
218.22999999999999,54.640000000000001,123.78,140.75,11.91,1075.7,792.66999999999996,28,55.509712759999999,recipe_ced00c54efea9356cfd57fc9efd6928b1de51caba7e9f10f969c72ea14c0334d,uci165-0362,10.24432/C5PK67
218.22999999999999,54.640000000000001,123.78,140.75,11.91,1075.7,792.66999999999996,56,61.990787159999996,recipe_ced00c54efea9356cfd57fc9efd6928b1de51caba7e9f10f969c72ea14c0334d,uci165-0363,10.24432/C5PK67
218.22999999999999,54.640000000000001,123.78,140.75,11.91,1075.7,792.66999999999996,100,63.528318639999995,recipe_ced00c54efea9356cfd57fc9efd6928b1de51caba7e9f10f969c72ea14c0334d,uci165-0364,10.24432/C5PK67
214.90000000000001,53.799999999999997,121.89,155.63,9.6099999999999994,1014.3,780.58000000000004,3,18.01600788,recipe_8d8a229ba894ddfb94ac89729fab6dc33561b4ca363a77f2d09f3126da41f439,uci165-0365,10.24432/C5PK67
214.90000000000001,53.799999999999997,121.89,155.63,9.6099999999999994,1014.3,780.58000000000004,14,38.603761239999997,recipe_8d8a229ba894ddfb94ac89729fab6dc33561b4ca363a77f2d09f3126da41f439,uci165-0366,10.24432/C5PK67
214.90000000000001,53.799999999999997,121.89,155.63,9.6099999999999994,1014.3,780.58000000000004,28,52.200227959999999,recipe_8d8a229ba894ddfb94ac89729fab6dc33561b4ca363a77f2d09f3126da41f439,uci165-0367,10.24432/C5PK67
214.90000000000001,53.799999999999997,121.89,155.63,9.6099999999999994,1014.3,780.58000000000004,56,53.958391759999998,recipe_8d8a229ba894ddfb94ac89729fab6dc33561b4ca363a77f2d09f3126da41f439,uci165-0368,10.24432/C5PK67
214.90000000000001,53.799999999999997,121.89,155.63,9.6099999999999994,1014.3,780.58000000000004,100,56.633558639999997,recipe_8d8a229ba894ddfb94ac89729fab6dc33561b4ca363a77f2d09f3126da41f439,uci165-0369,10.24432/C5PK67
218.84999999999999,0,124.13,158.49000000000001,11.33,1078.7,794.90999999999997,3,15.340840999999999,recipe_d7f3c88926c6796b89e899af96efc0b19e42fa0ebab7b2f6c99b20f1b48a04dc,uci165-0370,10.24432/C5PK67
218.84999999999999,0,124.13,158.49000000000001,11.33,1078.7,794.90999999999997,14,26.048403279999999,recipe_d7f3c88926c6796b89e899af96efc0b19e42fa0ebab7b2f6c99b20f1b48a04dc,uci165-0371,10.24432/C5PK67
218.84999999999999,0,124.13,158.49000000000001,11.33,1078.7,794.90999999999997,28,30.219733079999997,recipe_d7f3c88926c6796b89e899af96efc0b19e42fa0ebab7b2f6c99b20f1b48a04dc,uci165-0372,10.24432/C5PK67
218.84999999999999,0,124.13,158.49000000000001,11.33,1078.7,794.90999999999997,56,37.266177800000001,recipe_d7f3c88926c6796b89e899af96efc0b19e42fa0ebab7b2f6c99b20f1b48a04dc,uci165-0373,10.24432/C5PK67
218.84999999999999,0,124.13,158.49000000000001,11.33,1078.7,794.90999999999997,100,46.229365799999997,recipe_d7f3c88926c6796b89e899af96efc0b19e42fa0ebab7b2f6c99b20f1b48a04dc,uci165-0374,10.24432/C5PK67
376,0,0,214.59999999999999,0,1003.5,762.36000000000001,3,16.278528359999999,recipe_6af540631f6481f0d96ca2f902d7dbff5f2ad4963376d469ec2cae67c1c164c3,uci165-0375,10.24432/C5PK67
376,0,0,214.59999999999999,0,1003.5,762.36000000000001,14,25.620928159999998,recipe_6af540631f6481f0d96ca2f902d7dbff5f2ad4963376d469ec2cae67c1c164c3,uci165-0376,10.24432/C5PK67
376,0,0,214.59999999999999,0,1003.5,762.36000000000001,28,31.971002119999998,recipe_6af540631f6481f0d96ca2f902d7dbff5f2ad4963376d469ec2cae67c1c164c3,uci165-0377,10.24432/C5PK67
376,0,0,214.59999999999999,0,1003.5,762.36000000000001,56,36.300911399999997,recipe_6af540631f6481f0d96ca2f902d7dbff5f2ad4963376d469ec2cae67c1c164c3,uci165-0378,10.24432/C5PK67
376,0,0,214.59999999999999,0,1003.5,762.36000000000001,100,43.057776199999999,recipe_6af540631f6481f0d96ca2f902d7dbff5f2ad4963376d469ec2cae67c1c164c3,uci165-0379,10.24432/C5PK67
500,0,0,140,4,966,853,28,67.568647999999996,recipe_d9e66b20adbecc626136201ef6499d202f326d84a378afef34b9d4cde907eb3d,uci165-0380,10.24432/C5PK67
475,0,59,142,1.8999999999999999,1098,641,28,57.226507999999995,recipe_5a7d4b92fd9a9ec4ea4c1a5e6a67da0a368518f4ac6348d976119ec68100da58,uci165-0381,10.24432/C5PK67
315,137,0,145,5.9000000000000004,1130,745,28,81.751169320000002,recipe_b89be4b1881b39e6b881ed7c92d204cd4d7b774f6d30ab5f20e4a1702ae95340,uci165-0382,10.24432/C5PK67
505,0,60,195,0,1030,630,28,64.017846599999999,recipe_c44d2abce7cce32cf34d7c44f3b2422fecd59c046aa842efc8796d91d8e6c056,uci165-0383,10.24432/C5PK67
451,0,0,165,11.25,1030,745,28,78.800212039999991,recipe_c60c7f43e8bc48f88bc9dcc4f21ed624b83d70c96cee499e15117b1a56653d0d,uci165-0384,10.24432/C5PK67
516,0,0,162,8.1999999999999993,801,802,28,41.368560000000002,recipe_303b936c63f9cd9946203643aab8fc295da79e39359b5a19d300bb2552e6cccc,uci165-0385,10.24432/C5PK67
520,0,0,170,5.2000000000000002,855,855,28,60.280886679999995,recipe_5cbd51ddfff089d2ae304fb83c37722676ecd39030a6d3a00080cb11056368fd,uci165-0386,10.24432/C5PK67
528,0,0,185,6.8600000000000003,920,720,28,56.833506679999999,recipe_bd8ab94fda5203d1517ec016529e82d8ff5a40a189aa045dab336d42297f3461,uci165-0387,10.24432/C5PK67
520,0,0,175,5.2000000000000002,870,805,28,51.021223999999997,recipe_b95d9caa6a6ba008029fb9c5d6695eee6eb832ec9ced923e87c1d2a3a416add7,uci165-0388,10.24432/C5PK67
385,0,136,158,20,903,768,28,55.551081320000002,recipe_e30834ec13be970078d66ec786c7e7a2c22069b667d41468f05469d465949dcf,uci165-0389,10.24432/C5PK67
500.10000000000002,0,0,200,3,1124.4000000000001,613.20000000000005,28,44.13335876,recipe_cbff73aae1f416cffd735ff0a713c3773df2fb7774363d23f22bc06b52e9b6c5,uci165-0390,10.24432/C5PK67
450.10000000000002,50,0,200,3,1124.4000000000001,613.20000000000005,28,39.375974360000001,recipe_61c3a6c1b48244127410f64b0dca5d8bcbe765f93828301cdcbd7b9f7f6d9072,uci165-0391,10.24432/C5PK67
397,17.199999999999999,158,167,20.800000000000001,967,633,28,55.647607959999995,recipe_84379cae84a934a5d997085b6e8b6d9a920a29ea5529d874e4bbc31d5fee22e0,uci165-0392,10.24432/C5PK67
333,17.5,163,167,17.899999999999999,996,652,28,47.277369319999998,recipe_59c0d39fd17d9324ede2102da578999688413a27b2b3947cbb782f049ceb0666,uci165-0393,10.24432/C5PK67
334,17.600000000000001,158,189,15.300000000000001,967,633,28,44.326412040000001,recipe_ca8e46ac03f406330e81a7d85bbef5e9ab90e8ebb174dfd69dfdcb5c31f7ec95,uci165-0394,10.24432/C5PK67
405,0,0,175,0,1120,695,28,52.303649360000001,recipe_c2cd14e39f7e34849075e4d6dbc966846ce452c824872de6588fca12e3184faa,uci165-0395,10.24432/C5PK67
200,200,0,190,0,1145,660,28,49.249270679999995,recipe_8c9c11ce6a5511de4c37bb4c03eb263816894f50635839ecb3d6a9ff437875a4,uci165-0396,10.24432/C5PK67
516,0,0,162,8.2599999999999998,801,802,28,41.368560000000002,recipe_7e830358da81ee48e1f1adaa8ad9cd09bcce5086a2b38ccded014800b03d263a,uci165-0397,10.24432/C5PK67
145,116,119,184,5.7000000000000002,833,880,28,29.15794004,recipe_e4d710c25b3cd85c45d6fe83c8f48d380f8da5d63b17416c6efa63c695ad3944,uci165-0398,10.24432/C5PK67
160,128,122,182,6.4000000000000004,824,879,28,39.396658639999998,recipe_15283a11f6d33987df4fcc85a85c46b2c57d615bf0e14d1403b83706f5b3fb21,uci165-0399,10.24432/C5PK67
234,156,0,189,5.8499999999999996,981,760,28,39.300131999999998,recipe_54f832d60f13b9987669013d3997f6cac0c37c7ce892af4758d9739e8befa9f2,uci165-0400,10.24432/C5PK67
250,180,95,159,9.4499999999999993,860,800,28,67.865122679999999,recipe_6be4f7ba2e201d4f1ed8a24274ef9950207e71f24a90af51823d20b240c2772f,uci165-0401,10.24432/C5PK67
475,0,0,162,9.5,1044,662,28,58.522722879999996,recipe_119518eb0dbe9d3f1c30d465c12229d574244d2ead2d18a8ef879603ad7008f3,uci165-0402,10.24432/C5PK67
285,190,0,163,7.5999999999999996,1031,685,28,53.579179959999998,recipe_d9d5c51752b88601da389d471dcc1ca7eb09238d4c5f8428da67ee76126b41db,uci165-0403,10.24432/C5PK67
356,119,0,160,9.0299999999999994,1061,657,28,58.998461319999997,recipe_aae9bd5652cda4d8be81dc6ea65bf7fef31522017b9b410cfc0a3e5297be9394,uci165-0404,10.24432/C5PK67
275,180,120,162,10.35,830,765,28,76.235361319999996,recipe_92dcbc81de06786ae8241f7d379fa26131b7e9e1ae2b4f5bd40068e9122947de,uci165-0405,10.24432/C5PK67
500,0,0,151,9,1033,655,28,69.837024040000003,recipe_6ef499bca51379055ae1969b5abc7fe0eda6bca9262d12ca9be07d0c6f14d066,uci165-0406,10.24432/C5PK67
165,0.02,143.56999999999999,163.81,0,1005.6,900.89999999999998,3,14.39625888,recipe_ada9e3aa4457a94a96587b93a1d9fe6c0784f0f625e0f211078c5e692d32e2ab,uci165-0407,10.24432/C5PK67
165,128.5,132.09999999999999,175.06,8.0800000000000001,1005.8,746.60000000000002,3,19.415644159999999,recipe_1e55ccca0e5ae282a35849d97b0e908659403bd8d46c0e5b252bf708f227dc67,uci165-0408,10.24432/C5PK67
178.03,129.80000000000001,118.59999999999999,179.94,3.5699999999999998,1007.3,746.79999999999995,3,20.72564856,recipe_88bb4b9c97f06f691e0dc40546d372e68b39979ae4b4bc581bcdf96014e0075a,uci165-0409,10.24432/C5PK67
167.34999999999999,129.90000000000001,128.62,175.46000000000001,7.79,1006.3,746.60000000000002,3,14.94094492,recipe_042c75f78d3196b2061d1f44e9f1a15c590c6ad1f7f6850cefde5d94453095de,uci165-0410,10.24432/C5PK67
172.38,13.609999999999999,172.37,156.75999999999999,4.1399999999999997,1006.3,856.39999999999998,3,21.291018879999999,recipe_9be7216cf467260877d0a627031073b96b14d088ddc4ad34ada6b365d87dda0e,uci165-0411,10.24432/C5PK67
173.53999999999999,50.049999999999997,173.53,164.77000000000001,6.4699999999999998,1006.2,793.5,3,23.07676172,recipe_5be43094fef798e8efd38614c92d650ac070907818f05edc5a4248b66d3005f2,uci165-0412,10.24432/C5PK67
167,75.400000000000006,167,164.03,7.9100000000000001,1007.3,770.10000000000002,3,15.520104759999999,recipe_48f26852edc7a22e688e7b662431a4f6a038c1e721cb5ce98fd5a0d3943432e6,uci165-0413,10.24432/C5PK67
173.81,93.370000000000005,159.90000000000001,172.34,9.7300000000000004,1007.2,746.60000000000002,3,15.81657944,recipe_2ce61884bb108d2e2e680820dc66d3099b6d3b8f515d652c3ecc05aa72a503d8,uci165-0414,10.24432/C5PK67
190.34,0,125.18000000000001,166.61000000000001,9.8800000000000008,1079,798.89999999999998,3,12.5484632,recipe_3670c420e9d6267714a3c3d30d5a7f659c44482d9d0ef82e8b613cf1d1f9ce05,uci165-0415,10.24432/C5PK67
250,0,95.689999999999998,191.84,5.3300000000000001,948.89999999999998,857.20000000000005,3,8.4874495599999999,recipe_2a3f0a88e9f6dec16e6cf824ee08ec229b91928046576f31de17db00f58bc758,uci165-0416,10.24432/C5PK67
213.5,0,174.24000000000001,159.21000000000001,11.66,1043.5999999999999,771.89999999999998,3,15.609736639999999,recipe_d4ed3bdc43ee32021067db660492971bcee3bc29b9c8d0bf38661a8fdb66ec0a,uci165-0417,10.24432/C5PK67
194.68000000000001,0,100.52,170.16999999999999,7.4800000000000004,998,901.79999999999995,3,12.17614616,recipe_e0c8feb0383dd9b665a29b1373e5744e2ce48291377d1478c220097d26c2fe06,uci165-0418,10.24432/C5PK67
251.37,0,118.27,192.94,5.75,1043.5999999999999,754.29999999999995,3,11.983092879999999,recipe_af3bf34b028fdb2764a884f37fdffd5a776203385998f7e5c0fb3ba5380bbb54,uci165-0419,10.24432/C5PK67
165,0.02,143.56999999999999,163.81,0,1005.6,900.89999999999998,14,16.878372479999999,recipe_ada9e3aa4457a94a96587b93a1d9fe6c0784f0f625e0f211078c5e692d32e2ab,uci165-0420,10.24432/C5PK67
165,128.5,132.09999999999999,175.06,8.0800000000000001,1005.8,746.60000000000002,14,33.087953239999997,recipe_1e55ccca0e5ae282a35849d97b0e908659403bd8d46c0e5b252bf708f227dc67,uci165-0421,10.24432/C5PK67
178.03,129.80000000000001,118.59999999999999,179.94,3.5699999999999998,1007.3,746.79999999999995,14,34.239378160000001,recipe_88bb4b9c97f06f691e0dc40546d372e68b39979ae4b4bc581bcdf96014e0075a,uci165-0422,10.24432/C5PK67
167.34999999999999,129.90000000000001,128.62,175.46000000000001,7.79,1006.3,746.60000000000002,14,31.812422639999998,recipe_042c75f78d3196b2061d1f44e9f1a15c590c6ad1f7f6850cefde5d94453095de,uci165-0423,10.24432/C5PK67
172.38,13.609999999999999,172.37,156.75999999999999,4.1399999999999997,1006.3,856.39999999999998,14,29.750889399999998,recipe_9be7216cf467260877d0a627031073b96b14d088ddc4ad34ada6b365d87dda0e,uci165-0424,10.24432/C5PK67
173.53999999999999,50.049999999999997,173.53,164.77000000000001,6.4699999999999998,1006.2,793.5,14,33.00521612,recipe_5be43094fef798e8efd38614c92d650ac070907818f05edc5a4248b66d3005f2,uci165-0425,10.24432/C5PK67
167,75.400000000000006,167,164.03,7.9100000000000001,1007.3,770.10000000000002,14,32.901794719999998,recipe_48f26852edc7a22e688e7b662431a4f6a038c1e721cb5ce98fd5a0d3943432e6,uci165-0426,10.24432/C5PK67
173.81,93.370000000000005,159.90000000000001,172.34,9.7300000000000004,1007.2,746.60000000000002,14,29.550941359999999,recipe_2ce61884bb108d2e2e680820dc66d3099b6d3b8f515d652c3ecc05aa72a503d8,uci165-0427,10.24432/C5PK67
190.34,0,125.18000000000001,166.61000000000001,9.8800000000000008,1079,798.89999999999998,14,19.415644159999999,recipe_3670c420e9d6267714a3c3d30d5a7f659c44482d9d0ef82e8b613cf1d1f9ce05,uci165-0428,10.24432/C5PK67
250,0,95.689999999999998,191.84,5.3300000000000001,948.89999999999998,857.20000000000005,14,24.655661760000001,recipe_2a3f0a88e9f6dec16e6cf824ee08ec229b91928046576f31de17db00f58bc758,uci165-0429,10.24432/C5PK67
213.5,0,174.24000000000001,159.21000000000001,11.66,1043.5999999999999,771.89999999999998,14,29.592309919999998,recipe_d4ed3bdc43ee32021067db660492971bcee3bc29b9c8d0bf38661a8fdb66ec0a,uci165-0430,10.24432/C5PK67
194.68000000000001,0,100.52,170.16999999999999,7.4800000000000004,998,901.79999999999995,14,24.283344719999999,recipe_e0c8feb0383dd9b665a29b1373e5744e2ce48291377d1478c220097d26c2fe06,uci165-0431,10.24432/C5PK67
251.37,0,118.27,192.94,5.75,1043.5999999999999,754.29999999999995,14,20.72564856,recipe_af3bf34b028fdb2764a884f37fdffd5a776203385998f7e5c0fb3ba5380bbb54,uci165-0432,10.24432/C5PK67
165,0.02,143.56999999999999,163.81,0,1005.6,900.89999999999998,28,26.200088000000001,recipe_ada9e3aa4457a94a96587b93a1d9fe6c0784f0f625e0f211078c5e692d32e2ab,uci165-0433,10.24432/C5PK67
165,128.5,132.09999999999999,175.06,8.0800000000000001,1005.8,746.60000000000002,28,46.387945279999997,recipe_1e55ccca0e5ae282a35849d97b0e908659403bd8d46c0e5b252bf708f227dc67,uci165-0434,10.24432/C5PK67
178.03,129.80000000000001,118.59999999999999,179.94,3.5699999999999998,1007.3,746.79999999999995,28,39.162236800000002,recipe_88bb4b9c97f06f691e0dc40546d372e68b39979ae4b4bc581bcdf96014e0075a,uci165-0435,10.24432/C5PK67
167.34999999999999,129.90000000000001,128.62,175.46000000000001,7.79,1006.3,746.60000000000002,28,41.20308576,recipe_042c75f78d3196b2061d1f44e9f1a15c590c6ad1f7f6850cefde5d94453095de,uci165-0436,10.24432/C5PK67
172.38,13.609999999999999,172.37,156.75999999999999,4.1399999999999997,1006.3,856.39999999999998,28,33.687797359999998,recipe_9be7216cf467260877d0a627031073b96b14d088ddc4ad34ada6b365d87dda0e,uci165-0437,10.24432/C5PK67
173.53999999999999,50.049999999999997,173.53,164.77000000000001,6.4699999999999998,1006.2,793.5,28,38.203865159999999,recipe_5be43094fef798e8efd38614c92d650ac070907818f05edc5a4248b66d3005f2,uci165-0438,10.24432/C5PK67
167,75.400000000000006,167,164.03,7.9100000000000001,1007.3,770.10000000000002,28,41.409928559999997,recipe_48f26852edc7a22e688e7b662431a4f6a038c1e721cb5ce98fd5a0d3943432e6,uci165-0439,10.24432/C5PK67
173.81,93.370000000000005,159.90000000000001,172.34,9.7300000000000004,1007.2,746.60000000000002,28,37.810863839999996,recipe_2ce61884bb108d2e2e680820dc66d3099b6d3b8f515d652c3ecc05aa72a503d8,uci165-0440,10.24432/C5PK67
190.34,0,125.18000000000001,166.61000000000001,9.8800000000000008,1079,798.89999999999998,28,24.848715039999998,recipe_3670c420e9d6267714a3c3d30d5a7f659c44482d9d0ef82e8b613cf1d1f9ce05,uci165-0441,10.24432/C5PK67
250,0,95.689999999999998,191.84,5.3300000000000001,948.89999999999998,857.20000000000005,28,27.22051248,recipe_2a3f0a88e9f6dec16e6cf824ee08ec229b91928046576f31de17db00f58bc758,uci165-0442,10.24432/C5PK67
213.5,0,174.24000000000001,159.21000000000001,11.66,1043.5999999999999,771.89999999999998,28,44.63667624,recipe_d4ed3bdc43ee32021067db660492971bcee3bc29b9c8d0bf38661a8fdb66ec0a,uci165-0443,10.24432/C5PK67
194.68000000000001,0,100.52,170.16999999999999,7.4800000000000004,998,901.79999999999995,28,37.266177800000001,recipe_e0c8feb0383dd9b665a29b1373e5744e2ce48291377d1478c220097d26c2fe06,uci165-0444,10.24432/C5PK67
251.37,0,118.27,192.94,5.75,1043.5999999999999,754.29999999999995,28,33.274111759999997,recipe_af3bf34b028fdb2764a884f37fdffd5a776203385998f7e5c0fb3ba5380bbb54,uci165-0445,10.24432/C5PK67
165,0.02,143.56999999999999,163.81,0,1005.6,900.89999999999998,56,36.562912279999999,recipe_ada9e3aa4457a94a96587b93a1d9fe6c0784f0f625e0f211078c5e692d32e2ab,uci165-0446,10.24432/C5PK67
165,128.5,132.09999999999999,175.06,8.0800000000000001,1005.8,746.60000000000002,56,53.723969920000002,recipe_1e55ccca0e5ae282a35849d97b0e908659403bd8d46c0e5b252bf708f227dc67,uci165-0447,10.24432/C5PK67
178.03,129.80000000000001,118.59999999999999,179.94,3.5699999999999998,1007.3,746.79999999999995,56,48.587373719999995,recipe_88bb4b9c97f06f691e0dc40546d372e68b39979ae4b4bc581bcdf96014e0075a,uci165-0448,10.24432/C5PK67
167.34999999999999,129.90000000000001,128.62,175.46000000000001,7.79,1006.3,746.60000000000002,56,51.724489519999999,recipe_042c75f78d3196b2061d1f44e9f1a15c590c6ad1f7f6850cefde5d94453095de,uci165-0449,10.24432/C5PK67
172.38,13.609999999999999,172.37,156.75999999999999,4.1399999999999997,1006.3,856.39999999999998,56,35.852751999999995,recipe_9be7216cf467260877d0a627031073b96b14d088ddc4ad34ada6b365d87dda0e,uci165-0450,10.24432/C5PK67
173.53999999999999,50.049999999999997,173.53,164.77000000000001,6.4699999999999998,1006.2,793.5,56,53.772233239999998,recipe_5be43094fef798e8efd38614c92d650ac070907818f05edc5a4248b66d3005f2,uci165-0451,10.24432/C5PK67
167,75.400000000000006,167,164.03,7.9100000000000001,1007.3,770.10000000000002,56,53.46196904,recipe_48f26852edc7a22e688e7b662431a4f6a038c1e721cb5ce98fd5a0d3943432e6,uci165-0452,10.24432/C5PK67
173.81,93.370000000000005,159.90000000000001,172.34,9.7300000000000004,1007.2,746.60000000000002,56,48.9872698,recipe_2ce61884bb108d2e2e680820dc66d3099b6d3b8f515d652c3ecc05aa72a503d8,uci165-0453,10.24432/C5PK67
190.34,0,125.18000000000001,166.61000000000001,9.8800000000000008,1079,798.89999999999998,56,31.715896000000001,recipe_3670c420e9d6267714a3c3d30d5a7f659c44482d9d0ef82e8b613cf1d1f9ce05,uci165-0454,10.24432/C5PK67
250,0,95.689999999999998,191.84,5.3300000000000001,948.89999999999998,857.20000000000005,56,39.644869999999997,recipe_2a3f0a88e9f6dec16e6cf824ee08ec229b91928046576f31de17db00f58bc758,uci165-0455,10.24432/C5PK67
213.5,0,174.24000000000001,159.21000000000001,11.66,1043.5999999999999,771.89999999999998,56,51.25564584,recipe_d4ed3bdc43ee32021067db660492971bcee3bc29b9c8d0bf38661a8fdb66ec0a,uci165-0456,10.24432/C5PK67
194.68000000000001,0,100.52,170.16999999999999,7.4800000000000004,998,901.79999999999995,56,43.388724679999996,recipe_e0c8feb0383dd9b665a29b1373e5744e2ce48291377d1478c220097d26c2fe06,uci165-0457,10.24432/C5PK67
251.37,0,118.27,192.94,5.75,1043.5999999999999,754.29999999999995,56,39.265658199999997,recipe_af3bf34b028fdb2764a884f37fdffd5a776203385998f7e5c0fb3ba5380bbb54,uci165-0458,10.24432/C5PK67
165,0.02,143.56999999999999,163.81,0,1005.6,900.89999999999998,100,37.9556538,recipe_ada9e3aa4457a94a96587b93a1d9fe6c0784f0f625e0f211078c5e692d32e2ab,uci165-0459,10.24432/C5PK67
165,128.5,132.09999999999999,175.06,8.0800000000000001,1005.8,746.60000000000002,100,55.020184799999996,recipe_1e55ccca0e5ae282a35849d97b0e908659403bd8d46c0e5b252bf708f227dc67,uci165-0460,10.24432/C5PK67
178.03,129.80000000000001,118.59999999999999,179.94,3.5699999999999998,1007.3,746.79999999999995,100,49.993904759999999,recipe_88bb4b9c97f06f691e0dc40546d372e68b39979ae4b4bc581bcdf96014e0075a,uci165-0461,10.24432/C5PK67
167.34999999999999,129.90000000000001,128.62,175.46000000000001,7.79,1006.3,746.60000000000002,100,53.65502232,recipe_042c75f78d3196b2061d1f44e9f1a15c590c6ad1f7f6850cefde5d94453095de,uci165-0462,10.24432/C5PK67
172.38,13.609999999999999,172.37,156.75999999999999,4.1399999999999997,1006.3,856.39999999999998,100,37.679863400000002,recipe_9be7216cf467260877d0a627031073b96b14d088ddc4ad34ada6b365d87dda0e,uci165-0463,10.24432/C5PK67
173.53999999999999,50.049999999999997,173.53,164.77000000000001,6.4699999999999998,1006.2,793.5,100,56.061293559999996,recipe_5be43094fef798e8efd38614c92d650ac070907818f05edc5a4248b66d3005f2,uci165-0464,10.24432/C5PK67
167,75.400000000000006,167,164.03,7.9100000000000001,1007.3,770.10000000000002,100,56.812822400000002,recipe_48f26852edc7a22e688e7b662431a4f6a038c1e721cb5ce98fd5a0d3943432e6,uci165-0465,10.24432/C5PK67
173.81,93.370000000000005,159.90000000000001,172.34,9.7300000000000004,1007.2,746.60000000000002,100,50.938486879999999,recipe_2ce61884bb108d2e2e680820dc66d3099b6d3b8f515d652c3ecc05aa72a503d8,uci165-0466,10.24432/C5PK67
190.34,0,125.18000000000001,166.61000000000001,9.8800000000000008,1079,798.89999999999998,100,33.563691679999998,recipe_3670c420e9d6267714a3c3d30d5a7f659c44482d9d0ef82e8b613cf1d1f9ce05,uci165-0467,10.24432/C5PK67
250,0,95.689999999999998,191.84,5.3300000000000001,948.89999999999998,857.20000000000005,100,41.161717199999998,recipe_2a3f0a88e9f6dec16e6cf824ee08ec229b91928046576f31de17db00f58bc758,uci165-0468,10.24432/C5PK67
213.5,0,174.24000000000001,159.21000000000001,11.66,1043.5999999999999,771.89999999999998,100,52.95865156,recipe_d4ed3bdc43ee32021067db660492971bcee3bc29b9c8d0bf38661a8fdb66ec0a,uci165-0469,10.24432/C5PK67
194.68000000000001,0,100.52,170.16999999999999,7.4800000000000004,998,901.79999999999995,100,44.278148719999997,recipe_e0c8feb0383dd9b665a29b1373e5744e2ce48291377d1478c220097d26c2fe06,uci165-0470,10.24432/C5PK67
251.37,0,118.27,192.94,5.75,1043.5999999999999,754.29999999999995,100,40.148187479999997,recipe_af3bf34b028fdb2764a884f37fdffd5a776203385998f7e5c0fb3ba5380bbb54,uci165-0471,10.24432/C5PK67
446,24,79,162,11.609999999999999,967,712,28,57.02655996,recipe_8c1bb58c64e3c0490ee5502b718d19a9c7f2baf8a8db495c2a20a5fc38a60107,uci165-0472,10.24432/C5PK67
446,24,79,162,11.640000000000001,967,712,28,44.422938680000001,recipe_9e7d383a6649c560c00d296c815802bc652a994e20f2e6451c031c8a809b0df8,uci165-0473,10.24432/C5PK67
446,24,79,162,11.640000000000001,967,712,28,51.021223999999997,recipe_9e7d383a6649c560c00d296c815802bc652a994e20f2e6451c031c8a809b0df8,uci165-0474,10.24432/C5PK67
446,24,79,162,10.300000000000001,967,712,28,53.386126679999997,recipe_f3c9a1214455e7f4ee167d2f9031ca3a0aab3e9a7a0aec02abec5feaadec289e,uci165-0475,10.24432/C5PK67
446,24,79,162,11.609999999999999,967,712,3,35.363224039999999,recipe_8c1bb58c64e3c0490ee5502b718d19a9c7f2baf8a8db495c2a20a5fc38a60107,uci165-0476,10.24432/C5PK67
446,24,79,162,11.640000000000001,967,712,3,25.021084039999998,recipe_9e7d383a6649c560c00d296c815802bc652a994e20f2e6451c031c8a809b0df8,uci165-0477,10.24432/C5PK67
446,24,79,162,11.640000000000001,967,712,3,23.345657360000001,recipe_9e7d383a6649c560c00d296c815802bc652a994e20f2e6451c031c8a809b0df8,uci165-0478,10.24432/C5PK67
446,24,79,162,11.609999999999999,967,712,7,52.007174679999999,recipe_8c1bb58c64e3c0490ee5502b718d19a9c7f2baf8a8db495c2a20a5fc38a60107,uci165-0479,10.24432/C5PK67
446,24,79,162,11.640000000000001,967,712,7,38.01770664,recipe_9e7d383a6649c560c00d296c815802bc652a994e20f2e6451c031c8a809b0df8,uci165-0480,10.24432/C5PK67
446,24,79,162,11.640000000000001,967,712,7,39.300131999999998,recipe_9e7d383a6649c560c00d296c815802bc652a994e20f2e6451c031c8a809b0df8,uci165-0481,10.24432/C5PK67
446,24,79,162,11.609999999999999,967,712,56,61.066889320000001,recipe_8c1bb58c64e3c0490ee5502b718d19a9c7f2baf8a8db495c2a20a5fc38a60107,uci165-0482,10.24432/C5PK67
446,24,79,162,11.640000000000001,967,712,56,56.14403068,recipe_9e7d383a6649c560c00d296c815802bc652a994e20f2e6451c031c8a809b0df8,uci165-0483,10.24432/C5PK67
446,24,79,162,11.640000000000001,967,712,56,55.254606639999999,recipe_9e7d383a6649c560c00d296c815802bc652a994e20f2e6451c031c8a809b0df8,uci165-0484,10.24432/C5PK67
446,24,79,162,10.300000000000001,967,712,56,54.765078679999995,recipe_f3c9a1214455e7f4ee167d2f9031ca3a0aab3e9a7a0aec02abec5feaadec289e,uci165-0485,10.24432/C5PK67
387,20,94,157,14.32,938,845,28,50.235221359999997,recipe_a5bed7bedf3b6762dcfda4a4d8fe68a90385714612f47741849f6f5e39b59b39,uci165-0486,10.24432/C5PK67
387,20,94,157,13.93,938,845,28,46.68441996,recipe_77282a7cadf32ba1387dfdc4bc3c7a9b6b57625d7d0271945c500746f0941a4c,uci165-0487,10.24432/C5PK67
387,20,94,157,11.609999999999999,938,845,28,46.68441996,recipe_2a53bfb93fb6e9a51fba193607d38bcd37b761276e83a4e4264cad84d82ddeab,uci165-0488,10.24432/C5PK67
387,20,94,157,14.32,938,845,3,22.752707999999998,recipe_a5bed7bedf3b6762dcfda4a4d8fe68a90385714612f47741849f6f5e39b59b39,uci165-0489,10.24432/C5PK67
387,20,94,157,13.93,938,845,3,25.510611999999998,recipe_77282a7cadf32ba1387dfdc4bc3c7a9b6b57625d7d0271945c500746f0941a4c,uci165-0490,10.24432/C5PK67
387,20,94,157,11.609999999999999,938,845,3,34.77027468,recipe_2a53bfb93fb6e9a51fba193607d38bcd37b761276e83a4e4264cad84d82ddeab,uci165-0491,10.24432/C5PK67
387,20,94,157,14.32,938,845,7,36.838702679999997,recipe_a5bed7bedf3b6762dcfda4a4d8fe68a90385714612f47741849f6f5e39b59b39,uci165-0492,10.24432/C5PK67
387,20,94,157,13.93,938,845,7,45.89841732,recipe_77282a7cadf32ba1387dfdc4bc3c7a9b6b57625d7d0271945c500746f0941a4c,uci165-0493,10.24432/C5PK67
387,20,94,157,11.609999999999999,938,845,7,41.665034679999998,recipe_2a53bfb93fb6e9a51fba193607d38bcd37b761276e83a4e4264cad84d82ddeab,uci165-0494,10.24432/C5PK67
387,20,94,157,14.32,938,845,56,56.337083960000001,recipe_a5bed7bedf3b6762dcfda4a4d8fe68a90385714612f47741849f6f5e39b59b39,uci165-0495,10.24432/C5PK67
387,20,94,157,13.93,938,845,56,47.966845319999997,recipe_77282a7cadf32ba1387dfdc4bc3c7a9b6b57625d7d0271945c500746f0941a4c,uci165-0496,10.24432/C5PK67
387,20,94,157,11.609999999999999,938,845,56,61.459890639999998,recipe_2a53bfb93fb6e9a51fba193607d38bcd37b761276e83a4e4264cad84d82ddeab,uci165-0497,10.24432/C5PK67
355,19,97,145,13.130000000000001,967,871,28,44.029937359999998,recipe_78b4e9e44817a37c42f9fde46b89d868030fc5bdff906b2d54e4e21e5e10cd91,uci165-0498,10.24432/C5PK67
355,19,97,145,12.25,967,871,28,55.454554680000001,recipe_5babea01d43d11c2ccc1425878ddcd098e0844c6b65f06bd2d5bbd56e7aeefc5,uci165-0499,10.24432/C5PK67
491,26,123,210,3.9300000000000002,882,699,28,55.551081320000002,recipe_df79002d60197d2cf49bdab8f75bbdbb5feb19060bc01a87a6fa37a136a5647d,uci165-0500,10.24432/C5PK67
491,26,123,201,3.9300000000000002,822,699,28,57.915983999999995,recipe_0362f50ac5f650c203ee79a8079627fa26403011283f367f792ba5dbe52e5999,uci165-0501,10.24432/C5PK67
491,26,123,210,3.9300000000000002,882,699,3,25.609108569458641,recipe_df79002d60197d2cf49bdab8f75bbdbb5feb19060bc01a87a6fa37a136a5647d,uci165-0502,10.24432/C5PK67
491,26,123,210,3.9300000000000002,882,699,7,33.488834284729315,recipe_df79002d60197d2cf49bdab8f75bbdbb5feb19060bc01a87a6fa37a136a5647d,uci165-0503,10.24432/C5PK67
491,26,123,210,3.9300000000000002,882,699,56,59.590425715270676,recipe_df79002d60197d2cf49bdab8f75bbdbb5feb19060bc01a87a6fa37a136a5647d,uci165-0504,10.24432/C5PK67
491,26,123,201,3.9300000000000002,822,699,3,29.548971430541361,recipe_0362f50ac5f650c203ee79a8079627fa26403011283f367f792ba5dbe52e5999,uci165-0505,10.24432/C5PK67
491,26,123,201,3.9300000000000002,822,699,7,37.92118,recipe_0362f50ac5f650c203ee79a8079627fa26403011283f367f792ba5dbe52e5999,uci165-0506,10.24432/C5PK67
491,26,123,201,3.9300000000000002,822,699,56,61.855846854187959,recipe_0362f50ac5f650c203ee79a8079627fa26403011283f367f792ba5dbe52e5999,uci165-0507,10.24432/C5PK67
424,22,132,178,8.4800000000000004,822,750,28,62.052839999999996,recipe_5bf13fbf50f5b89cbdc8560b10324b5db3026a30cfe14490b627b6469051a1e3,uci165-0508,10.24432/C5PK67
424,22,132,178,8.4800000000000004,882,750,3,32.011385715270677,recipe_818b1456bd146c6361f6ba5d1ce9295bf3098e45e8e30df0c16542890e16d9d8,uci165-0509,10.24432/C5PK67
424,22,132,168,8.9199999999999999,822,750,28,72.098505320000001,recipe_21b72a3373fdbdf948b148dc3cf4ab3718a21a608b4488ca1ccfa138664f231c,uci165-0510,10.24432/C5PK67
424,22,132,178,8.4800000000000004,822,750,7,39.004642284729314,recipe_5bf13fbf50f5b89cbdc8560b10324b5db3026a30cfe14490b627b6469051a1e3,uci165-0511,10.24432/C5PK67
424,22,132,178,8.4800000000000004,822,750,56,65.697213145812029,recipe_5bf13fbf50f5b89cbdc8560b10324b5db3026a30cfe14490b627b6469051a1e3,uci165-0512,10.24432/C5PK67
424,22,132,168,8.9199999999999999,822,750,3,32.109882284729316,recipe_21b72a3373fdbdf948b148dc3cf4ab3718a21a608b4488ca1ccfa138664f231c,uci165-0513,10.24432/C5PK67
424,22,132,168,8.9199999999999999,822,750,7,40.28509771527068,recipe_21b72a3373fdbdf948b148dc3cf4ab3718a21a608b4488ca1ccfa138664f231c,uci165-0514,10.24432/C5PK67
424,22,132,168,8.9199999999999999,822,750,56,74.364911458120403,recipe_21b72a3373fdbdf948b148dc3cf4ab3718a21a608b4488ca1ccfa138664f231c,uci165-0515,10.24432/C5PK67
202,11,141,206,1.72,942,801,28,21.966705359999999,recipe_79b25daa5298099eff64ff13c3adcad9b8405ec8091d24dac87885efa389dda5,uci165-0516,10.24432/C5PK67
202,11,141,206,1.72,942,801,3,9.8496571458120403,recipe_79b25daa5298099eff64ff13c3adcad9b8405ec8091d24dac87885efa389dda5,uci165-0517,10.24432/C5PK67
202,11,141,206,1.72,942,801,7,15.069975430541358,recipe_79b25daa5298099eff64ff13c3adcad9b8405ec8091d24dac87885efa389dda5,uci165-0518,10.24432/C5PK67
202,11,141,206,1.72,942,801,56,23.24519085418796,recipe_79b25daa5298099eff64ff13c3adcad9b8405ec8091d24dac87885efa389dda5,uci165-0519,10.24432/C5PK67
284,15,141,179,5.46,842,801,28,43.733462679999995,recipe_701cd268fed7d5a97b2aa3b4dbb5701b2357005ca39956ad1755c620eb22e472,uci165-0520,10.24432/C5PK67
284,15,141,179,5.46,842,801,3,13.395533715270679,recipe_701cd268fed7d5a97b2aa3b4dbb5701b2357005ca39956ad1755c620eb22e472,uci165-0521,10.24432/C5PK67
284,15,141,179,5.46,842,801,7,24.13166,recipe_701cd268fed7d5a97b2aa3b4dbb5701b2357005ca39956ad1755c620eb22e472,uci165-0522,10.24432/C5PK67
284,15,141,179,5.46,842,801,56,44.520450284729314,recipe_701cd268fed7d5a97b2aa3b4dbb5701b2357005ca39956ad1755c620eb22e472,uci165-0523,10.24432/C5PK67
359,19,141,154,10.91,942,801,28,62.935369279999996,recipe_112ae03c7833f4e076232761bc8a965ee8d708d3fef806726dacf95a35ee8827,uci165-0524,10.24432/C5PK67
359,19,141,154,10.91,942,801,28,59.494884039999995,recipe_112ae03c7833f4e076232761bc8a965ee8d708d3fef806726dacf95a35ee8827,uci165-0525,10.24432/C5PK67
359,19,141,154,10.91,942,801,3,25.116625715270679,recipe_112ae03c7833f4e076232761bc8a965ee8d708d3fef806726dacf95a35ee8827,uci165-0526,10.24432/C5PK67
359,19,141,154,10.91,942,801,3,23.639177145812038,recipe_112ae03c7833f4e076232761bc8a965ee8d708d3fef806726dacf95a35ee8827,uci165-0527,10.24432/C5PK67
359,19,141,154,10.91,942,801,7,35.754255430541363,recipe_112ae03c7833f4e076232761bc8a965ee8d708d3fef806726dacf95a35ee8827,uci165-0528,10.24432/C5PK67
359,19,141,154,10.91,942,801,7,38.610655999999999,recipe_112ae03c7833f4e076232761bc8a965ee8d708d3fef806726dacf95a35ee8827,uci165-0529,10.24432/C5PK67
359,19,141,154,10.91,942,801,56,68.750606854187964,recipe_112ae03c7833f4e076232761bc8a965ee8d708d3fef806726dacf95a35ee8827,uci165-0530,10.24432/C5PK67
359,19,141,154,10.91,942,801,56,66.780675430541365,recipe_112ae03c7833f4e076232761bc8a965ee8d708d3fef806726dacf95a35ee8827,uci165-0531,10.24432/C5PK67
436,0,0,218,0,838.39999999999998,719.70000000000005,28,23.84897484,recipe_86db32782e07d4e303e980f5b859c24e798a02baa3de23b585c7f48c8d6de13f,uci165-0532,10.24432/C5PK67
289,0,0,192,0,913.20000000000005,895.29999999999995,90,32.068218236,recipe_c68ae6d5ea5444c33de67d5315ef749153518df67d3b355f8561846cc7d20872,uci165-0533,10.24432/C5PK67
289,0,0,192,0,913.20000000000005,895.29999999999995,3,11.654902304,recipe_c68ae6d5ea5444c33de67d5315ef749153518df67d3b355f8561846cc7d20872,uci165-0534,10.24432/C5PK67
393,0,0,192,0,940.60000000000002,785.60000000000002,3,19.199148695999998,recipe_05ad5dd178ab022ecb2b86c1e41e8a7929e5990667b2494e5edec0709542b81e,uci165-0535,10.24432/C5PK67
393,0,0,192,0,940.60000000000002,785.60000000000002,90,48.846616695999998,recipe_05ad5dd178ab022ecb2b86c1e41e8a7929e5990667b2494e5edec0709542b81e,uci165-0536,10.24432/C5PK67
393,0,0,192,0,940.60000000000002,785.60000000000002,28,39.604880391999998,recipe_05ad5dd178ab022ecb2b86c1e41e8a7929e5990667b2494e5edec0709542b81e,uci165-0537,10.24432/C5PK67
480,0,0,192,0,936.20000000000005,712.20000000000005,28,43.942373908,recipe_f32b4be285c5ac5d02497454277782c75e9e9b1adc76e7e6d281a539e9d509b3,uci165-0538,10.24432/C5PK67
480,0,0,192,0,936.20000000000005,712.20000000000005,7,34.569637164,recipe_f32b4be285c5ac5d02497454277782c75e9e9b1adc76e7e6d281a539e9d509b3,uci165-0539,10.24432/C5PK67
480,0,0,192,0,936.20000000000005,712.20000000000005,90,54.315540327999997,recipe_f32b4be285c5ac5d02497454277782c75e9e9b1adc76e7e6d281a539e9d509b3,uci165-0540,10.24432/C5PK67
480,0,0,192,0,936.20000000000005,712.20000000000005,3,24.404692495999999,recipe_f32b4be285c5ac5d02497454277782c75e9e9b1adc76e7e6d281a539e9d509b3,uci165-0541,10.24432/C5PK67
333,0,0,192,0,931.20000000000005,842.60000000000002,3,15.615941923999999,recipe_9a04083f27c02f41ffab13e13ef12521c06728fc2c7d090bba632d28e9d43e24,uci165-0542,10.24432/C5PK67
255,0,0,192,0,889.79999999999995,945,90,21.859147104000002,recipe_53239596a7355c059b97a28fe5e78d4e96644288618098ca33a782bd1bb0a127,uci165-0543,10.24432/C5PK67
255,0,0,192,0,889.79999999999995,945,7,10.222171176,recipe_53239596a7355c059b97a28fe5e78d4e96644288618098ca33a782bd1bb0a127,uci165-0544,10.24432/C5PK67
289,0,0,192,0,913.20000000000005,895.29999999999995,7,14.596896395999998,recipe_c68ae6d5ea5444c33de67d5315ef749153518df67d3b355f8561846cc7d20872,uci165-0545,10.24432/C5PK67
255,0,0,192,0,889.79999999999995,945,28,18.746162964,recipe_53239596a7355c059b97a28fe5e78d4e96644288618098ca33a782bd1bb0a127,uci165-0546,10.24432/C5PK67
333,0,0,192,0,931.20000000000005,842.60000000000002,28,31.966865263999996,recipe_9a04083f27c02f41ffab13e13ef12521c06728fc2c7d090bba632d28e9d43e24,uci165-0547,10.24432/C5PK67
333,0,0,192,0,931.20000000000005,842.60000000000002,7,23.404952295999998,recipe_9a04083f27c02f41ffab13e13ef12521c06728fc2c7d090bba632d28e9d43e24,uci165-0548,10.24432/C5PK67
289,0,0,192,0,913.20000000000005,895.29999999999995,28,25.573354316,recipe_c68ae6d5ea5444c33de67d5315ef749153518df67d3b355f8561846cc7d20872,uci165-0549,10.24432/C5PK67
333,0,0,192,0,931.20000000000005,842.60000000000002,90,41.680203151999997,recipe_9a04083f27c02f41ffab13e13ef12521c06728fc2c7d090bba632d28e9d43e24,uci165-0550,10.24432/C5PK67
393,0,0,192,0,940.60000000000002,785.60000000000002,7,27.742445811999996,recipe_05ad5dd178ab022ecb2b86c1e41e8a7929e5990667b2494e5edec0709542b81e,uci165-0551,10.24432/C5PK67
255,0,0,192,0,889.79999999999995,945,3,8.2040749240000004,recipe_53239596a7355c059b97a28fe5e78d4e96644288618098ca33a782bd1bb0a127,uci165-0552,10.24432/C5PK67
158.80000000000001,238.19999999999999,0,185.69999999999999,0,1040.5999999999999,734.29999999999995,7,9.617500724000001,recipe_33f3116a786f083380cdc21833d5ec7bc6680eb3d720c42d73dbae39f72e1c27,uci165-0553,10.24432/C5PK67
239.59999999999999,359.39999999999998,0,185.69999999999999,0,941.60000000000002,664.29999999999995,7,25.422359071999999,recipe_f28e323e5c7d5b3d4b3b95b89371a9671c55bda97468d44250e437c120dbb011,uci165-0554,10.24432/C5PK67
238.19999999999999,158.80000000000001,0,185.69999999999999,0,1040.5999999999999,734.29999999999995,7,15.691094808000001,recipe_29e2a7f7851685ae76e06387d89fde68e302dc0b97e686b50963c9f9c290c137,uci165-0555,10.24432/C5PK67
181.90000000000001,272.80000000000001,0,185.69999999999999,0,1012.4,714.29999999999995,28,27.935499091999997,recipe_f993efd6a701689b90be3b2a81f49f5b431f6d9beb7b89ad513f0a9b094489e2,uci165-0556,10.24432/C5PK67
193.5,290.19999999999999,0,185.69999999999999,0,998.20000000000005,704.29999999999995,28,32.626693796000005,recipe_12c44932c37996175c66e8084432501235ba11851d84f7f7d5c9785a7f661c84,uci165-0557,10.24432/C5PK67
255.5,170.30000000000001,0,185.69999999999999,0,1026.5999999999999,724.29999999999995,7,17.236210524000001,recipe_37e8a1228973bb2a772a9a233a9e701b7b5b5bdb9598e37b69f440f50bfe4d91,uci165-0558,10.24432/C5PK67
272.80000000000001,181.90000000000001,0,185.69999999999999,0,1012.4,714.29999999999995,7,19.765208491999999,recipe_46ed305be8a067b6f7171d788338d417ef69e2d8322bc0d301759799362f7835,uci165-0559,10.24432/C5PK67
239.59999999999999,359.39999999999998,0,185.69999999999999,0,941.60000000000002,664.29999999999995,28,39.435269296000001,recipe_f28e323e5c7d5b3d4b3b95b89371a9671c55bda97468d44250e437c120dbb011,uci165-0560,10.24432/C5PK67
220.80000000000001,147.19999999999999,0,185.69999999999999,0,1055,744.29999999999995,28,25.745033839999998,recipe_7408437ec09bfa2f83664c4a767b5b88c5f9cca1cf152bdfa1b58c9a23c9d5b6,uci165-0561,10.24432/C5PK67
397,0,0,185.69999999999999,0,1040.5999999999999,734.29999999999995,28,33.082437431999999,recipe_a8c4c9384090a08e3e0b130ddae99f1e8309f48c1369563b9a7737c70f9ff50c,uci165-0562,10.24432/C5PK67
382.5,0,0,185.69999999999999,0,1047.8,739.29999999999995,7,24.065470304000002,recipe_8fd288ca759b8b780a8f2e11e15bdd19b0822dbd2ee8b050cae3a6d071cf0a27,uci165-0563,10.24432/C5PK67
210.69999999999999,316.10000000000002,0,185.69999999999999,0,977,689.29999999999995,7,21.819846971999997,recipe_fe6584771d35167b3e988d7e8cdff4be5f1c022672ff9e41ac8cdb9c78a2ccf7,uci165-0564,10.24432/C5PK67
158.80000000000001,238.19999999999999,0,185.69999999999999,0,1040.5999999999999,734.29999999999995,28,21.066249704000001,recipe_33f3116a786f083380cdc21833d5ec7bc6680eb3d720c42d73dbae39f72e1c27,uci165-0565,10.24432/C5PK67
295.80000000000001,0,0,185.69999999999999,0,1091.4000000000001,769.29999999999995,7,14.843728803999999,recipe_32ebb5a9fcfb33a0fcc3d67c9879bfbd5fa1607e7692c4d5c6a3b9be7739050a,uci165-0566,10.24432/C5PK67
255.5,170.30000000000001,0,185.69999999999999,0,1026.5999999999999,724.29999999999995,28,32.051670811999998,recipe_37e8a1228973bb2a772a9a233a9e701b7b5b5bdb9598e37b69f440f50bfe4d91,uci165-0567,10.24432/C5PK67
203.5,135.69999999999999,0,185.69999999999999,0,1076.2,759.29999999999995,7,11.957582267999999,recipe_432e6cb5fa852c18a248b6cb9489b1c8a6616ffc444279959985d18e1b1eb754,uci165-0568,10.24432/C5PK67
397,0,0,185.69999999999999,0,1040.5999999999999,734.29999999999995,7,25.447869684,recipe_a8c4c9384090a08e3e0b130ddae99f1e8309f48c1369563b9a7737c70f9ff50c,uci165-0569,10.24432/C5PK67
381.39999999999998,0,0,185.69999999999999,0,1104.5999999999999,784.29999999999995,28,22.489328168,recipe_96cdcb3410eb140b0c926687dd4da244ca77db1f5cef71e7589f5479ebbee6bf,uci165-0570,10.24432/C5PK67
295.80000000000001,0,0,185.69999999999999,0,1091.4000000000001,769.29999999999995,28,25.216895223999998,recipe_32ebb5a9fcfb33a0fcc3d67c9879bfbd5fa1607e7692c4d5c6a3b9be7739050a,uci165-0571,10.24432/C5PK67
228,342.10000000000002,0,185.69999999999999,0,955.79999999999995,674.29999999999995,28,39.699338603999998,recipe_cd2ea2d2463aa9dc809141008d85bafd22251511e7a83e7a31ca159a20080fde,uci165-0572,10.24432/C5PK67
220.80000000000001,147.19999999999999,0,185.69999999999999,0,1055,744.29999999999995,7,13.089012384,recipe_7408437ec09bfa2f83664c4a767b5b88c5f9cca1cf152bdfa1b58c9a23c9d5b6,uci165-0573,10.24432/C5PK67
316.10000000000002,210.69999999999999,0,185.69999999999999,0,977,689.29999999999995,28,38.700287879999998,recipe_a6184d5eb0568053a7088cc58a75c71262cbcc7e003dd4d6f31e74b086a3de20,uci165-0574,10.24432/C5PK67
135.69999999999999,203.5,0,185.69999999999999,0,1076.2,759.29999999999995,7,7.507014687999999,recipe_0a1515ddbd698be6e5dda8f8c636c704ebf5da5f737361e751d886c1f74a2b6b,uci165-0575,10.24432/C5PK67
238.09999999999999,0,0,185.69999999999999,0,1118.8,789.29999999999995,28,17.576122192,recipe_3485cdd6699126988d292da270d185cd561ce24359ef5dce946a286f9255c9a8,uci165-0576,10.24432/C5PK67
339.19999999999999,0,0,185.69999999999999,0,1069.2,754.29999999999995,7,21.179323768,recipe_df8251828b5f8c14a30627df856ab2e9e7f66b0b1ab695e29bc2f4c1bc0173bb,uci165-0577,10.24432/C5PK67
135.69999999999999,203.5,0,185.69999999999999,0,1076.2,759.29999999999995,28,18.198719019999999,recipe_0a1515ddbd698be6e5dda8f8c636c704ebf5da5f737361e751d886c1f74a2b6b,uci165-0578,10.24432/C5PK67
193.5,290.19999999999999,0,185.69999999999999,0,998.20000000000005,704.29999999999995,7,17.200357771999997,recipe_12c44932c37996175c66e8084432501235ba11851d84f7f7d5c9785a7f661c84,uci165-0579,10.24432/C5PK67
203.5,135.69999999999999,0,185.69999999999999,0,1076.2,759.29999999999995,28,22.629981271999998,recipe_432e6cb5fa852c18a248b6cb9489b1c8a6616ffc444279959985d18e1b1eb754,uci165-0580,10.24432/C5PK67
290.19999999999999,193.5,0,185.69999999999999,0,998.20000000000005,704.29999999999995,7,21.859147104000002,recipe_5d1b86da699df18c42ef6aec2ad4e85e0fb5184129613c7fb15faf3e0cc4c331,uci165-0581,10.24432/C5PK67
181.90000000000001,272.80000000000001,0,185.69999999999999,0,1012.4,714.29999999999995,7,12.37264682,recipe_f993efd6a701689b90be3b2a81f49f5b431f6d9beb7b89ad513f0a9b094489e2,uci165-0582,10.24432/C5PK67
170.30000000000001,155.5,0,185.69999999999999,0,1026.5999999999999,724.29999999999995,28,25.726417988000001,recipe_a828aabcdb36d09dc0d081cdb84c1a8e7badf8fec7ca325d341fa2bde2c42321,uci165-0583,10.24432/C5PK67
210.69999999999999,316.10000000000002,0,185.69999999999999,0,977,689.29999999999995,28,37.813621743999995,recipe_fe6584771d35167b3e988d7e8cdff4be5f1c022672ff9e41ac8cdb9c78a2ccf7,uci165-0584,10.24432/C5PK67
228,342.10000000000002,0,185.69999999999999,0,955.79999999999995,674.29999999999995,7,21.917063087999999,recipe_cd2ea2d2463aa9dc809141008d85bafd22251511e7a83e7a31ca159a20080fde,uci165-0585,10.24432/C5PK67
290.19999999999999,193.5,0,185.69999999999999,0,998.20000000000005,704.29999999999995,28,33.043137299999998,recipe_5d1b86da699df18c42ef6aec2ad4e85e0fb5184129613c7fb15faf3e0cc4c331,uci165-0586,10.24432/C5PK67
381.39999999999998,0,0,185.69999999999999,0,1104.5999999999999,784.29999999999995,7,14.54104884,recipe_96cdcb3410eb140b0c926687dd4da244ca77db1f5cef71e7589f5479ebbee6bf,uci165-0587,10.24432/C5PK67
238.19999999999999,158.80000000000001,0,185.69999999999999,0,1040.5999999999999,734.29999999999995,28,26.913695659999998,recipe_29e2a7f7851685ae76e06387d89fde68e302dc0b97e686b50963c9f9c290c137,uci165-0588,10.24432/C5PK67
186.19999999999999,124.09999999999999,0,185.69999999999999,0,1083.4000000000001,764.29999999999995,7,7.9958531720000003,recipe_746b90a12fbe3ac6598fb48ec2f9c27ac6505708bc034261a94509d4815020b7,uci165-0589,10.24432/C5PK67
339.19999999999999,0,0,185.69999999999999,0,1069.2,754.29999999999995,28,31.899986091999999,recipe_df8251828b5f8c14a30627df856ab2e9e7f66b0b1ab695e29bc2f4c1bc0173bb,uci165-0590,10.24432/C5PK67
238.09999999999999,0,0,185.69999999999999,0,1118.8,789.29999999999995,7,10.335934715999999,recipe_3485cdd6699126988d292da270d185cd561ce24359ef5dce946a286f9255c9a8,uci165-0591,10.24432/C5PK67
252.5,0,0,185.69999999999999,0,1111.5999999999999,784.29999999999995,28,19.765208491999999,recipe_c245ad2d1bf51817c6fe8c95d76b274dc77ba70c49632a3db59a6e44fa17a4ac,uci165-0592,10.24432/C5PK67
382.5,0,0,185.69999999999999,0,1047.8,739.29999999999995,28,37.437857323999999,recipe_8fd288ca759b8b780a8f2e11e15bdd19b0822dbd2ee8b050cae3a6d071cf0a27,uci165-0593,10.24432/C5PK67
252.5,0,0,185.69999999999999,0,1111.5999999999999,784.29999999999995,7,11.483912255999998,recipe_c245ad2d1bf51817c6fe8c95d76b274dc77ba70c49632a3db59a6e44fa17a4ac,uci165-0594,10.24432/C5PK67
316.10000000000002,210.69999999999999,0,185.69999999999999,0,977,689.29999999999995,7,24.437787344,recipe_a6184d5eb0568053a7088cc58a75c71262cbcc7e003dd4d6f31e74b086a3de20,uci165-0595,10.24432/C5PK67
186.19999999999999,124.09999999999999,0,185.69999999999999,0,1083.4000000000001,764.29999999999995,28,17.596806471999997,recipe_746b90a12fbe3ac6598fb48ec2f9c27ac6505708bc034261a94509d4815020b7,uci165-0596,10.24432/C5PK67
170.30000000000001,155.5,0,185.69999999999999,0,1026.5999999999999,724.29999999999995,7,10.730314988,recipe_a828aabcdb36d09dc0d081cdb84c1a8e7badf8fec7ca325d341fa2bde2c42321,uci165-0597,10.24432/C5PK67
272.80000000000001,181.90000000000001,0,185.69999999999999,0,1012.4,714.29999999999995,28,31.38150014,recipe_46ed305be8a067b6f7171d788338d417ef69e2d8322bc0d301759799362f7835,uci165-0598,10.24432/C5PK67
339,0,0,197,0,968,781,3,13.22414968,recipe_5f13349b6fe3206e92b6e4abdff97b2fce0810509a0c1457a3746a893fefdc18,uci165-0599,10.24432/C5PK67
339,0,0,197,0,968,781,7,20.966965160000001,recipe_5f13349b6fe3206e92b6e4abdff97b2fce0810509a0c1457a3746a893fefdc18,uci165-0600,10.24432/C5PK67
339,0,0,197,0,968,781,14,27.041248719999999,recipe_5f13349b6fe3206e92b6e4abdff97b2fce0810509a0c1457a3746a893fefdc18,uci165-0601,10.24432/C5PK67
339,0,0,197,0,968,781,28,32.039949719999996,recipe_5f13349b6fe3206e92b6e4abdff97b2fce0810509a0c1457a3746a893fefdc18,uci165-0602,10.24432/C5PK67
339,0,0,197,0,968,781,90,35.170170759999998,recipe_5f13349b6fe3206e92b6e4abdff97b2fce0810509a0c1457a3746a893fefdc18,uci165-0603,10.24432/C5PK67
339,0,0,197,0,968,781,180,36.445701360000001,recipe_5f13349b6fe3206e92b6e4abdff97b2fce0810509a0c1457a3746a893fefdc18,uci165-0604,10.24432/C5PK67
339,0,0,197,0,968,781,365,38.893341159999999,recipe_5f13349b6fe3206e92b6e4abdff97b2fce0810509a0c1457a3746a893fefdc18,uci165-0605,10.24432/C5PK67
236,0,0,194,0,968,885,3,6.4672848799999993,recipe_397f434e712e9f6255b2ee3730083270bbdc7d3412d32956d6444202401a3dbd,uci165-0606,10.24432/C5PK67
236,0,0,194,0,968,885,14,12.83804312,recipe_397f434e712e9f6255b2ee3730083270bbdc7d3412d32956d6444202401a3dbd,uci165-0607,10.24432/C5PK67
236,0,0,194,0,968,885,28,18.415903959999998,recipe_397f434e712e9f6255b2ee3730083270bbdc7d3412d32956d6444202401a3dbd,uci165-0608,10.24432/C5PK67
236,0,0,194,0,968,885,90,21.946021079999998,recipe_397f434e712e9f6255b2ee3730083270bbdc7d3412d32956d6444202401a3dbd,uci165-0609,10.24432/C5PK67
236,0,0,193,0,968,885,180,24.104080959999997,recipe_9ff96fa377f7278257cdb8073978c698a9a49b31b1c56eadcf9e829811416e0e,uci165-0610,10.24432/C5PK67
236,0,0,193,0,968,885,365,25.083136879999998,recipe_9ff96fa377f7278257cdb8073978c698a9a49b31b1c56eadcf9e829811416e0e,uci165-0611,10.24432/C5PK67
277,0,0,191,0,968,856,14,21.26343984,recipe_44363ae98b3d47932f6d08df93f07e79ca7f0afb6897f00f5d66cd22e40acebe,uci165-0612,10.24432/C5PK67
277,0,0,191,0,968,856,28,25.965666159999998,recipe_44363ae98b3d47932f6d08df93f07e79ca7f0afb6897f00f5d66cd22e40acebe,uci165-0613,10.24432/C5PK67
277,0,0,191,0,968,856,3,11.36256448,recipe_44363ae98b3d47932f6d08df93f07e79ca7f0afb6897f00f5d66cd22e40acebe,uci165-0614,10.24432/C5PK67
277,0,0,191,0,968,856,90,31.25394708,recipe_44363ae98b3d47932f6d08df93f07e79ca7f0afb6897f00f5d66cd22e40acebe,uci165-0615,10.24432/C5PK67
277,0,0,191,0,968,856,180,32.329529639999997,recipe_44363ae98b3d47932f6d08df93f07e79ca7f0afb6897f00f5d66cd22e40acebe,uci165-0616,10.24432/C5PK67
277,0,0,191,0,968,856,360,33.701586880000001,recipe_44363ae98b3d47932f6d08df93f07e79ca7f0afb6897f00f5d66cd22e40acebe,uci165-0617,10.24432/C5PK67
254,0,0,198,0,968,863,3,9.3079260000000001,recipe_30f2c0a9c65f0f3661dafeb530eee2666d5a48791a8667201b1721c321231282,uci165-0618,10.24432/C5PK67
254,0,0,198,0,968,863,90,26.944722079999998,recipe_30f2c0a9c65f0f3661dafeb530eee2666d5a48791a8667201b1721c321231282,uci165-0619,10.24432/C5PK67
254,0,0,198,0,968,863,180,27.627303319999999,recipe_30f2c0a9c65f0f3661dafeb530eee2666d5a48791a8667201b1721c321231282,uci165-0620,10.24432/C5PK67
254,0,0,198,0,968,863,365,29.785363199999999,recipe_30f2c0a9c65f0f3661dafeb530eee2666d5a48791a8667201b1721c321231282,uci165-0621,10.24432/C5PK67
307,0,0,193,0,968,812,180,34.48758952,recipe_e9b20a590d4076d31e094c28f090bc6904eb2682ff1597e00d89c98fca2976b0,uci165-0622,10.24432/C5PK67
307,0,0,193,0,968,812,365,36.149226679999998,recipe_e9b20a590d4076d31e094c28f090bc6904eb2682ff1597e00d89c98fca2976b0,uci165-0623,10.24432/C5PK67
307,0,0,193,0,968,812,3,12.541568439999999,recipe_e9b20a590d4076d31e094c28f090bc6904eb2682ff1597e00d89c98fca2976b0,uci165-0624,10.24432/C5PK67
307,0,0,193,0,968,812,28,27.530776679999999,recipe_e9b20a590d4076d31e094c28f090bc6904eb2682ff1597e00d89c98fca2976b0,uci165-0625,10.24432/C5PK67
307,0,0,193,0,968,812,90,32.922478999999996,recipe_e9b20a590d4076d31e094c28f090bc6904eb2682ff1597e00d89c98fca2976b0,uci165-0626,10.24432/C5PK67
236,0,0,193,0,968,885,7,9.9905072399999995,recipe_9ff96fa377f7278257cdb8073978c698a9a49b31b1c56eadcf9e829811416e0e,uci165-0627,10.24432/C5PK67
200,0,0,180,0,1125,845,7,7.8393421199999995,recipe_e8235fdd8d5a6da7f37c9f9fa85045789a5b4d631cb45a0097860a861ac13688,uci165-0628,10.24432/C5PK67
200,0,0,180,0,1125,845,28,12.24509376,recipe_e8235fdd8d5a6da7f37c9f9fa85045789a5b4d631cb45a0097860a861ac13688,uci165-0629,10.24432/C5PK67
225,0,0,181,0,1113,833,7,11.169511199999999,recipe_5eeff108124dfd33ac14539308476f7b4ca55bf2f8294d65b3bb29953ac4433b,uci165-0630,10.24432/C5PK67
225,0,0,181,0,1113,833,28,17.340321400000001,recipe_5eeff108124dfd33ac14539308476f7b4ca55bf2f8294d65b3bb29953ac4433b,uci165-0631,10.24432/C5PK67
325,0,0,184,0,1063,783,7,17.540269439999999,recipe_4136c854930d2d40583096ee3e469c6f8c53c742d0501f5a99f4d897e542eb20,uci165-0632,10.24432/C5PK67
325,0,0,184,0,1063,783,28,30.571365839999999,recipe_4136c854930d2d40583096ee3e469c6f8c53c742d0501f5a99f4d897e542eb20,uci165-0633,10.24432/C5PK67
275,0,0,183,0,1088,808,7,14.2032056,recipe_f8afc4a5442a4dc19d69c56b803b147c1b301884db02122434de594881ee5ba3,uci165-0634,10.24432/C5PK67
275,0,0,183,0,1088,808,28,24.497082280000001,recipe_f8afc4a5442a4dc19d69c56b803b147c1b301884db02122434de594881ee5ba3,uci165-0635,10.24432/C5PK67
300,0,0,184,0,1075,795,7,15.575262839999999,recipe_d1004d3857e969e885f80f6840896b7033c7d83c179134c9717c67934776e50c,uci165-0636,10.24432/C5PK67
300,0,0,184,0,1075,795,28,26.848195439999998,recipe_d1004d3857e969e885f80f6840896b7033c7d83c179134c9717c67934776e50c,uci165-0637,10.24432/C5PK67
375,0,0,186,0,1038,758,7,26.062192799999998,recipe_094b3a2c9d1fd3d3e6a32933db9d70cfcace50944271f8126e27e5068683237e,uci165-0638,10.24432/C5PK67
375,0,0,186,0,1038,758,28,38.210759920000001,recipe_094b3a2c9d1fd3d3e6a32933db9d70cfcace50944271f8126e27e5068683237e,uci165-0639,10.24432/C5PK67
400,0,0,187,0,1025,745,28,43.698988880000002,recipe_51ee74543b63952138ad0a4e3a5bcb94b381c5fef1d24d91cdbda20c4c922ce0,uci165-0640,10.24432/C5PK67
400,0,0,187,0,1025,745,7,30.143890719999998,recipe_51ee74543b63952138ad0a4e3a5bcb94b381c5fef1d24d91cdbda20c4c922ce0,uci165-0641,10.24432/C5PK67
250,0,0,182,0,1100,820,7,12.73462172,recipe_0f8614873bc5b48351fa6e83a2c44c43ca7cd948d52444685d6d35a9cc07cb40,uci165-0642,10.24432/C5PK67
250,0,0,182,0,1100,820,28,20.87043852,recipe_0f8614873bc5b48351fa6e83a2c44c43ca7cd948d52444685d6d35a9cc07cb40,uci165-0643,10.24432/C5PK67
350,0,0,186,0,1050,770,7,20.277489159999998,recipe_f6485ea594fc5ad9c4efd6e963720df46c269b4b0bff450d5c05ea3c7bd60c12,uci165-0644,10.24432/C5PK67
350,0,0,186,0,1050,770,28,34.294536239999999,recipe_f6485ea594fc5ad9c4efd6e963720df46c269b4b0bff450d5c05ea3c7bd60c12,uci165-0645,10.24432/C5PK67
203.5,305.30000000000001,0,203.5,0,963.39999999999998,630,7,19.539060364000001,recipe_9766edc431e17497722dcb9b2c6e3c39b4c4bd64faf61cbdb66b5ba040f237f6,uci165-0646,10.24432/C5PK67
250.19999999999999,166.80000000000001,0,203.5,0,977.60000000000002,694.10000000000002,90,47.714497103999996,recipe_11bed0fd4e284fddebc391ae0e26230594d4084bad260f3f928e3dae76e6c198,uci165-0647,10.24432/C5PK67
157,236,0,192,0,935.39999999999998,781.20000000000005,90,43.377003588000001,recipe_f91dd0c6643343b054eaeb880a0352003a42962414adf208ab54a0897fb315f7,uci165-0648,10.24432/C5PK67
141.30000000000001,212,0,203.5,0,971.79999999999995,748.5,28,29.892231979999998,recipe_62a0ec19b76b11e91453e44db81b58392177815e9452877cab20cbbbf731c8e5,uci165-0649,10.24432/C5PK67
166.80000000000001,250.19999999999999,0,203.5,0,975.60000000000002,692.60000000000002,3,6.9023442360000002,recipe_18232bf2a17676c2cc87a40f859d05cd43ff64ddfbccef62b53134b3e4daf045,uci165-0650,10.24432/C5PK67
122.59999999999999,183.90000000000001,0,203.5,0,958.20000000000005,800.10000000000002,90,33.192064116000005,recipe_cefe546e80e7229253f5b5178407aa2a1d963dcd3604a7cf0ec54edafd51630b,uci165-0651,10.24432/C5PK67
183.90000000000001,122.59999999999999,0,203.5,0,959.20000000000005,800,3,4.9035533120000006,recipe_16ddb1b4dee9a679a7f50c7f77fd2d56b9c00866fbb47d12fa9cb61f0fbee502,uci165-0652,10.24432/C5PK67
102,153,0,192,0,887,942,3,4.5650205960000001,recipe_d85cae65fbc24dc72df7d12a6e737c70fa03aa0912a1d776bb328d65d3031a75,uci165-0653,10.24432/C5PK67
102,153,0,192,0,887,942,90,25.460969728000002,recipe_d85cae65fbc24dc72df7d12a6e737c70fa03aa0912a1d776bb328d65d3031a75,uci165-0654,10.24432/C5PK67
122.59999999999999,183.90000000000001,0,203.5,0,958.20000000000005,800.10000000000002,28,24.290928955999998,recipe_cefe546e80e7229253f5b5178407aa2a1d963dcd3604a7cf0ec54edafd51630b,uci165-0655,10.24432/C5PK67
166.80000000000001,250.19999999999999,0,203.5,0,975.60000000000002,692.60000000000002,28,33.947729811999999,recipe_18232bf2a17676c2cc87a40f859d05cd43ff64ddfbccef62b53134b3e4daf045,uci165-0656,10.24432/C5PK67
200,133,0,192,0,965.39999999999998,806.20000000000005,3,11.414275179999999,recipe_c44d23558810d2a1c2cd851d4e80ca3d73c94a1fc1da951dda5796ccfc55bc4d,uci165-0657,10.24432/C5PK67
108.3,162.40000000000001,0,203.5,0,938.20000000000005,849,28,20.593958644000001,recipe_1c7be378e498550244109a7a38a74fde13103159e42f9c744c4ad15cb432fd53,uci165-0658,10.24432/C5PK67
305.30000000000001,203.5,0,203.5,0,965.39999999999998,631,7,25.893960655999997,recipe_d16163061004686c05a60e1053090d03fcac541270d80cf0c7541349f8cf2b10,uci165-0659,10.24432/C5PK67
108.3,162.40000000000001,0,203.5,0,938.20000000000005,849,90,29.231713971999998,recipe_1c7be378e498550244109a7a38a74fde13103159e42f9c744c4ad15cb432fd53,uci165-0660,10.24432/C5PK67
116,173,0,192,0,909.79999999999995,891.89999999999998,90,31.023662096000002,recipe_df0a69dde427de0383227560272ca0f9074237e3a358ced19342421e9a5d0a20,uci165-0661,10.24432/C5PK67
141.30000000000001,212,0,203.5,0,971.79999999999995,748.5,7,10.3938507,recipe_62a0ec19b76b11e91453e44db81b58392177815e9452877cab20cbbbf731c8e5,uci165-0662,10.24432/C5PK67
157,236,0,192,0,935.39999999999998,781.20000000000005,28,33.664355176000001,recipe_f91dd0c6643343b054eaeb880a0352003a42962414adf208ab54a0897fb315f7,uci165-0663,10.24432/C5PK67
133,200,0,192,0,927.39999999999998,839.20000000000005,28,27.874825204,recipe_7f045150d1e70c018851af734a1ded5326d56c5200eb7c2f6abe7b1f3d8d39d1,uci165-0664,10.24432/C5PK67
250.19999999999999,166.80000000000001,0,203.5,0,977.60000000000002,694.10000000000002,7,19.350143939999999,recipe_11bed0fd4e284fddebc391ae0e26230594d4084bad260f3f928e3dae76e6c198,uci165-0665,10.24432/C5PK67
173,116,0,192,0,946.79999999999995,856.79999999999995,7,11.392211948,recipe_a7bf00f3a6fcd191c63801aa04d3a578fc5d248ee9ee82f65bba80d42be7ef0c,uci165-0666,10.24432/C5PK67
192,288,0,192,0,929.79999999999995,716.10000000000002,3,12.788400847999998,recipe_770952b2da0d1bfa5de9c50f7f63bb083b97243db3c2d34f7d58a4f3b36c1bad,uci165-0667,10.24432/C5PK67
192,288,0,192,0,929.79999999999995,716.10000000000002,28,39.321505756000001,recipe_770952b2da0d1bfa5de9c50f7f63bb083b97243db3c2d34f7d58a4f3b36c1bad,uci165-0668,10.24432/C5PK67
153,102,0,192,0,888,943.10000000000002,3,4.7822055360000002,recipe_74ae6ba7979530d8264938ad6734e12c18b7d55e0cb8ca367834376fa8aefe2a,uci165-0669,10.24432/C5PK67
288,192,0,192,0,932,717.79999999999995,3,16.10960674,recipe_f4ddbfa88c57eb6fdddf55e686f9a1ad052cca53c5e138338b4c7ab79297cf35,uci165-0670,10.24432/C5PK67
305.30000000000001,203.5,0,203.5,0,965.39999999999998,631,28,43.377003588000001,recipe_d16163061004686c05a60e1053090d03fcac541270d80cf0c7541349f8cf2b10,uci165-0671,10.24432/C5PK67
236,157,0,192,0,972.60000000000002,749.10000000000002,7,20.416073835999999,recipe_cfe363b8582bcb4a1729878cf8bc2c71f5c6de15ae8b84184eef8990dd32bc4c,uci165-0672,10.24432/C5PK67
173,116,0,192,0,946.79999999999995,856.79999999999995,3,6.9409548919999997,recipe_a7bf00f3a6fcd191c63801aa04d3a578fc5d248ee9ee82f65bba80d42be7ef0c,uci165-0673,10.24432/C5PK67
212,141.30000000000001,0,203.5,0,973.39999999999998,750,7,15.030576799999999,recipe_3b04e37b04d1e6ac881f4a91a8aeef84c673fb1703070348fc679d88c1163509,uci165-0674,10.24432/C5PK67
236,157,0,192,0,972.60000000000002,749.10000000000002,3,13.565440299999999,recipe_cfe363b8582bcb4a1729878cf8bc2c71f5c6de15ae8b84184eef8990dd32bc4c,uci165-0675,10.24432/C5PK67
183.90000000000001,122.59999999999999,0,203.5,0,959.20000000000005,800,90,32.532925059999997,recipe_16ddb1b4dee9a679a7f50c7f77fd2d56b9c00866fbb47d12fa9cb61f0fbee502,uci165-0676,10.24432/C5PK67
166.80000000000001,250.19999999999999,0,203.5,0,975.60000000000002,692.60000000000002,7,15.748321315999998,recipe_18232bf2a17676c2cc87a40f859d05cd43ff64ddfbccef62b53134b3e4daf045,uci165-0677,10.24432/C5PK67
102,153,0,192,0,887,942,7,7.6759363079999998,recipe_d85cae65fbc24dc72df7d12a6e737c70fa03aa0912a1d776bb328d65d3031a75,uci165-0678,10.24432/C5PK67
288,192,0,192,0,932,717.79999999999995,28,38.804398756000005,recipe_f4ddbfa88c57eb6fdddf55e686f9a1ad052cca53c5e138338b4c7ab79297cf35,uci165-0679,10.24432/C5PK67
212,141.30000000000001,0,203.5,0,973.39999999999998,750,28,33.003837167999997,recipe_3b04e37b04d1e6ac881f4a91a8aeef84c673fb1703070348fc679d88c1163509,uci165-0680,10.24432/C5PK67
102,153,0,192,0,887,942,28,17.275510655999998,recipe_d85cae65fbc24dc72df7d12a6e737c70fa03aa0912a1d776bb328d65d3031a75,uci165-0681,10.24432/C5PK67
173,116,0,192,0,946.79999999999995,856.79999999999995,28,24.281965767999999,recipe_a7bf00f3a6fcd191c63801aa04d3a578fc5d248ee9ee82f65bba80d42be7ef0c,uci165-0682,10.24432/C5PK67
183.90000000000001,122.59999999999999,0,203.5,0,959.20000000000005,800,28,24.046164976,recipe_16ddb1b4dee9a679a7f50c7f77fd2d56b9c00866fbb47d12fa9cb61f0fbee502,uci165-0683,10.24432/C5PK67
133,200,0,192,0,927.39999999999998,839.20000000000005,90,36.588422891999997,recipe_7f045150d1e70c018851af734a1ded5326d56c5200eb7c2f6abe7b1f3d8d39d1,uci165-0684,10.24432/C5PK67
192,288,0,192,0,929.79999999999995,716.10000000000002,90,50.732333556,recipe_770952b2da0d1bfa5de9c50f7f63bb083b97243db3c2d34f7d58a4f3b36c1bad,uci165-0685,10.24432/C5PK67
133,200,0,192,0,927.39999999999998,839.20000000000005,7,13.664035367999999,recipe_7f045150d1e70c018851af734a1ded5326d56c5200eb7c2f6abe7b1f3d8d39d1,uci165-0686,10.24432/C5PK67
305.30000000000001,203.5,0,203.5,0,965.39999999999998,631,3,14.143910664,recipe_d16163061004686c05a60e1053090d03fcac541270d80cf0c7541349f8cf2b10,uci165-0687,10.24432/C5PK67
236,157,0,192,0,972.60000000000002,749.10000000000002,90,47.782065751999994,recipe_cfe363b8582bcb4a1729878cf8bc2c71f5c6de15ae8b84184eef8990dd32bc4c,uci165-0688,10.24432/C5PK67
108.3,162.40000000000001,0,203.5,0,938.20000000000005,849,3,2.331807832,recipe_1c7be378e498550244109a7a38a74fde13103159e42f9c744c4ad15cb432fd53,uci165-0689,10.24432/C5PK67
157,236,0,192,0,935.39999999999998,781.20000000000005,7,16.889404096,recipe_f91dd0c6643343b054eaeb880a0352003a42962414adf208ab54a0897fb315f7,uci165-0690,10.24432/C5PK67
288,192,0,192,0,932,717.79999999999995,7,23.523542167999999,recipe_f4ddbfa88c57eb6fdddf55e686f9a1ad052cca53c5e138338b4c7ab79297cf35,uci165-0691,10.24432/C5PK67
212,141.30000000000001,0,203.5,0,973.39999999999998,750,3,6.8085754999999999,recipe_3b04e37b04d1e6ac881f4a91a8aeef84c673fb1703070348fc679d88c1163509,uci165-0692,10.24432/C5PK67
212,141.30000000000001,0,203.5,0,973.39999999999998,750,90,39.700028079999996,recipe_3b04e37b04d1e6ac881f4a91a8aeef84c673fb1703070348fc679d88c1163509,uci165-0693,10.24432/C5PK67
153,102,0,192,0,888,943.10000000000002,28,17.964297179999999,recipe_74ae6ba7979530d8264938ad6734e12c18b7d55e0cb8ca367834376fa8aefe2a,uci165-0694,10.24432/C5PK67
236,157,0,192,0,972.60000000000002,749.10000000000002,28,32.884557819999998,recipe_cfe363b8582bcb4a1729878cf8bc2c71f5c6de15ae8b84184eef8990dd32bc4c,uci165-0695,10.24432/C5PK67
116,173,0,192,0,909.79999999999995,891.89999999999998,28,22.347985588,recipe_df0a69dde427de0383227560272ca0f9074237e3a358ced19342421e9a5d0a20,uci165-0696,10.24432/C5PK67
183.90000000000001,122.59999999999999,0,203.5,0,959.20000000000005,800,7,10.787541495999999,recipe_16ddb1b4dee9a679a7f50c7f77fd2d56b9c00866fbb47d12fa9cb61f0fbee502,uci165-0697,10.24432/C5PK67
108.3,162.40000000000001,0,203.5,0,938.20000000000005,849,7,7.7235101520000002,recipe_1c7be378e498550244109a7a38a74fde13103159e42f9c744c4ad15cb432fd53,uci165-0698,10.24432/C5PK67
203.5,305.30000000000001,0,203.5,0,963.39999999999998,630,28,41.684340008,recipe_9766edc431e17497722dcb9b2c6e3c39b4c4bd64faf61cbdb66b5ba040f237f6,uci165-0699,10.24432/C5PK67
203.5,305.30000000000001,0,203.5,0,963.39999999999998,630,3,9.5616531679999994,recipe_9766edc431e17497722dcb9b2c6e3c39b4c4bd64faf61cbdb66b5ba040f237f6,uci165-0700,10.24432/C5PK67
133,200,0,192,0,927.39999999999998,839.20000000000005,3,6.8837283839999994,recipe_7f045150d1e70c018851af734a1ded5326d56c5200eb7c2f6abe7b1f3d8d39d1,uci165-0701,10.24432/C5PK67
288,192,0,192,0,932,717.79999999999995,90,50.526869708,recipe_f4ddbfa88c57eb6fdddf55e686f9a1ad052cca53c5e138338b4c7ab79297cf35,uci165-0702,10.24432/C5PK67
200,133,0,192,0,965.39999999999998,806.20000000000005,7,17.165883972,recipe_c44d23558810d2a1c2cd851d4e80ca3d73c94a1fc1da951dda5796ccfc55bc4d,uci165-0703,10.24432/C5PK67
200,133,0,192,0,965.39999999999998,806.20000000000005,28,30.439675923999996,recipe_c44d23558810d2a1c2cd851d4e80ca3d73c94a1fc1da951dda5796ccfc55bc4d,uci165-0704,10.24432/C5PK67
250.19999999999999,166.80000000000001,0,203.5,0,977.60000000000002,694.10000000000002,3,9.731264264,recipe_11bed0fd4e284fddebc391ae0e26230594d4084bad260f3f928e3dae76e6c198,uci165-0705,10.24432/C5PK67
122.59999999999999,183.90000000000001,0,203.5,0,958.20000000000005,800.10000000000002,3,3.31982694,recipe_cefe546e80e7229253f5b5178407aa2a1d963dcd3604a7cf0ec54edafd51630b,uci165-0706,10.24432/C5PK67
153,102,0,192,0,888,943.10000000000002,90,26.322814728000001,recipe_74ae6ba7979530d8264938ad6734e12c18b7d55e0cb8ca367834376fa8aefe2a,uci165-0707,10.24432/C5PK67
200,133,0,192,0,965.39999999999998,806.20000000000005,90,43.25082948,recipe_c44d23558810d2a1c2cd851d4e80ca3d73c94a1fc1da951dda5796ccfc55bc4d,uci165-0708,10.24432/C5PK67
116,173,0,192,0,909.79999999999995,891.89999999999998,3,6.2804368839999993,recipe_df0a69dde427de0383227560272ca0f9074237e3a358ced19342421e9a5d0a20,uci165-0709,10.24432/C5PK67
173,116,0,192,0,946.79999999999995,856.79999999999995,90,32.102692036000001,recipe_a7bf00f3a6fcd191c63801aa04d3a578fc5d248ee9ee82f65bba80d42be7ef0c,uci165-0710,10.24432/C5PK67
250.19999999999999,166.80000000000001,0,203.5,0,977.60000000000002,694.10000000000002,28,36.964187312,recipe_11bed0fd4e284fddebc391ae0e26230594d4084bad260f3f928e3dae76e6c198,uci165-0711,10.24432/C5PK67
305.30000000000001,203.5,0,203.5,0,965.39999999999998,631,90,54.598914963999995,recipe_d16163061004686c05a60e1053090d03fcac541270d80cf0c7541349f8cf2b10,uci165-0712,10.24432/C5PK67
192,288,0,192,0,929.79999999999995,716.10000000000002,7,21.480624779999999,recipe_770952b2da0d1bfa5de9c50f7f63bb083b97243db3c2d34f7d58a4f3b36c1bad,uci165-0713,10.24432/C5PK67
157,236,0,192,0,935.39999999999998,781.20000000000005,3,9.6947220359999999,recipe_f91dd0c6643343b054eaeb880a0352003a42962414adf208ab54a0897fb315f7,uci165-0714,10.24432/C5PK67
153,102,0,192,0,888,943.10000000000002,7,8.374375495999999,recipe_74ae6ba7979530d8264938ad6734e12c18b7d55e0cb8ca367834376fa8aefe2a,uci165-0715,10.24432/C5PK67
141.30000000000001,212,0,203.5,0,971.79999999999995,748.5,90,39.662106899999998,recipe_62a0ec19b76b11e91453e44db81b58392177815e9452877cab20cbbbf731c8e5,uci165-0716,10.24432/C5PK67
116,173,0,192,0,909.79999999999995,891.89999999999998,7,10.089791784000001,recipe_df0a69dde427de0383227560272ca0f9074237e3a358ced19342421e9a5d0a20,uci165-0717,10.24432/C5PK67
141.30000000000001,212,0,203.5,0,971.79999999999995,748.5,3,4.8277109520000003,recipe_62a0ec19b76b11e91453e44db81b58392177815e9452877cab20cbbbf731c8e5,uci165-0718,10.24432/C5PK67
122.59999999999999,183.90000000000001,0,203.5,0,958.20000000000005,800.10000000000002,7,10.354550567999999,recipe_cefe546e80e7229253f5b5178407aa2a1d963dcd3604a7cf0ec54edafd51630b,uci165-0719,10.24432/C5PK67
166.80000000000001,250.19999999999999,0,203.5,0,975.60000000000002,692.60000000000002,90,43.565230536000001,recipe_18232bf2a17676c2cc87a40f859d05cd43ff64ddfbccef62b53134b3e4daf045,uci165-0720,10.24432/C5PK67
203.5,305.30000000000001,0,203.5,0,963.39999999999998,630,90,51.863763671999997,recipe_9766edc431e17497722dcb9b2c6e3c39b4c4bd64faf61cbdb66b5ba040f237f6,uci165-0721,10.24432/C5PK67
310,0,0,192,0,1012,830,3,11.85209244,recipe_d3d49292deb7878be4af2383c8ccd9ebdf5a5a9d8948b7e063d2bba24ebc544e,uci165-0722,10.24432/C5PK67
310,0,0,192,0,1012,830,7,17.24379476,recipe_d3d49292deb7878be4af2383c8ccd9ebdf5a5a9d8948b7e063d2bba24ebc544e,uci165-0723,10.24432/C5PK67
310,0,0,192,0,1012,830,28,27.827251359999998,recipe_d3d49292deb7878be4af2383c8ccd9ebdf5a5a9d8948b7e063d2bba24ebc544e,uci165-0724,10.24432/C5PK67
310,0,0,192,0,1012,830,90,35.763120119999996,recipe_d3d49292deb7878be4af2383c8ccd9ebdf5a5a9d8948b7e063d2bba24ebc544e,uci165-0725,10.24432/C5PK67
310,0,0,192,0,1012,830,120,38.700287879999998,recipe_d3d49292deb7878be4af2383c8ccd9ebdf5a5a9d8948b7e063d2bba24ebc544e,uci165-0726,10.24432/C5PK67
331,0,0,192,0,1025,821,3,14.306626999999999,recipe_0b58c7597ca6b512cd531025238ad5e0ef639fcb80c3b3c2218403b3af94b2f9,uci165-0727,10.24432/C5PK67
331,0,0,192,0,1025,821,7,17.436848040000001,recipe_0b58c7597ca6b512cd531025238ad5e0ef639fcb80c3b3c2218403b3af94b2f9,uci165-0728,10.24432/C5PK67
331,0,0,192,0,1025,821,28,31.74347504,recipe_0b58c7597ca6b512cd531025238ad5e0ef639fcb80c3b3c2218403b3af94b2f9,uci165-0729,10.24432/C5PK67
331,0,0,192,0,1025,821,90,37.914285239999998,recipe_0b58c7597ca6b512cd531025238ad5e0ef639fcb80c3b3c2218403b3af94b2f9,uci165-0730,10.24432/C5PK67
331,0,0,192,0,1025,821,120,39.382869119999995,recipe_0b58c7597ca6b512cd531025238ad5e0ef639fcb80c3b3c2218403b3af94b2f9,uci165-0731,10.24432/C5PK67
349,0,0,192,0,1056,809,3,15.87173752,recipe_7daee5156b5df18aeaa1a54f4507fc99a0af9ba24bd53b1a957054ecb4a01be8,uci165-0732,10.24432/C5PK67
349,0,0,192,0,1056,809,7,9.011451319999999,recipe_7daee5156b5df18aeaa1a54f4507fc99a0af9ba24bd53b1a957054ecb4a01be8,uci165-0733,10.24432/C5PK67
349,0,0,192,0,1056,809,28,33.60506024,recipe_7daee5156b5df18aeaa1a54f4507fc99a0af9ba24bd53b1a957054ecb4a01be8,uci165-0734,10.24432/C5PK67
349,0,0,192,0,1056,809,90,40.658399719999998,recipe_7daee5156b5df18aeaa1a54f4507fc99a0af9ba24bd53b1a957054ecb4a01be8,uci165-0735,10.24432/C5PK67
349,0,0,192,0,1056,809,120,40.858347760000001,recipe_7daee5156b5df18aeaa1a54f4507fc99a0af9ba24bd53b1a957054ecb4a01be8,uci165-0736,10.24432/C5PK67
238,0,0,186,0,1119,789,7,12.052040479999999,recipe_6e1506e29219f70ac9a43bdbc3f4cbfc76c5e788296cf4d8425c1ab6a2a9981e,uci165-0737,10.24432/C5PK67
238,0,0,186,0,1119,789,28,17.540269439999999,recipe_6e1506e29219f70ac9a43bdbc3f4cbfc76c5e788296cf4d8425c1ab6a2a9981e,uci165-0738,10.24432/C5PK67
296,0,0,186,0,1090,769,7,18.91232668,recipe_cdba3ded5d44c09b7ef12c0793cd47f502cf9824ee03615b6a16cbd3a9843050,uci165-0739,10.24432/C5PK67
296,0,0,186,0,1090,769,28,25.179663519999998,recipe_cdba3ded5d44c09b7ef12c0793cd47f502cf9824ee03615b6a16cbd3a9843050,uci165-0740,10.24432/C5PK67
297,0,0,186,0,1040,734,7,30.9574724,recipe_a0a041c2ba46143f02544c71726b5a9cddecac699a2b4d4afcd7af1e77dfa742,uci165-0741,10.24432/C5PK67
480,0,0,192,0,936,721,28,43.892042159999995,recipe_add7fa4ad6ec645a1c74184f08f033b7201936fe2e886e457766f82359188f46,uci165-0742,10.24432/C5PK67
480,0,0,192,0,936,721,90,54.275550719999998,recipe_add7fa4ad6ec645a1c74184f08f033b7201936fe2e886e457766f82359188f46,uci165-0743,10.24432/C5PK67
397,0,0,186,0,1040,734,28,36.935229319999998,recipe_0b9b463e1ce20bd54460fa66062eb64f23c62213bf120ec60cc61d9bc6b1d75d,uci165-0744,10.24432/C5PK67
281,0,0,186,0,1104,774,7,14.49968028,recipe_26c02a59097b4966750ed85fbe01f73ffeb8764e7f05ad1eb7e34d630585a40c,uci165-0745,10.24432/C5PK67
281,0,0,185,0,1104,774,28,22.435549039999998,recipe_c93fcd453554af7e32ec1700bb1edacc40a856002d6c2a8da34e11c8d4cc5615,uci165-0746,10.24432/C5PK67
500,0,0,200,0,1125,613,1,12.638095079999999,recipe_8723c717c46611bc91c5798be67bc964ceca2abb86cf147bc7ca782f2ab83639,uci165-0747,10.24432/C5PK67
500,0,0,200,0,1125,613,3,26.062192799999998,recipe_8723c717c46611bc91c5798be67bc964ceca2abb86cf147bc7ca782f2ab83639,uci165-0748,10.24432/C5PK67
500,0,0,200,0,1125,613,7,33.212058919999997,recipe_8723c717c46611bc91c5798be67bc964ceca2abb86cf147bc7ca782f2ab83639,uci165-0749,10.24432/C5PK67
500,0,0,200,0,1125,613,14,36.935229319999998,recipe_8723c717c46611bc91c5798be67bc964ceca2abb86cf147bc7ca782f2ab83639,uci165-0750,10.24432/C5PK67
500,0,0,200,0,1125,613,28,44.091990199999998,recipe_8723c717c46611bc91c5798be67bc964ceca2abb86cf147bc7ca782f2ab83639,uci165-0751,10.24432/C5PK67
540,0,0,173,0,1125,613,7,52.61391356,recipe_05b2b7312416bc5af29e543489a6ad74584acb075764f155d25d7531f1e6b914,uci165-0752,10.24432/C5PK67
540,0,0,173,0,1125,613,14,59.763779679999999,recipe_05b2b7312416bc5af29e543489a6ad74584acb075764f155d25d7531f1e6b914,uci165-0753,10.24432/C5PK67
540,0,0,173,0,1125,613,28,67.306647119999994,recipe_05b2b7312416bc5af29e543489a6ad74584acb075764f155d25d7531f1e6b914,uci165-0754,10.24432/C5PK67
540,0,0,173,0,1125,613,90,69.657760279999991,recipe_05b2b7312416bc5af29e543489a6ad74584acb075764f155d25d7531f1e6b914,uci165-0755,10.24432/C5PK67
540,0,0,173,0,1125,613,180,71.62276688,recipe_05b2b7312416bc5af29e543489a6ad74584acb075764f155d25d7531f1e6b914,uci165-0756,10.24432/C5PK67
540,0,0,173,0,1125,613,270,74.166933319999998,recipe_05b2b7312416bc5af29e543489a6ad74584acb075764f155d25d7531f1e6b914,uci165-0757,10.24432/C5PK67
350,0,0,203,0,974,775,7,18.12632404,recipe_fcc860b579cc472e07873c497442fc1ca6a3453f12205b5f0c0e16b869fd24d8,uci165-0758,10.24432/C5PK67
350,0,0,203,0,974,775,14,22.532075679999998,recipe_fcc860b579cc472e07873c497442fc1ca6a3453f12205b5f0c0e16b869fd24d8,uci165-0759,10.24432/C5PK67
350,0,0,203,0,974,775,28,27.337723399999998,recipe_fcc860b579cc472e07873c497442fc1ca6a3453f12205b5f0c0e16b869fd24d8,uci165-0760,10.24432/C5PK67
350,0,0,203,0,974,775,56,29.97841648,recipe_fcc860b579cc472e07873c497442fc1ca6a3453f12205b5f0c0e16b869fd24d8,uci165-0761,10.24432/C5PK67
350,0,0,203,0,974,775,90,31.35047372,recipe_fcc860b579cc472e07873c497442fc1ca6a3453f12205b5f0c0e16b869fd24d8,uci165-0762,10.24432/C5PK67
350,0,0,203,0,974,775,180,32.72253096,recipe_fcc860b579cc472e07873c497442fc1ca6a3453f12205b5f0c0e16b869fd24d8,uci165-0763,10.24432/C5PK67
385,0,0,186,0,966,763,1,6.2673368399999996,recipe_939b7603c1c42be7e2918f41194ad7e9bf3f5a1079713199f2782403d03444ca,uci165-0764,10.24432/C5PK67
385,0,0,186,0,966,763,3,14.699628319999999,recipe_939b7603c1c42be7e2918f41194ad7e9bf3f5a1079713199f2782403d03444ca,uci165-0765,10.24432/C5PK67
385,0,0,186,0,966,763,7,23.221551679999997,recipe_939b7603c1c42be7e2918f41194ad7e9bf3f5a1079713199f2782403d03444ca,uci165-0766,10.24432/C5PK67
385,0,0,186,0,966,763,14,27.923777999999999,recipe_939b7603c1c42be7e2918f41194ad7e9bf3f5a1079713199f2782403d03444ca,uci165-0767,10.24432/C5PK67
385,0,0,186,0,966,763,28,31.35047372,recipe_939b7603c1c42be7e2918f41194ad7e9bf3f5a1079713199f2782403d03444ca,uci165-0768,10.24432/C5PK67
331,0,0,192,0,978,825,180,38.996762560000001,recipe_b7ef5c70d556377355ceb3b39f8d5e64399a075de4ffadab4f77283c4dab1ac7,uci165-0769,10.24432/C5PK67
331,0,0,192,0,978,825,360,41.244454319999996,recipe_b7ef5c70d556377355ceb3b39f8d5e64399a075de4ffadab4f77283c4dab1ac7,uci165-0770,10.24432/C5PK67
349,0,0,192,0,1047,806,3,14.98920824,recipe_78132fbcb7a2fb1ec531142fd2e2315f42969ef5ecda8ac7a6f4e4946395eb55,uci165-0771,10.24432/C5PK67
331,0,0,192,0,978,825,3,13.520624359999999,recipe_b7ef5c70d556377355ceb3b39f8d5e64399a075de4ffadab4f77283c4dab1ac7,uci165-0772,10.24432/C5PK67
382,0,0,186,0,1047,739,7,24.000659559999999,recipe_28f0483246a427d5f79f1931b2c2058e87f73ddc91ab7efc5d5ab35590d5cbc9,uci165-0773,10.24432/C5PK67
382,0,0,186,0,1047,739,28,37.424757280000001,recipe_28f0483246a427d5f79f1931b2c2058e87f73ddc91ab7efc5d5ab35590d5cbc9,uci165-0774,10.24432/C5PK67
382,0,0,186,0,1111,784,7,11.46598588,recipe_d32987e8607f7bf909e1e7a4656c7f90ffe8a0c6748cf5d39088479ef2ae7224,uci165-0775,10.24432/C5PK67
281,0,0,186,0,1104,774,28,22.435549039999998,recipe_26c02a59097b4966750ed85fbe01f73ffeb8764e7f05ad1eb7e34d630585a40c,uci165-0776,10.24432/C5PK67
339,0,0,185,0,1069,754,7,21.160018439999998,recipe_1e3a74bda354bcf9d693cb54faa695019f75da9fab549c6d5fa83ce3d36c0731,uci165-0777,10.24432/C5PK67
339,0,0,185,0,1069,754,28,31.84000168,recipe_1e3a74bda354bcf9d693cb54faa695019f75da9fab549c6d5fa83ce3d36c0731,uci165-0778,10.24432/C5PK67
295,0,0,185,0,1069,769,7,14.796154959999999,recipe_5cfafa3e462c6925f8629aa2b525229b5b1aed29dd829e684541b59fedf8c1ff,uci165-0779,10.24432/C5PK67
295,0,0,185,0,1069,769,28,25.179663519999998,recipe_5cfafa3e462c6925f8629aa2b525229b5b1aed29dd829e684541b59fedf8c1ff,uci165-0780,10.24432/C5PK67
238,0,0,185,0,1118,789,28,17.540269439999999,recipe_0a77cf786bbec5bfc344a6a069bfcd0d0c2614bf03a1611271b5d4e0c77e16cd,uci165-0781,10.24432/C5PK67
296,0,0,192,0,1085,765,7,14.2032056,recipe_2cede5c1e206d605b49b7f9c9d257527631cb994fed9932ce37686f0525dd41c,uci165-0782,10.24432/C5PK67
296,0,0,192,0,1085,765,28,21.649546399999998,recipe_2cede5c1e206d605b49b7f9c9d257527631cb994fed9932ce37686f0525dd41c,uci165-0783,10.24432/C5PK67
296,0,0,192,0,1085,765,90,29.392361879999999,recipe_2cede5c1e206d605b49b7f9c9d257527631cb994fed9932ce37686f0525dd41c,uci165-0784,10.24432/C5PK67
331,0,0,192,0,879,825,3,13.520624359999999,recipe_84454a8e82efbef2c9e028bed223d4a0fd2fa3e8849ff9a74536a550238f48d8,uci165-0785,10.24432/C5PK67
331,0,0,192,0,978,825,7,16.26473884,recipe_b7ef5c70d556377355ceb3b39f8d5e64399a075de4ffadab4f77283c4dab1ac7,uci165-0786,10.24432/C5PK67
331,0,0,192,0,978,825,28,31.447000360000001,recipe_b7ef5c70d556377355ceb3b39f8d5e64399a075de4ffadab4f77283c4dab1ac7,uci165-0787,10.24432/C5PK67
331,0,0,192,0,978,825,90,37.231704000000001,recipe_b7ef5c70d556377355ceb3b39f8d5e64399a075de4ffadab4f77283c4dab1ac7,uci165-0788,10.24432/C5PK67
349,0,0,192,0,1047,806,7,18.12632404,recipe_78132fbcb7a2fb1ec531142fd2e2315f42969ef5ecda8ac7a6f4e4946395eb55,uci165-0789,10.24432/C5PK67
349,0,0,192,0,1047,806,28,32.72253096,recipe_78132fbcb7a2fb1ec531142fd2e2315f42969ef5ecda8ac7a6f4e4946395eb55,uci165-0790,10.24432/C5PK67
349,0,0,192,0,1047,806,90,39.486290519999997,recipe_78132fbcb7a2fb1ec531142fd2e2315f42969ef5ecda8ac7a6f4e4946395eb55,uci165-0791,10.24432/C5PK67
349,0,0,192,0,1047,806,180,41.051401040000002,recipe_78132fbcb7a2fb1ec531142fd2e2315f42969ef5ecda8ac7a6f4e4946395eb55,uci165-0792,10.24432/C5PK67
349,0,0,192,0,1047,806,360,42.126983599999996,recipe_78132fbcb7a2fb1ec531142fd2e2315f42969ef5ecda8ac7a6f4e4946395eb55,uci165-0793,10.24432/C5PK67
302,0,0,203,0,974,817,14,18.12632404,recipe_a48334baa4692d0502fa78d80a15bc0c61c6d34360d67b4f293722a8cca77c73,uci165-0794,10.24432/C5PK67
302,0,0,203,0,974,817,180,26.744774039999999,recipe_a48334baa4692d0502fa78d80a15bc0c61c6d34360d67b4f293722a8cca77c73,uci165-0795,10.24432/C5PK67
525,0,0,189,0,1125,613,180,61.921839559999995,recipe_df7300b765f259a4f01c54b467e3d963e57eaab2f7ad920eea0f8734bc1c8bd9,uci165-0796,10.24432/C5PK67
500,0,0,200,0,1125,613,90,47.22221124,recipe_8723c717c46611bc91c5798be67bc964ceca2abb86cf147bc7ca782f2ab83639,uci165-0797,10.24432/C5PK67
500,0,0,200,0,1125,613,180,51.041908280000001,recipe_8723c717c46611bc91c5798be67bc964ceca2abb86cf147bc7ca782f2ab83639,uci165-0798,10.24432/C5PK67
500,0,0,200,0,1125,613,270,55.158079999999998,recipe_8723c717c46611bc91c5798be67bc964ceca2abb86cf147bc7ca782f2ab83639,uci165-0799,10.24432/C5PK67
540,0,0,173,0,1125,613,3,41.637455639999999,recipe_05b2b7312416bc5af29e543489a6ad74584acb075764f155d25d7531f1e6b914,uci165-0800,10.24432/C5PK67
252,0,0,185,0,1111,784,7,13.71367764,recipe_9e3a209ef3d843aca486634696798f7bf667090358c8815245298c13c16b991d,uci165-0801,10.24432/C5PK67
252,0,0,185,0,1111,784,28,19.691434559999998,recipe_9e3a209ef3d843aca486634696798f7bf667090358c8815245298c13c16b991d,uci165-0802,10.24432/C5PK67
339,0,0,185,0,1060,754,28,31.646948399999999,recipe_aa3cd0ce578e0cf9d38cd8f11b1090273f5e7ef27d6494d956ba36611df4a2c6,uci165-0803,10.24432/C5PK67
393,0,0,192,0,940,758,3,19.10537996,recipe_81a6aab4b0b12d102aaf43b7ae2c1a960b9a10fd5f334000bb22be444282e36a,uci165-0804,10.24432/C5PK67
393,0,0,192,0,940,758,28,39.582817159999998,recipe_81a6aab4b0b12d102aaf43b7ae2c1a960b9a10fd5f334000bb22be444282e36a,uci165-0805,10.24432/C5PK67
393,0,0,192,0,940,758,90,48.794216519999999,recipe_81a6aab4b0b12d102aaf43b7ae2c1a960b9a10fd5f334000bb22be444282e36a,uci165-0806,10.24432/C5PK67
382,0,0,185,0,1047,739,7,24.000659559999999,recipe_54c569e410e2fe74396b377c0ce129c9291437f58f5e20b9b639bd5d172b7726,uci165-0807,10.24432/C5PK67
382,0,0,185,0,1047,739,28,37.424757280000001,recipe_54c569e410e2fe74396b377c0ce129c9291437f58f5e20b9b639bd5d172b7726,uci165-0808,10.24432/C5PK67
252,0,0,186,0,1111,784,7,11.46598588,recipe_4330b3bbcd23b8be5ea9de9559a8e5599afcc8d124160f04dd597eb167548acf,uci165-0809,10.24432/C5PK67
252,0,0,185,0,1111,784,28,19.691434559999998,recipe_9e3a209ef3d843aca486634696798f7bf667090358c8815245298c13c16b991d,uci165-0810,10.24432/C5PK67
310,0,0,192,0,970,850,7,14.98920824,recipe_f7ef808dee6ccae2e7ab78bc6e0de98c2c6e6c44362e7fc57d6e0d71f4eabd41,uci165-0811,10.24432/C5PK67
310,0,0,192,0,970,850,28,27.923777999999999,recipe_f7ef808dee6ccae2e7ab78bc6e0de98c2c6e6c44362e7fc57d6e0d71f4eabd41,uci165-0812,10.24432/C5PK67
310,0,0,192,0,970,850,90,34.680642800000001,recipe_f7ef808dee6ccae2e7ab78bc6e0de98c2c6e6c44362e7fc57d6e0d71f4eabd41,uci165-0813,10.24432/C5PK67
310,0,0,192,0,970,850,180,37.328230640000001,recipe_f7ef808dee6ccae2e7ab78bc6e0de98c2c6e6c44362e7fc57d6e0d71f4eabd41,uci165-0814,10.24432/C5PK67
310,0,0,192,0,970,850,360,38.114233280000001,recipe_f7ef808dee6ccae2e7ab78bc6e0de98c2c6e6c44362e7fc57d6e0d71f4eabd41,uci165-0815,10.24432/C5PK67
525,0,0,189,0,1125,613,3,33.798113520000001,recipe_df7300b765f259a4f01c54b467e3d963e57eaab2f7ad920eea0f8734bc1c8bd9,uci165-0816,10.24432/C5PK67
525,0,0,189,0,1125,613,7,42.423458279999998,recipe_df7300b765f259a4f01c54b467e3d963e57eaab2f7ad920eea0f8734bc1c8bd9,uci165-0817,10.24432/C5PK67
525,0,0,189,0,1125,613,14,48.401215199999996,recipe_df7300b765f259a4f01c54b467e3d963e57eaab2f7ad920eea0f8734bc1c8bd9,uci165-0818,10.24432/C5PK67
525,0,0,189,0,1125,613,28,55.944082639999998,recipe_df7300b765f259a4f01c54b467e3d963e57eaab2f7ad920eea0f8734bc1c8bd9,uci165-0819,10.24432/C5PK67
525,0,0,189,0,1125,613,90,58.784723759999999,recipe_df7300b765f259a4f01c54b467e3d963e57eaab2f7ad920eea0f8734bc1c8bd9,uci165-0820,10.24432/C5PK67
525,0,0,189,0,1125,613,270,67.113593839999993,recipe_df7300b765f259a4f01c54b467e3d963e57eaab2f7ad920eea0f8734bc1c8bd9,uci165-0821,10.24432/C5PK67
322,0,0,203,0,974,800,14,20.77391188,recipe_13c7f9cd2d9c39b2f2d83555d4824ada5fa81657f523422405e259a34e4bd731,uci165-0822,10.24432/C5PK67
322,0,0,203,0,974,800,28,25.179663519999998,recipe_13c7f9cd2d9c39b2f2d83555d4824ada5fa81657f523422405e259a34e4bd731,uci165-0823,10.24432/C5PK67
322,0,0,203,0,974,800,180,29.58541516,recipe_13c7f9cd2d9c39b2f2d83555d4824ada5fa81657f523422405e259a34e4bd731,uci165-0824,10.24432/C5PK67
302,0,0,203,0,974,817,28,21.7529678,recipe_a48334baa4692d0502fa78d80a15bc0c61c6d34360d67b4f293722a8cca77c73,uci165-0825,10.24432/C5PK67
397,0,0,185,0,1040,734,28,39.093289200000001,recipe_1d010101378f298965496299c7f8cdcb25bdfab15cbf9545d9d3c7a39c457d61,uci165-0826,10.24432/C5PK67
480,0,0,192,0,936,721,3,24.393660879999999,recipe_add7fa4ad6ec645a1c74184f08f033b7201936fe2e886e457766f82359188f46,uci165-0827,10.24432/C5PK67
522,0,0,146,0,896,896,7,50.511011759999995,recipe_8322d7eb1643d7bdf50a9f0b5f4ff2cca2bf0db7bbdbc630ab6eae8229083b81,uci165-0828,10.24432/C5PK67
522,0,0,146,0,896,896,28,74.987409759999991,recipe_8322d7eb1643d7bdf50a9f0b5f4ff2cca2bf0db7bbdbc630ab6eae8229083b81,uci165-0829,10.24432/C5PK67
273,105,82,210,9,904,680,28,37.169651160000001,recipe_3386943d76f4cc3d444ada38dfa04bd95847f3c2a8dc99f5c10381702b1532c4,uci165-0830,10.24432/C5PK67
162,190,148,179,19,838,741,28,33.756744959999999,recipe_d0afcf78105ed683ecd2b1b18f83b79174714e0b010b2e3d375316f606f86c51,uci165-0831,10.24432/C5PK67
154,144,112,220,10,923,658,28,16.499160679999999,recipe_931499bf3762f202870cd9a162c86cc69e214ae17dde24612489e9da4a9e20a3,uci165-0832,10.24432/C5PK67
147,115,89,202,9,860,829,28,19.98790924,recipe_acc51f9b14992a1073a16382af4b3f57b9ff20135f370940c6eef1f69470849d,uci165-0833,10.24432/C5PK67
152,178,139,168,18,944,695,28,36.349174720000001,recipe_b9d00509f51c9614d0089ef029ee8a29bf82cc8015555a735198913ec03964b4,uci165-0834,10.24432/C5PK67
310,143,111,168,22,914,651,28,33.687797359999998,recipe_27cb54990da03bac6f6bcb8e073e12be54bc97615d6024bc22697ea739e088dc,uci165-0835,10.24432/C5PK67
144,0,175,158,18,943,844,28,15.41668336,recipe_6f6ad320bbb8567a1aec7b2d88b7eb767b48f46f33138c4a461ef3aba7138ea4,uci165-0836,10.24432/C5PK67
304,140,0,214,6,895,722,28,33.418901720000001,recipe_63758678c1d9ad94b8fdc225255ac89bcf8d079808132a616060cc3a9e914704,uci165-0837,10.24432/C5PK67
374,0,0,190,7,1013,730,28,39.051920639999999,recipe_259dba51d4656a3f6ba5fb7dadb8d7dad4a3adbe456c84e95075f905dfa28194,uci165-0838,10.24432/C5PK67
159,149,116,175,15,953,720,28,27.67556664,recipe_f30d838488b3f4dbe5db55895e2a3255f5db77514ddb3e7d06353867f45ac0f1,uci165-0839,10.24432/C5PK67
153,239,0,200,6,1002,684,28,26.855090199999999,recipe_0f947e9f76264eef9e73e0982605ac32971cee828b3f3f75c5f24106dc0124d1,uci165-0840,10.24432/C5PK67
310,143,0,168,10,914,804,28,45.2985732,recipe_1e5b8bfe6d32196238a155d73399094003c6932825612aec1ad74409f394f36d,uci165-0841,10.24432/C5PK67
305,0,100,196,10,959,705,28,30.123206440000001,recipe_771efe4bb2c0fec9eca019b3f05f6d1edb4c0be79df661a40bfc7118dc3b8725,uci165-0842,10.24432/C5PK67
151,0,184,167,12,991,772,28,15.568368079999999,recipe_f7d7977310e81c645af1861d15572fa1f0a60ae3454f82f64427d8f64d8ede00,uci165-0843,10.24432/C5PK67
142,167,130,174,11,883,785,28,44.609097200000001,recipe_0f5ef18d87481091cda69b948b637b0d00f4ddffc7407adab01336a4fb1a43d4,uci165-0844,10.24432/C5PK67
298,137,107,201,6,878,655,28,53.524021879999999,recipe_2a87faeafce9ff0e675f8a9066235e3a343deb80037b5ad33ef871356fffc9c9,uci165-0845,10.24432/C5PK67
321,164,0,190,5,870,774,28,57.212718479999999,recipe_d154583234912330444dfb84d7eacfd2f228562e3ad8ae0c38e51e127e070254,uci165-0846,10.24432/C5PK67
366,187,0,191,7,824,757,28,65.907010839999998,recipe_80555ae567d7f8ab0258d781481bd065dc20c5b0eec569f20c6efa5c34d468ea,uci165-0847,10.24432/C5PK67
280,129,100,172,9,825,805,28,52.820756359999997,recipe_5b429a7b3a2ebe557a7011a27469054e2db0413e1629617ec9cd9d622e44ebaa,uci165-0848,10.24432/C5PK67
252,97,76,194,8,835,821,28,33.398217439999996,recipe_09daa25b8a1dc4c6351886cad0c335284c957be859b06ec5dff5c694b55d122e,uci165-0849,10.24432/C5PK67
165,0,150,182,12,1023,729,28,18.0297974,recipe_606be5c83ecb98a11f2e2012e1e2ba146b4eb570569f195742c8b69dc6762976,uci165-0850,10.24432/C5PK67
156,243,0,180,11,1022,698,28,37.362704440000002,recipe_e94193591ab633301c52789f3ac1dbd28b568274d31f6054cdccb4b5e8df8557,uci165-0851,10.24432/C5PK67
160,188,146,203,11,829,710,28,32.839741879999998,recipe_2954b8b05d8793378ec45b17fbdb89d8ad24839f249241da91d3331b2ded0b5a,uci165-0852,10.24432/C5PK67
298,0,107,186,6,879,815,28,42.637195839999997,recipe_b9ca6d547080c13beeba7e0521a82c1ae24cd37478d17e94a97c99b9fc968e77,uci165-0853,10.24432/C5PK67
318,0,126,210,6,861,737,28,40.058555599999998,recipe_28c301b5c6e8360664d5022ebbc77fa56d3d87559686e081ccc2804b4b61872b,uci165-0854,10.24432/C5PK67
287,121,94,188,9,904,696,28,41.940825079999996,recipe_316fe5669193aa374659ef464dbfefe3a0a6ff69749fad8ff65a6dc4f75077e5,uci165-0855,10.24432/C5PK67
326,166,0,174,9,882,790,28,61.232363559999996,recipe_6d1d776d97baca9e78fde7d4b94373e24e46d705c28d6b3388dfd5437377945e,uci165-0856,10.24432/C5PK67
356,0,142,193,11,801,778,28,40.865242519999995,recipe_296386986a12c39eab20f82bf7ad61eee123fd074dad1aff38a74dab3c220b56,uci165-0857,10.24432/C5PK67
132,207,161,179,5,867,736,28,33.301690799999996,recipe_2b3411ba419aea1395c34ed1da1b399203a5dc33a00af69572a3bd5cc30aa517,uci165-0858,10.24432/C5PK67
322,149,0,186,8,951,709,28,52.420860279999999,recipe_7f2777b277f34ba1ffb15fac5ba53d1713b68f7f5dc98b74cb1fa54b42141ebe,uci165-0859,10.24432/C5PK67
164,0,200,181,13,849,846,28,15.08573488,recipe_04f0d7d0e3d551334e9e640e283cb4384c721f55650a2ac2d88c958b46b4866f,uci165-0860,10.24432/C5PK67
314,0,113,170,10,925,783,28,38.45897128,recipe_fcc91dbeab896ae37ba0cd736fee57d5a4e91aeb9e3c509500f612225db12a5b,uci165-0861,10.24432/C5PK67
321,0,128,182,11,870,780,28,37.25928304,recipe_73ef9eefdac23e65c63ddd41a6ddd6415bcaedfba76517cfb4a22d88ef13eb67,uci165-0862,10.24432/C5PK67
140,164,128,237,6,869,656,28,35.225328839999996,recipe_05d14f8fa09839e0d382007b533b5f413cc4b71572e25f25ac4e981d2c491847,uci165-0863,10.24432/C5PK67
288,121,0,177,7,908,829,28,42.133878359999997,recipe_9399f387eb0d78f01708851e8db92a9844364f86a8a04a6631ae1e6897b99aa4,uci165-0864,10.24432/C5PK67
298,0,107,210,11,880,744,28,31.874475479999997,recipe_d1b804d435338eb3a40fe7b8bdac73ed23e0fd2ea5fbb7bf321b268780732b81,uci165-0865,10.24432/C5PK67
265,111,86,195,6,833,790,28,41.540928999999998,recipe_328ee1807f4113056ba11a4ea564a0a62474e6141bcffed0c0a731b57218811b,uci165-0866,10.24432/C5PK67
160,250,0,168,12,1049,688,28,39.451816719999997,recipe_cae40f965983a2b0135c95e6c54d15ade6fbe4d959a8b64c9e82521a1d8bc708,uci165-0867,10.24432/C5PK67
166,260,0,183,13,859,827,28,37.914285239999998,recipe_1cb59baf531030614cb53fae1efbeca08bbe2d6c102e85665da879d9ead8162d,uci165-0868,10.24432/C5PK67
276,116,90,180,9,870,768,28,44.278148719999997,recipe_aa9513bdb22446f148d784de78c6c0e21c4d9391f44b8102ec12d67010d2c583,uci165-0869,10.24432/C5PK67
322,0,116,196,10,818,813,28,31.17810472,recipe_3ec15b4bd08c48ea97397eee7d442abd00d4978c2a093cd5623aaa5820649f91,uci165-0870,10.24432/C5PK67
149,139,109,193,6,892,780,28,23.69039536,recipe_22829ec46dadbb4dbaac39fc268e84b7925f7b4e89e5b838159ec2fa4c5be005,uci165-0871,10.24432/C5PK67
159,187,0,176,11,990,789,28,32.763899519999995,recipe_3c54b3f0a13c15ef86d68a17c4307234abcc4936d72e6c46d1a08ac5759fcb64,uci165-0872,10.24432/C5PK67
261,100,78,201,9,864,761,28,32.398477239999998,recipe_9130641084d1262ea7b45ee79b9e49ef1da9c498d81d4eb28283da3040e92803,uci165-0873,10.24432/C5PK67
237,92,71,247,6,853,695,28,28.627043520000001,recipe_5adbbe465f0bc5e3da8f295981c49ef3337e741e8ceccf684be6372634f09fe4,uci165-0874,10.24432/C5PK67
313,0,113,178,8,1002,689,28,36.804228879999997,recipe_c8c1d4de5615e619a302c346c8c6abbf851d7f57c589a49f6539edd3c1156506,uci165-0875,10.24432/C5PK67
155,183,0,193,9,1047,697,28,18.28490352,recipe_6faa69b760391102dc9f663a4838d48cb17ee0af257b8d2609d063ab0a3efee3,uci165-0876,10.24432/C5PK67
146,230,0,202,3,827,872,28,33.060374199999998,recipe_1f83732b594269a89795133ea7b8fb222001511805c60b2af6378429da358ea5,uci165-0877,10.24432/C5PK67
296,0,107,221,11,819,778,28,31.419421319999998,recipe_4a7a60694987331152b432bcb29f8eece9277b665a0c3cb07bfcda2d5f81938b,uci165-0878,10.24432/C5PK67
133,210,0,196,3,949,795,28,31.026419999999998,recipe_9315d9bbbf13a263c8453604fa2fd2ae66a6aec5963e87bd9b875c8588e70581,uci165-0879,10.24432/C5PK67
313,145,0,178,8,867,824,28,44.388464880000001,recipe_03d0c37ef5bf46a1d9ae6040eba3bc7ad0d572472fac067f190773a45510722f,uci165-0880,10.24432/C5PK67
152,0,112,184,8,992,816,28,12.17614616,recipe_5024f6c9cd03ace5ee47e5bdd3d13eebff0f6a84e7dd2355a0012e5395916b75,uci165-0881,10.24432/C5PK67
153,145,113,178,8,1002,689,28,25.558875319999999,recipe_6323a11091f0cd9074c54312ae43f1a8037e296fb8e701a3069fdc8e0a8e0d60,uci165-0882,10.24432/C5PK67
140,133,103,200,7,916,753,28,36.438806599999999,recipe_fb4ef2581ac530656c0ea293e6397147d0ab122c5027959e79ef055f9f566dbe,uci165-0883,10.24432/C5PK67
149,236,0,176,13,847,893,28,32.956952799999996,recipe_86a3e8fa561298bdeb9d1efa61e888492de90f38010677555623b9728c53c307,uci165-0884,10.24432/C5PK67
300,0,120,212,10,878,728,28,23.835185320000001,recipe_03e05b12566c5d51ffbac472e8c1e66f8786175b8c4252d0beec6e1ab202c635,uci165-0885,10.24432/C5PK67
153,145,113,178,8,867,824,28,26.22766704,recipe_b89b927018d4962645eea8d284700264d8b2f41ab139af6e6e055aecdd948a30,uci165-0886,10.24432/C5PK67
148,0,137,158,16,1002,830,28,17.95395504,recipe_92c5b3d39548a1c47b90f37075f5d83f536cec7e887237b9a929b9dea6fe54bf,uci165-0887,10.24432/C5PK67
326,0,138,199,11,801,792,28,40.679083999999996,recipe_ef8b5a5c8dcb6074c55c2ee03484caf0b52dd2a3b97fa15485a5a489839b50dc,uci165-0888,10.24432/C5PK67
153,145,0,178,8,1000,822,28,19.00885332,recipe_cd5d0d2f11a1878193a44e2358ad16332d6f2129b24f225c3744fcfe9ba70814,uci165-0889,10.24432/C5PK67
262,111,86,195,5,895,733,28,33.715376399999997,recipe_316675a479e04772bbbac7f3bea55d18e91d882637f69829471c046320d08efb,uci165-0890,10.24432/C5PK67
158,0,195,220,11,898,713,28,8.5357128800000002,recipe_e3a8a0562526d3fb13673d4a1b59036d1ee86dc04b064258d1ff0b2a53753cac,uci165-0891,10.24432/C5PK67
151,0,185,167,16,1074,678,28,13.45857152,recipe_5f509e43f86243d07a7db4c6d9dafa850982907d3c39d01e1060e41f969ab5cf,uci165-0892,10.24432/C5PK67
273,0,90,199,11,931,762,28,32.239897759999998,recipe_82997b55d897631c0f360feee7c18a78a35b831ed1f588522a471674ef9c8ad7,uci165-0893,10.24432/C5PK67
149,118,92,183,7,953,780,28,23.51802636,recipe_2edab0388b41979ee7b51969d599daa759ae8494c240f14c75ae2da9ca4a6714,uci165-0894,10.24432/C5PK67
143,169,143,191,8,967,643,28,29.723310359999999,recipe_8887d1ee032a6061d4b300fa576179fee65c5fad632f229f284c2281a3b505b1,uci165-0895,10.24432/C5PK67
260,101,78,171,10,936,763,28,49.77327244,recipe_3846b47c4e87623377606961eba29f0ce4c3c00beba18fec8a467ac1f8a85e6e,uci165-0896,10.24432/C5PK67
313,161,0,178,10,917,759,28,52.441544559999997,recipe_2ae415c4bd992f5499ba2cc7009d5a484be42c8d4a67d9b0785d09c569aea266,uci165-0897,10.24432/C5PK67
284,120,0,168,7,970,794,28,40.934190119999997,recipe_276e8f011f99432ad3bb23921c9baad7b34209a9d95ae9f88e0ab2285c0a4e8d,uci165-0898,10.24432/C5PK67
336,0,0,182,3,986,817,28,44.864203320000001,recipe_ae7ce04f3e312f5dca9e9f4ffb5d51290d8db46addf8aa2961071e460303d078,uci165-0899,10.24432/C5PK67
145,0,134,181,11,979,812,28,13.196570639999999,recipe_1698b5493d9c2b165b02c8583e5f35630ac209e17dcca76b20ea696354ead28b,uci165-0900,10.24432/C5PK67
150,237,0,174,12,1069,675,28,37.431652039999996,recipe_b775e415fca06c168c2fe2f2e91bd1a66141d59407a70aa6835eb73dac37b988,uci165-0901,10.24432/C5PK67
144,170,133,192,8,814,805,28,29.86810032,recipe_4f08c28b8e150f8a5ab128cd43d76232cab454f37b43b169ca40e09c08ec4d9d,uci165-0902,10.24432/C5PK67
331,170,0,195,8,811,802,28,56.612874359999999,recipe_3889b0db4a36c8e99f355ddbf46a6ef58a20a908f10bd31abdf10ee331b0a128,uci165-0903,10.24432/C5PK67
155,0,143,193,9,1047,697,28,12.45883132,recipe_85199b0fd90b72744b99ec638ec8725959d257f0850fa4f29ee13f096af52908,uci165-0904,10.24432/C5PK67
155,183,0,193,9,877,868,28,23.786922000000001,recipe_646bcfb76f0d04bd135503c1660cd8a4bef784190daa3604126b75b1941bf469,uci165-0905,10.24432/C5PK67
135,0,166,180,10,961,805,28,13.29309728,recipe_4faecef4b9bc7a6a0aaadb226469dc3f49ede5156f5e444c3cfd0b55d22cd440,uci165-0906,10.24432/C5PK67
266,112,87,178,10,910,745,28,39.417342919999996,recipe_2b23c4d097f4d9e59cdb1e29fee1bf3c163f756a03b8c278ba840f90605b1158,uci165-0907,10.24432/C5PK67
314,145,113,179,8,869,690,28,46.229365799999997,recipe_82f5d4581a75239da0fa0c6d0bcaee6d1f1f434951b21aa544fe20b0ce10e88a,uci165-0908,10.24432/C5PK67
313,145,0,127,8,1000,822,28,44.519465320000002,recipe_9ad2a3bca145d66fbc09c3e543e6a8f2444423e6abd11ed2b8eeacec04ee8f82,uci165-0909,10.24432/C5PK67
146,173,0,182,3,986,817,28,23.73865868,recipe_bf5f16dd8ef9cea670419da00bc5873ccfa501dbcfa3e64c87904e411c96c082,uci165-0910,10.24432/C5PK67
144,136,106,178,7,941,774,28,26.144929919999999,recipe_ddbebd31b576f26595ef0d1f4681e4ee8523eb89e942dfddf5ee981e53f11743,uci165-0911,10.24432/C5PK67
148,0,182,181,15,839,884,28,15.520104759999999,recipe_b5a959ecb0e5b2f2c6645c59d753e5081f8495a8beae73c8f5df08abc2263226,uci165-0912,10.24432/C5PK67
277,117,91,191,7,946,666,28,43.574883200000002,recipe_6b4366c39b42c198a8d7a02f111a64933aa96e47ba3771a54f81b08afe092953,uci165-0913,10.24432/C5PK67
298,0,107,164,13,953,784,28,35.859646759999997,recipe_4ec3c88acd5aa9cc794cca116ca3ea50019ed85d4cbc6e6fd137891e825b6e8f,uci165-0914,10.24432/C5PK67
313,145,0,178,8,1002,689,28,41.051401040000002,recipe_4fd2e259fc16489feacaa197a9ef2531e37b234570d7c49b7b1bddea963c0f20,uci165-0915,10.24432/C5PK67
155,184,143,194,9,880,699,28,28.98557104,recipe_e12aafacbfb27f552290b2c5f011129d951f9f88dee8507f4b4ec2aa303a5f48,uci165-0916,10.24432/C5PK67
289,134,0,195,6,924,760,28,46.24315532,recipe_9b598357be190d6b2948133dcecc4419fa802b68a44c177e5ed5b8a5f6d60a7a,uci165-0917,10.24432/C5PK67
148,175,0,171,2,1000,828,28,26.917143039999999,recipe_23c88065b0b582b901e6ce359ae64afd1fc75de104b0f4d4704717a4c59db336,uci165-0918,10.24432/C5PK67
145,0,179,202,8,824,869,28,10.53519328,recipe_106b5e6bd4f2d5c8cd0d07cbc5c517277b462755eeda4afb30bc35db34131ca7,uci165-0919,10.24432/C5PK67
313,0,0,178,8,1000,822,28,25.096926400000001,recipe_b9f5e9333919b24f90ac53b6e0ae4cc9ff356df0816c30bbea2576bff885b3dd,uci165-0920,10.24432/C5PK67
136,162,126,172,10,923,764,28,29.068308160000001,recipe_06d5fd3a70358a6d81888413914e60b20ee80f7571bedce1ac14e8b3564f019a,uci165-0921,10.24432/C5PK67
155,0,143,193,9,877,868,28,9.7354011199999988,recipe_36e50ceb41fa05b125f3d289c5454c262d623c824436617a889a1fd71efba13c,uci165-0922,10.24432/C5PK67
255,99,77,189,6,919,749,28,33.798113520000001,recipe_da015b01262ca335c7d1bf6851c860c86363a0ffcae5aed94db0fa325eb06e12,uci165-0923,10.24432/C5PK67
162,207,172,216,10,822,638,28,39.84481804,recipe_acee434eae1dd0f10cda2d8377214ca5881097c48b140077316cea572dd55b9e,uci165-0924,10.24432/C5PK67
136,196,98,199,6,847,783,28,26.965406359999999,recipe_ce46f6e3e4ab8e4b8f4f262fbf224c04576600bb47eae79c4e0f69cb52293567,uci165-0925,10.24432/C5PK67
164,163,128,197,8,961,641,28,27.234302,recipe_765a3ba60b8c8342c3ed4fb3a5a38d01438a6b4b37c5508488a9129198e12847,uci165-0926,10.24432/C5PK67
162,214,164,202,10,820,680,28,30.647208199999998,recipe_b5c08f2d039c41c2150ff241e74aaf5469c59d12a271ef93060f420f31871d94,uci165-0927,10.24432/C5PK67
157,214,152,200,9,819,704,28,33.053479439999997,recipe_8078e37c945a09a6a0513caf81bddd447848f764cd6eeb677e646e275ba30ab7,uci165-0928,10.24432/C5PK67
149,153,194,192,8,935,623,28,24.579819399999998,recipe_e62abf5c5964a1679e86d9d35390be7650f93c7559e07e2cd0b1954f444c13c1,uci165-0929,10.24432/C5PK67
135,105,193,196,6,965,643,28,21.911547280000001,recipe_b3f34d34684488bedc78f15706708d2f6bf6345ce230bb36202e646319343ce4,uci165-0930,10.24432/C5PK67
159,209,161,201,7,848,669,28,30.881630039999997,recipe_9a974721f0baf97a9bebbacb806b97b3f2b6512f67f16b5ac5c8e42ae305802a,uci165-0931,10.24432/C5PK67
144,15,195,176,6,1021,709,28,15.340840999999999,recipe_04baba99635ea3305808409e55d14781cb2353d05481fd3c09ccd6f4e0aa62f0,uci165-0932,10.24432/C5PK67
154,174,185,228,7,845,612,28,24.338502800000001,recipe_a4c74702a70090f7c29f6c7f52524334684d966db4431482e12ea969e48fccca,uci165-0933,10.24432/C5PK67
167,187,195,185,7,898,636,28,23.890343399999999,recipe_763edaf8cf1db7864d4fefc27a2f246047c7c4d61baf9b687f8795c97479cb76,uci165-0934,10.24432/C5PK67
184,86,190,213,6,923,623,28,22.93197176,recipe_5a903a2d508cc39529de0fecd07e925d55b3fd83eac1e40c52772cfdd446fb02,uci165-0935,10.24432/C5PK67
156,178,187,221,7,854,614,28,29.41304616,recipe_c81e70eb292a69c9cb17b5a3e1e4856a288495af8e1627bb61ad7a316718bf7f,uci165-0936,10.24432/C5PK67
236.90000000000001,91.700000000000003,71.5,246.90000000000001,6,852.89999999999998,695.39999999999998,28,28.629801423999997,recipe_315c27b4d4f6310ba54f05e997f64fe3270f757e5d2f77eba9855aa292c37ceb,uci165-0937,10.24432/C5PK67
313.30000000000001,0,113,178.5,8,1001.9,688.70000000000005,28,36.804918356000002,recipe_c5f2465e9a15c11233b4dd1ea8a5bebb347a15b689cbd183fc8425a70ec1f4be,uci165-0938,10.24432/C5PK67
154.80000000000001,183.40000000000001,0,193.30000000000001,9.0999999999999996,1047.4000000000001,696.70000000000005,28,18.287661423999999,recipe_3bbad3eb2a5d66ad8b94dc784581ea1314d443d45aa4cf8092852e245a752d65,uci165-0939,10.24432/C5PK67
145.90000000000001,230.5,0,202.5,3.3999999999999999,827,871.79999999999995,28,32.720462531999999,recipe_5abeed33519dedc23017d11675c06320959fca4a436c47f7d30641d551d37b66,uci165-0940,10.24432/C5PK67
296,0,106.7,221.40000000000001,10.5,819.20000000000005,778.39999999999998,28,31.420110796000003,recipe_bda7d602aa78cb64876a0093779f8b4758b27a8052f4c2c7304c3c2c4d8656ee,uci165-0941,10.24432/C5PK67
133.09999999999999,210.19999999999999,0,195.69999999999999,3.1000000000000001,949.39999999999998,795.29999999999995,28,28.937997196000001,recipe_f6bc4fbe7d2b86cbddc532da6faf9d1205f9173aa01314c5e717830e2de38823,uci165-0942,10.24432/C5PK67
313.30000000000001,145,0,178.5,8,867.20000000000005,824,28,40.925226931999994,recipe_c2e07d7c089fab61bddd375592df86c008dd62ff7787bb3ece968d060738b7c1,uci165-0943,10.24432/C5PK67
151.59999999999999,0,111.90000000000001,184.40000000000001,7.9000000000000004,992,815.89999999999998,28,12.180972492,recipe_9bba4a94d6f4d2c53d6d96d0b33dab4eaedab8e618623f565c20f58e99fa2bdc,uci165-0944,10.24432/C5PK67
153.09999999999999,145,113,178.5,8,1001.9,688.70000000000005,28,25.559564796,recipe_3b68c9b4ba9a3cd1db478f42225b7b47a67b355fd034a9b47594f74123ae3db3,uci165-0945,10.24432/C5PK67
139.90000000000001,132.59999999999999,103.3,200.30000000000001,7.4000000000000004,916,753.39999999999998,28,36.443632932,recipe_486d67f8183a0d2500ecb2e2bea2e5ce1298733b37637b95ee00450b9596d2ec,uci165-0946,10.24432/C5PK67
149.5,236,0,175.80000000000001,12.6,846.79999999999995,892.70000000000005,28,32.963847559999998,recipe_f59a14cee052241fd47f8d2eb001d068f070ad7bf87032c0fc848d41be85d50f,uci165-0947,10.24432/C5PK67
299.80000000000001,0,119.8,211.5,9.9000000000000004,878.20000000000005,727.60000000000002,28,23.835874795999999,recipe_60cee13a7edfe42a23971bac4039cdf73bed1c9e1a7fb9026a68d1c7ce09e33d,uci165-0948,10.24432/C5PK67
153.09999999999999,145,113,178.5,8,867.20000000000005,824,28,26.233182848000002,recipe_3731ebb2de6771663dfa117d3a8b1480267a7994e19f34456a28603aec9fd8f8,uci165-0949,10.24432/C5PK67
148.09999999999999,0,136.59999999999999,158.09999999999999,16.100000000000001,1001.8,830.10000000000002,28,17.959470848000002,recipe_f2bf74fc56f0416d359212f2ab9c5184a27551850cda3dbf57a7ddccc5c85675,uci165-0950,10.24432/C5PK67
326.5,0,137.90000000000001,199,10.800000000000001,801.10000000000002,792.5,28,38.630650803999998,recipe_721d85908f2f8e8abf737460f0fe1c35f6d67527330f14edf5959be3117edfb6,uci165-0951,10.24432/C5PK67
152.69999999999999,144.69999999999999,0,178.09999999999999,8,999.70000000000005,822.20000000000005,28,19.009542795999998,recipe_b3b7cbbecfca6ee233689fe53287887a4e85a8ad0019c6180dd362c7e2116858,uci165-0952,10.24432/C5PK67
261.89999999999998,110.5,86.099999999999994,195.40000000000001,5,895.20000000000005,732.60000000000002,28,33.718823780000001,recipe_f4b276ed0a53a61216f29d01d17ffde7ffb500efc5460d34815b23c4759960de,uci165-0953,10.24432/C5PK67
158.40000000000001,0,194.90000000000001,219.69999999999999,11,897.70000000000005,712.89999999999998,28,8.536402356,recipe_d0b1d77e4b0bf2fb9e9a413b7702d7011c9faa7310eeba8c86b41cbf656720c9,uci165-0954,10.24432/C5PK67
150.69999999999999,0,185.30000000000001,166.69999999999999,15.6,1074.5,678,28,13.461329424000001,recipe_db794193b1776ac0216d75b1afe371dc0761cff40f0d6231e984e6f25af41362,uci165-0955,10.24432/C5PK67
272.60000000000002,0,89.599999999999994,198.69999999999999,10.6,931.29999999999995,762.20000000000005,28,32.245413568000004,recipe_c3ab6363c50d1c5070f4af7b7e60eb759db768455d097c90cbb6cd5cb388b7c6,uci165-0956,10.24432/C5PK67
149,117.59999999999999,91.700000000000003,182.90000000000001,7.0999999999999996,953.39999999999998,780.29999999999995,28,23.524231644,recipe_d0407c97dc26a159a23fabb6ca274eb9f6f1634b655244d4f7ce38d62b08f1bd,uci165-0957,10.24432/C5PK67
143,169.40000000000001,142.69999999999999,190.69999999999999,8.4000000000000004,967.39999999999998,643.5,28,29.726068263999995,recipe_139875f3b3d11f4f499e7dbc4f333d05e1196a384c2f5c050db36329a98c5242,uci165-0958,10.24432/C5PK67
259.89999999999998,100.59999999999999,78.400000000000006,170.59999999999999,10.4,935.70000000000005,762.89999999999998,28,49.77327244,recipe_ab328fb1dc1c26bb0d971cca4652f10301ab0a8624457e3df8ce2715c1ca49f7,uci165-0959,10.24432/C5PK67
312.89999999999998,160.5,0,177.59999999999999,9.5999999999999996,916.60000000000002,759.5,28,52.446370891999997,recipe_c24b207bfe4d01904f91b3cc869e46cd2efc9dbe38d70fb89e6fd18cb9d383a8,uci165-0960,10.24432/C5PK67
284,119.7,0,168.30000000000001,7.2000000000000002,970.39999999999998,794.20000000000005,28,40.934879596000002,recipe_8f356b4a3417ae76b1c10a12f2f45724746a6be62487bd2a34e6f58e489cfca9,uci165-0961,10.24432/C5PK67
336.5,0,0,181.90000000000001,3.3999999999999999,985.79999999999995,816.79999999999995,28,44.868340176000004,recipe_b56720d9b757596d9f2d4a6d4466066cc98bafb215898b382b3310959ee20ea8,uci165-0962,10.24432/C5PK67
144.80000000000001,0,133.59999999999999,180.80000000000001,11.1,979.5,811.5,28,13.202086447999999,recipe_196b8255e3e4f7d2a0680544ac2729698540eac3ebd91206d190d8914eda6179,uci165-0963,10.24432/C5PK67
150,236.80000000000001,0,173.80000000000001,11.9,1069.3,674.79999999999995,28,37.431652039999996,recipe_72266aadb1a87bf54d3e232a6ffd30d970b7a51501c40b34928b51df82d64ee8,uci165-0964,10.24432/C5PK67
143.69999999999999,170.19999999999999,132.59999999999999,191.59999999999999,8.5,814.10000000000002,805.29999999999995,28,29.870858223999996,recipe_33f0722fbaa36b3b3a2a8838fb38207b7763e320058996cfb2f454745c76866c,uci165-0965,10.24432/C5PK67
330.5,169.59999999999999,0,194.90000000000001,8.0999999999999996,811,802.29999999999995,28,56.619079643999996,recipe_31bccfae9af80c32fa4675252b0e0cece12e74af1bdc7013166b5903d1ac9a3c,uci165-0966,10.24432/C5PK67
154.80000000000001,0,142.80000000000001,193.30000000000001,9.0999999999999996,1047.4000000000001,696.70000000000005,28,12.459520796,recipe_31bf94c5247a7b280707f2ad460965ce04ee4616919d808ea1a09dad40bfa53c,uci165-0967,10.24432/C5PK67
154.80000000000001,183.40000000000001,0,193.30000000000001,9.0999999999999996,877.20000000000005,867.70000000000005,28,23.786922000000001,recipe_4c9dcc8d59c83ffea7bc1d6ca11523d6d7e5d7754d47e9d751b32fcb4a4bb3f0,uci165-0968,10.24432/C5PK67
134.69999999999999,0,165.69999999999999,180.19999999999999,10,961,804.89999999999998,28,13.293786755999999,recipe_f8f58f14755badcd9fc8cf30dfd313c9625ef6131f274e0c66a370d2cbe7cf34,uci165-0969,10.24432/C5PK67
266.19999999999999,112.3,87.5,177.90000000000001,10.4,909.70000000000005,744.5,28,39.421479775999998,recipe_957d21077bcef03c44f930f435157cca58dc0646ace508c67341dd377a128969,uci165-0970,10.24432/C5PK67
314,145.30000000000001,113.2,178.90000000000001,8,869.10000000000002,690.20000000000005,28,46.234192131999997,recipe_c2274bfd3b0661d5da4a3ab59ed9488a433791a242b482230abde39f394d8f50,uci165-0971,10.24432/C5PK67
312.69999999999999,144.69999999999999,0,127.3,8,999.70000000000005,822.20000000000005,28,44.523602176000004,recipe_ad8287ba33c09c7a5075b2532ea7928e6acdacb217384473d80b79a3f0e7f2cd,uci165-0972,10.24432/C5PK67
145.69999999999999,172.59999999999999,0,181.90000000000001,3.3999999999999999,985.79999999999995,816.79999999999995,28,23.744174487999999,recipe_1b7379f2fa0a0e7897c8d483bf3f2e3e4faa333a2026c40b5066b8a96b52b113,uci165-0973,10.24432/C5PK67
143.80000000000001,136.30000000000001,106.2,178.09999999999999,7.5,941.5,774.29999999999995,28,26.147687823999998,recipe_7bc5c3fbdfef7fe7da9598d7c564e39e485177424d48067b6a720ea0abb2a30c,uci165-0974,10.24432/C5PK67
148.09999999999999,0,182.09999999999999,181.40000000000001,15,838.89999999999998,884.29999999999995,28,15.526310044000001,recipe_b41a1d1f538fd3749c5eb673602af6b08506770f2e1c3f2ff758f7ba4c7c7c3f,uci165-0975,10.24432/C5PK67
277,116.8,91,190.59999999999999,7,946.5,665.60000000000002,28,43.578330579999999,recipe_8f05347fb8cb6b0217c5a43e299321255c3ff20981ca01cfee61496c3ef7b09d,uci165-0976,10.24432/C5PK67
298.10000000000002,0,107.5,163.59999999999999,12.800000000000001,953.20000000000005,784,28,35.865852043999993,recipe_b27fd89655f7d00fa166826d10286960fe7de8fb30e15a1661429ed1d30ed01a,uci165-0977,10.24432/C5PK67
313.30000000000001,145,0,178.5,8,1001.9,688.70000000000005,28,41.053469468000003,recipe_1f3e04113ea2768876cd4a44b9ba39d1eaf6a086cf95797892aeb1b45eab87db,uci165-0978,10.24432/C5PK67
155.19999999999999,183.90000000000001,143.19999999999999,193.80000000000001,9.1999999999999993,879.60000000000002,698.5,28,28.991086848000002,recipe_08c4cef312fe89b3e89ace58ed38cd745420d7bc66d1d6b466077283cebbeaa8,uci165-0979,10.24432/C5PK67
289,133.69999999999999,0,194.90000000000001,5.5,924.10000000000002,760.10000000000002,28,46.247292176000002,recipe_911c1e5703b10407ce226f26f0e593fe66c0ff2d804c4215c8a26516e7950366,uci165-0980,10.24432/C5PK67
147.80000000000001,175.09999999999999,0,171.19999999999999,2.2000000000000002,1000,828.5,28,26.922658848000001,recipe_58cbb72b21cf708345a107cbd90cb63727d3caa37d04e04c21b26cb15b2f999d,uci165-0981,10.24432/C5PK67
145.40000000000001,0,178.90000000000001,201.69999999999999,7.7999999999999998,824,868.70000000000005,28,10.535882755999999,recipe_cd16383d3b2c9f9bdc4e649bd0bb76d0994240247daa0851234fce825dd23075,uci165-0982,10.24432/C5PK67
312.69999999999999,0,0,178.09999999999999,8,999.70000000000005,822.20000000000005,28,25.103821159999999,recipe_699a8da9687932479c6aa8c323e08deb3b1f5eebf7c92cce26668d14946edb07,uci165-0983,10.24432/C5PK67
136.40000000000001,161.59999999999999,125.8,171.59999999999999,10.4,922.60000000000002,764.39999999999998,28,29.073134491999998,recipe_72b497d963b363e1026f1db019c42e7a8909c5782836adf5ccdde8bc73166100,uci165-0984,10.24432/C5PK67
154.80000000000001,0,142.80000000000001,193.30000000000001,9.0999999999999996,877.20000000000005,867.70000000000005,28,9.7381590239999998,recipe_59afb2ce3a43f215b70ed28d95bf9084ea52c1a2de50098e37cdc4dd373d0329,uci165-0985,10.24432/C5PK67
255.30000000000001,98.799999999999997,77,188.59999999999999,6.5,919,749.29999999999995,28,33.798802995999999,recipe_b4cb50caa54bec591eb4158b86d8c751136f9446de99520e6523d29a37582832,uci165-0986,10.24432/C5PK67
272.80000000000001,105.09999999999999,81.799999999999997,209.69999999999999,9,904,679.70000000000005,28,37.171030111999997,recipe_bc11d628636d9ccac113ac27e698399ad6543ca5f149c1fbc7117796b9f07702,uci165-0987,10.24432/C5PK67
162,190.09999999999999,148.09999999999999,178.80000000000001,18.800000000000001,838.10000000000002,741.39999999999998,28,33.762260767999997,recipe_c646255cb2daca82c5b6da22fabe412c960f2ce3283fa3a7454d378bc85cb81f,uci165-0988,10.24432/C5PK67
153.59999999999999,144.19999999999999,112.3,220.09999999999999,10.1,923.20000000000005,657.89999999999998,28,16.503987012,recipe_32837abdad0fdad8a28655693bc0f340ace80e93d79a4dba410da073d470a411,uci165-0989,10.24432/C5PK67
146.5,114.59999999999999,89.299999999999997,201.90000000000001,8.8000000000000007,860,829.5,28,19.98790924,recipe_af61837e38b4b86b73f122bd9968d433c7204616ec9da542a4fab1fcc152a916,uci165-0990,10.24432/C5PK67
151.80000000000001,178.09999999999999,138.69999999999999,167.5,18.300000000000001,944,694.60000000000002,28,36.349864195999999,recipe_6dd9eb9bdb2487716a66b806dac7287fe59524ec067c92b5c558eefa89e992a3,uci165-0991,10.24432/C5PK67
309.89999999999998,142.80000000000001,111.2,167.80000000000001,22.100000000000001,913.89999999999998,651.20000000000005,28,38.215586251999994,recipe_1e36a5709f14d32bad71ed8adc109c3cf031262748a854dff4b019706654de31,uci165-0992,10.24432/C5PK67
143.59999999999999,0,174.90000000000001,158.40000000000001,17.899999999999999,942.70000000000005,844.5,28,15.42357812,recipe_1bb893ecb6a7fd1897d350ed2bf35bff13a37d98d9e5de986ae48da69b31eb73,uci165-0993,10.24432/C5PK67
303.60000000000002,139.90000000000001,0,213.5,6.2000000000000002,895.5,722.5,28,33.419591195999999,recipe_a0b91345677af7272a43fcba3ef6a0802911bc0cc982666728a014172987bd31,uci165-0994,10.24432/C5PK67
374.30000000000001,0,0,190.19999999999999,6.7000000000000002,1013.2,730.39999999999998,28,39.056057496000001,recipe_d3deac63e34edb51ecf21f47f03c81ecdc0a9dba0726f10550bc677756ed9e1f,uci165-0995,10.24432/C5PK67
158.59999999999999,148.90000000000001,116,175.09999999999999,15,953.29999999999995,719.70000000000005,28,27.681082448000002,recipe_36a0682e79e825a96168cac7bc0655b5e3b09ee11a919b5d13f6bee85ac113fa,uci165-0996,10.24432/C5PK67
152.59999999999999,238.69999999999999,0,200,6.2999999999999998,1001.8,683.89999999999998,28,26.859916531999996,recipe_2c481ad726a3452152d8f229dccbe050bdfeec7c31bf618d845c1b18e904015e,uci165-0997,10.24432/C5PK67
310,142.80000000000001,0,167.90000000000001,10,914.29999999999995,804,28,45.304778483999996,recipe_7fb35c2e2111db56e44b85c022509c4f55b57726a2196ea5d3405bfe4b4062e4,uci165-0998,10.24432/C5PK67
304.80000000000001,0,99.599999999999994,196,9.8000000000000007,959.39999999999998,705.20000000000005,28,30.123206440000001,recipe_516cdee9e89a1d9e942b3ce8466eaf94a617498487d1804de1b00f2de1e1bac1,uci165-0999,10.24432/C5PK67
150.90000000000001,0,183.90000000000001,166.59999999999999,11.6,991.20000000000005,772.20000000000005,28,15.569747031999999,recipe_4a6e6750d23f2090dc4d241676d1d5723558d6d0beb5b484df51dbd53bff2d70,uci165-1000,10.24432/C5PK67
141.90000000000001,166.59999999999999,129.69999999999999,173.5,10.9,882.60000000000002,785.29999999999995,28,44.611855103999993,recipe_66e57f278f9b88ce444f9cd3953935bf188896d58ec1b50fa655198890b5fda5,uci165-1001,10.24432/C5PK67
297.80000000000001,137.19999999999999,106.90000000000001,201.30000000000001,6,878.39999999999998,655.29999999999995,28,53.524711355999997,recipe_e7f2f9095118beca015957daf2adb64676ed0e7c5c8b88ebf3df303a03edda52,uci165-1002,10.24432/C5PK67
321.30000000000001,164.19999999999999,0,190.5,4.5999999999999996,870,774,28,57.218234287999991,recipe_ad0aec6267a634288b6463e45e406ccf37fda2fd2f27cb16f76ebf442d739cf8,uci165-1003,10.24432/C5PK67
366,187,0,191.30000000000001,6.5999999999999996,824.29999999999995,756.89999999999998,28,65.909079267999999,recipe_449da4ec8215b8665def4b8d18a57f22a58ec0f2ac37ad011587d724e5edbb05,uci165-1004,10.24432/C5PK67
279.80000000000001,128.90000000000001,100.40000000000001,172.40000000000001,9.5,825.10000000000002,804.89999999999998,28,52.826961643999994,recipe_d2256c7d830730d91bb304737d4086d81b5f8e2487f093c596e6ecbb37da24b1,uci165-1005,10.24432/C5PK67
252.09999999999999,97.099999999999994,75.599999999999994,193.80000000000001,8.3000000000000007,835.5,821.39999999999998,28,33.399596391999999,recipe_32f95aa3d0ca8fb1865e9f66d7827fb6786cb5c7755cd51f7be0588ca13eb841,uci165-1006,10.24432/C5PK67
164.59999999999999,0,150.40000000000001,181.59999999999999,11.699999999999999,1023.3,728.89999999999998,28,18.033934255999998,recipe_41a829031972f89a2b90aefedfc01cbfe03c3038c58de627506cfc6551014de6,uci165-1007,10.24432/C5PK67
155.59999999999999,243.5,0,180.30000000000001,10.699999999999999,1022,697.70000000000005,28,37.363393916,recipe_820861108d64b6107f9c06bff8903c1f5394bd8884f9c071ea49339be45e91a2,uci165-1008,10.24432/C5PK67
160.19999999999999,188,146.40000000000001,203.19999999999999,11.300000000000001,828.70000000000005,709.70000000000005,28,35.314271243999997,recipe_8a947a802514d27e2f792a2a6658fee377b8426685574c0d25d2eccdd8c2abd5,uci165-1009,10.24432/C5PK67
298.10000000000002,0,107,186.40000000000001,6.0999999999999996,879,815.20000000000005,28,42.644090599999998,recipe_e78a46b477fce9397b9d1a27f3d29aa99b84bf52b223f3f641b602d07ef163d1,uci165-1010,10.24432/C5PK67
317.89999999999998,0,126.5,209.69999999999999,5.7000000000000002,860.5,736.60000000000002,28,40.062002979999995,recipe_39832fbfbb0df6a12aedfe2b1b5fc42c3f17902b93bad1395a876869bfb33b2f,uci165-1011,10.24432/C5PK67
287.30000000000001,120.5,93.900000000000006,187.59999999999999,9.1999999999999993,904.39999999999998,695.89999999999998,28,43.798273423999994,recipe_d41a9aa8bb3a4dd62d8ca3a3dc76395df88a68513d42ec6aba1eadcafde1baa0,uci165-1012,10.24432/C5PK67
325.60000000000002,166.40000000000001,0,174,8.9000000000000004,881.60000000000002,790,28,61.23581094,recipe_5b00b2b3dfc5ae7e232d0ae49eaa0e44d263f2ea9e7b6d3db6799c3fe3d8d6f4,uci165-1013,10.24432/C5PK67
355.89999999999998,0,141.59999999999999,193.30000000000001,11,801.39999999999998,778.39999999999998,28,40.8686899,recipe_7d78cdea8a05aba8bcc49bb98b1ab132754168ff988cecf4e52ae1cb9e725b6e,uci165-1014,10.24432/C5PK67
132,206.5,160.90000000000001,178.90000000000001,5.5,866.89999999999998,735.60000000000002,28,33.306517131999996,recipe_e68bb5a5367f3bb6cb8069771133f7e4b45614418d04d6c700a3e09cfe102e78,uci165-1015,10.24432/C5PK67
322.5,148.59999999999999,0,185.80000000000001,8.5,951,709.5,28,52.426376087999998,recipe_599a5bb444dee1b3efa1b047062f283add6d921a8e783b8cdeb55ad2f87df43f,uci165-1016,10.24432/C5PK67
164.19999999999999,0,200.09999999999999,181.19999999999999,12.6,849.29999999999995,846,28,15.091250688000001,recipe_412b35e646aa609a231ab8797a469ece84393c352a4ef4d7db5ce26244c85249,uci165-1017,10.24432/C5PK67
313.80000000000001,0,112.59999999999999,169.90000000000001,10.1,925.29999999999995,782.89999999999998,28,38.461039708000001,recipe_ab409d8823f731ef3047020436c93be4f3720898ee789f674a59b83c55abacff,uci165-1018,10.24432/C5PK67
321.39999999999998,0,127.90000000000001,182.5,11.5,870.10000000000002,779.70000000000005,28,37.265488323999996,recipe_1f9aa4abd102a6a1d6374d59478aa176f481104baedf636457c11608753753d0,uci165-1019,10.24432/C5PK67
139.69999999999999,163.90000000000001,127.7,236.69999999999999,5.7999999999999998,868.60000000000002,655.60000000000002,28,35.225328839999996,recipe_9afccb8b2a0ed0e3be66212baa882856cedb0b8aba799e0117b2bfa04022fd0c,uci165-1020,10.24432/C5PK67
288.39999999999998,121,0,177.40000000000001,7,907.89999999999998,829.5,28,42.140083643999994,recipe_33f0ed085ac3ab7b73a509fd358c9c56e5f3c4162d44e78967301b8792ac2fbd,uci165-1021,10.24432/C5PK67
298.19999999999999,0,107,209.69999999999999,11.1,879.60000000000002,744.20000000000005,28,31.875164956000003,recipe_7ae9f8f5e83c3b2a8f269ea49a6d1cb85a6f46125ad22ba2036270eac0ee2d8f,uci165-1022,10.24432/C5PK67
264.5,111,86.5,195.5,5.9000000000000004,832.60000000000002,790.39999999999998,28,41.542307951999994,recipe_6eaaa891e3e2615d13d3d3e7e0ce4b9c7108a202448ed9d7f78d855a16c50e5f,uci165-1023,10.24432/C5PK67
159.80000000000001,250,0,168.40000000000001,12.199999999999999,1049.3,688.20000000000005,28,39.455953575999999,recipe_2cf399774b601eb3e26d3b72b1bbbe2e730adb342a11877aaf6212537526d0c4,uci165-1024,10.24432/C5PK67
166,259.69999999999999,0,183.19999999999999,12.699999999999999,858.79999999999995,826.79999999999995,28,37.917043143999997,recipe_9027cbb953b0c9d26d79031416f9f8d4afad5e72f3be6b145278ce2c37ac0a05,uci165-1025,10.24432/C5PK67
276.39999999999998,116,90.299999999999997,179.59999999999999,8.9000000000000004,870.10000000000002,768.29999999999995,28,44.284354003999994,recipe_f332472e27eebdb622981b0bee6ee14d393ed7f6a512ec466714da0168b22b31,uci165-1026,10.24432/C5PK67
322.19999999999999,0,115.59999999999999,196,10.4,817.89999999999998,813.39999999999998,28,31.178794196000002,recipe_3d6462fba073c35d3e6d59308ac1633fad98d38db7179ba16062e7863e229b0b,uci165-1027,10.24432/C5PK67
148.5,139.40000000000001,108.59999999999999,192.69999999999999,6.0999999999999996,892.39999999999998,780,28,23.696600644,recipe_a2fa2598428b1a113088a3e54811fee72087bb12a803f0d5baedb55960ec1dc0,uci165-1028,10.24432/C5PK67
159.09999999999999,186.69999999999999,0,175.59999999999999,11.300000000000001,989.60000000000002,788.89999999999998,28,32.768036376000005,recipe_6ad8a2b08aedadab44ef04948aacab11fe566f9f800d02b1b3c8fd3b80e804ca,uci165-1029,10.24432/C5PK67
260.89999999999998,100.5,78.299999999999997,200.59999999999999,8.5999999999999996,864.5,761.5,28,32.401235143999997,recipe_3bdc6a7bf251b4c0893f4e68bc3bc36174e5f44d79220cafc8ccb3ea2101448e,uci165-1030,10.24432/C5PK67
