frequency,angle,chord,velocity,displacement_thickness,sound_pressure,group_id,row_id,source_id
800,0,0.30480000000000002,71.299999999999997,0.00266337,126.20099999999999,condition_7a70e11df8856a20044b75c6f54016c481b7782d2945c515ae7a467aa8cd2073,uci291-0001,10.24432/C5VW2C
1000,0,0.30480000000000002,71.299999999999997,0.00266337,125.20099999999999,condition_7a70e11df8856a20044b75c6f54016c481b7782d2945c515ae7a467aa8cd2073,uci291-0002,10.24432/C5VW2C
1250,0,0.30480000000000002,71.299999999999997,0.00266337,125.95099999999999,condition_7a70e11df8856a20044b75c6f54016c481b7782d2945c515ae7a467aa8cd2073,uci291-0003,10.24432/C5VW2C
1600,0,0.30480000000000002,71.299999999999997,0.00266337,127.59099999999999,condition_7a70e11df8856a20044b75c6f54016c481b7782d2945c515ae7a467aa8cd2073,uci291-0004,10.24432/C5VW2C
2000,0,0.30480000000000002,71.299999999999997,0.00266337,127.461,condition_7a70e11df8856a20044b75c6f54016c481b7782d2945c515ae7a467aa8cd2073,uci291-0005,10.24432/C5VW2C
2500,0,0.30480000000000002,71.299999999999997,0.00266337,125.571,condition_7a70e11df8856a20044b75c6f54016c481b7782d2945c515ae7a467aa8cd2073,uci291-0006,10.24432/C5VW2C
3150,0,0.30480000000000002,71.299999999999997,0.00266337,125.20099999999999,condition_7a70e11df8856a20044b75c6f54016c481b7782d2945c515ae7a467aa8cd2073,uci291-0007,10.24432/C5VW2C
4000,0,0.30480000000000002,71.299999999999997,0.00266337,123.06100000000001,condition_7a70e11df8856a20044b75c6f54016c481b7782d2945c515ae7a467aa8cd2073,uci291-0008,10.24432/C5VW2C
5000,0,0.30480000000000002,71.299999999999997,0.00266337,121.301,condition_7a70e11df8856a20044b75c6f54016c481b7782d2945c515ae7a467aa8cd2073,uci291-0009,10.24432/C5VW2C
6300,0,0.30480000000000002,71.299999999999997,0.00266337,119.541,condition_7a70e11df8856a20044b75c6f54016c481b7782d2945c515ae7a467aa8cd2073,uci291-0010,10.24432/C5VW2C
8000,0,0.30480000000000002,71.299999999999997,0.00266337,117.151,condition_7a70e11df8856a20044b75c6f54016c481b7782d2945c515ae7a467aa8cd2073,uci291-0011,10.24432/C5VW2C
10000,0,0.30480000000000002,71.299999999999997,0.00266337,115.39100000000001,condition_7a70e11df8856a20044b75c6f54016c481b7782d2945c515ae7a467aa8cd2073,uci291-0012,10.24432/C5VW2C
12500,0,0.30480000000000002,71.299999999999997,0.00266337,112.241,condition_7a70e11df8856a20044b75c6f54016c481b7782d2945c515ae7a467aa8cd2073,uci291-0013,10.24432/C5VW2C
16000,0,0.30480000000000002,71.299999999999997,0.00266337,108.721,condition_7a70e11df8856a20044b75c6f54016c481b7782d2945c515ae7a467aa8cd2073,uci291-0014,10.24432/C5VW2C
500,0,0.30480000000000002,55.5,0.00283081,126.416,condition_da227ccb9dd60381f8ce240af2aa1018a6ed12b6f90f9a4a7826ca18a1d8cc2c,uci291-0015,10.24432/C5VW2C
630,0,0.30480000000000002,55.5,0.00283081,127.696,condition_da227ccb9dd60381f8ce240af2aa1018a6ed12b6f90f9a4a7826ca18a1d8cc2c,uci291-0016,10.24432/C5VW2C
800,0,0.30480000000000002,55.5,0.00283081,128.08600000000001,condition_da227ccb9dd60381f8ce240af2aa1018a6ed12b6f90f9a4a7826ca18a1d8cc2c,uci291-0017,10.24432/C5VW2C
1000,0,0.30480000000000002,55.5,0.00283081,126.96599999999999,condition_da227ccb9dd60381f8ce240af2aa1018a6ed12b6f90f9a4a7826ca18a1d8cc2c,uci291-0018,10.24432/C5VW2C
1250,0,0.30480000000000002,55.5,0.00283081,126.086,condition_da227ccb9dd60381f8ce240af2aa1018a6ed12b6f90f9a4a7826ca18a1d8cc2c,uci291-0019,10.24432/C5VW2C
1600,0,0.30480000000000002,55.5,0.00283081,126.986,condition_da227ccb9dd60381f8ce240af2aa1018a6ed12b6f90f9a4a7826ca18a1d8cc2c,uci291-0020,10.24432/C5VW2C
2000,0,0.30480000000000002,55.5,0.00283081,126.616,condition_da227ccb9dd60381f8ce240af2aa1018a6ed12b6f90f9a4a7826ca18a1d8cc2c,uci291-0021,10.24432/C5VW2C
2500,0,0.30480000000000002,55.5,0.00283081,124.10599999999999,condition_da227ccb9dd60381f8ce240af2aa1018a6ed12b6f90f9a4a7826ca18a1d8cc2c,uci291-0022,10.24432/C5VW2C
3150,0,0.30480000000000002,55.5,0.00283081,123.236,condition_da227ccb9dd60381f8ce240af2aa1018a6ed12b6f90f9a4a7826ca18a1d8cc2c,uci291-0023,10.24432/C5VW2C
4000,0,0.30480000000000002,55.5,0.00283081,121.10599999999999,condition_da227ccb9dd60381f8ce240af2aa1018a6ed12b6f90f9a4a7826ca18a1d8cc2c,uci291-0024,10.24432/C5VW2C
5000,0,0.30480000000000002,55.5,0.00283081,119.60599999999999,condition_da227ccb9dd60381f8ce240af2aa1018a6ed12b6f90f9a4a7826ca18a1d8cc2c,uci291-0025,10.24432/C5VW2C
6300,0,0.30480000000000002,55.5,0.00283081,117.976,condition_da227ccb9dd60381f8ce240af2aa1018a6ed12b6f90f9a4a7826ca18a1d8cc2c,uci291-0026,10.24432/C5VW2C
8000,0,0.30480000000000002,55.5,0.00283081,116.476,condition_da227ccb9dd60381f8ce240af2aa1018a6ed12b6f90f9a4a7826ca18a1d8cc2c,uci291-0027,10.24432/C5VW2C
10000,0,0.30480000000000002,55.5,0.00283081,113.07599999999999,condition_da227ccb9dd60381f8ce240af2aa1018a6ed12b6f90f9a4a7826ca18a1d8cc2c,uci291-0028,10.24432/C5VW2C
12500,0,0.30480000000000002,55.5,0.00283081,111.07599999999999,condition_da227ccb9dd60381f8ce240af2aa1018a6ed12b6f90f9a4a7826ca18a1d8cc2c,uci291-0029,10.24432/C5VW2C
200,0,0.30480000000000002,39.600000000000001,0.0031013799999999999,118.129,condition_11b4186955ce5e14f7a377f201faaf67bb56d8d8d6bef4cb22bfcfdef8f52b83,uci291-0030,10.24432/C5VW2C
250,0,0.30480000000000002,39.600000000000001,0.0031013799999999999,119.319,condition_11b4186955ce5e14f7a377f201faaf67bb56d8d8d6bef4cb22bfcfdef8f52b83,uci291-0031,10.24432/C5VW2C
315,0,0.30480000000000002,39.600000000000001,0.0031013799999999999,122.779,condition_11b4186955ce5e14f7a377f201faaf67bb56d8d8d6bef4cb22bfcfdef8f52b83,uci291-0032,10.24432/C5VW2C
400,0,0.30480000000000002,39.600000000000001,0.0031013799999999999,124.809,condition_11b4186955ce5e14f7a377f201faaf67bb56d8d8d6bef4cb22bfcfdef8f52b83,uci291-0033,10.24432/C5VW2C
500,0,0.30480000000000002,39.600000000000001,0.0031013799999999999,126.959,condition_11b4186955ce5e14f7a377f201faaf67bb56d8d8d6bef4cb22bfcfdef8f52b83,uci291-0034,10.24432/C5VW2C
630,0,0.30480000000000002,39.600000000000001,0.0031013799999999999,128.62899999999999,condition_11b4186955ce5e14f7a377f201faaf67bb56d8d8d6bef4cb22bfcfdef8f52b83,uci291-0035,10.24432/C5VW2C
800,0,0.30480000000000002,39.600000000000001,0.0031013799999999999,129.09899999999999,condition_11b4186955ce5e14f7a377f201faaf67bb56d8d8d6bef4cb22bfcfdef8f52b83,uci291-0036,10.24432/C5VW2C
1000,0,0.30480000000000002,39.600000000000001,0.0031013799999999999,127.899,condition_11b4186955ce5e14f7a377f201faaf67bb56d8d8d6bef4cb22bfcfdef8f52b83,uci291-0037,10.24432/C5VW2C
1250,0,0.30480000000000002,39.600000000000001,0.0031013799999999999,125.499,condition_11b4186955ce5e14f7a377f201faaf67bb56d8d8d6bef4cb22bfcfdef8f52b83,uci291-0038,10.24432/C5VW2C
1600,0,0.30480000000000002,39.600000000000001,0.0031013799999999999,124.04900000000001,condition_11b4186955ce5e14f7a377f201faaf67bb56d8d8d6bef4cb22bfcfdef8f52b83,uci291-0039,10.24432/C5VW2C
2000,0,0.30480000000000002,39.600000000000001,0.0031013799999999999,123.68899999999999,condition_11b4186955ce5e14f7a377f201faaf67bb56d8d8d6bef4cb22bfcfdef8f52b83,uci291-0040,10.24432/C5VW2C
2500,0,0.30480000000000002,39.600000000000001,0.0031013799999999999,121.399,condition_11b4186955ce5e14f7a377f201faaf67bb56d8d8d6bef4cb22bfcfdef8f52b83,uci291-0041,10.24432/C5VW2C
3150,0,0.30480000000000002,39.600000000000001,0.0031013799999999999,120.319,condition_11b4186955ce5e14f7a377f201faaf67bb56d8d8d6bef4cb22bfcfdef8f52b83,uci291-0042,10.24432/C5VW2C
4000,0,0.30480000000000002,39.600000000000001,0.0031013799999999999,119.229,condition_11b4186955ce5e14f7a377f201faaf67bb56d8d8d6bef4cb22bfcfdef8f52b83,uci291-0043,10.24432/C5VW2C
5000,0,0.30480000000000002,39.600000000000001,0.0031013799999999999,117.789,condition_11b4186955ce5e14f7a377f201faaf67bb56d8d8d6bef4cb22bfcfdef8f52b83,uci291-0044,10.24432/C5VW2C
6300,0,0.30480000000000002,39.600000000000001,0.0031013799999999999,116.229,condition_11b4186955ce5e14f7a377f201faaf67bb56d8d8d6bef4cb22bfcfdef8f52b83,uci291-0045,10.24432/C5VW2C
8000,0,0.30480000000000002,39.600000000000001,0.0031013799999999999,114.779,condition_11b4186955ce5e14f7a377f201faaf67bb56d8d8d6bef4cb22bfcfdef8f52b83,uci291-0046,10.24432/C5VW2C
10000,0,0.30480000000000002,39.600000000000001,0.0031013799999999999,112.139,condition_11b4186955ce5e14f7a377f201faaf67bb56d8d8d6bef4cb22bfcfdef8f52b83,uci291-0047,10.24432/C5VW2C
12500,0,0.30480000000000002,39.600000000000001,0.0031013799999999999,109.619,condition_11b4186955ce5e14f7a377f201faaf67bb56d8d8d6bef4cb22bfcfdef8f52b83,uci291-0048,10.24432/C5VW2C
200,0,0.30480000000000002,31.699999999999999,0.0033126599999999998,117.19499999999999,condition_b3823bbfdb9bba395f0bfcbb75935c045a1c9f90cd1ef823937178323d2f2956,uci291-0049,10.24432/C5VW2C
250,0,0.30480000000000002,31.699999999999999,0.0033126599999999998,118.595,condition_b3823bbfdb9bba395f0bfcbb75935c045a1c9f90cd1ef823937178323d2f2956,uci291-0050,10.24432/C5VW2C
315,0,0.30480000000000002,31.699999999999999,0.0033126599999999998,122.765,condition_b3823bbfdb9bba395f0bfcbb75935c045a1c9f90cd1ef823937178323d2f2956,uci291-0051,10.24432/C5VW2C
400,0,0.30480000000000002,31.699999999999999,0.0033126599999999998,125.045,condition_b3823bbfdb9bba395f0bfcbb75935c045a1c9f90cd1ef823937178323d2f2956,uci291-0052,10.24432/C5VW2C
500,0,0.30480000000000002,31.699999999999999,0.0033126599999999998,127.315,condition_b3823bbfdb9bba395f0bfcbb75935c045a1c9f90cd1ef823937178323d2f2956,uci291-0053,10.24432/C5VW2C
630,0,0.30480000000000002,31.699999999999999,0.0033126599999999998,129.095,condition_b3823bbfdb9bba395f0bfcbb75935c045a1c9f90cd1ef823937178323d2f2956,uci291-0054,10.24432/C5VW2C
800,0,0.30480000000000002,31.699999999999999,0.0033126599999999998,129.23500000000001,condition_b3823bbfdb9bba395f0bfcbb75935c045a1c9f90cd1ef823937178323d2f2956,uci291-0055,10.24432/C5VW2C
1000,0,0.30480000000000002,31.699999999999999,0.0033126599999999998,127.36499999999999,condition_b3823bbfdb9bba395f0bfcbb75935c045a1c9f90cd1ef823937178323d2f2956,uci291-0056,10.24432/C5VW2C
1250,0,0.30480000000000002,31.699999999999999,0.0033126599999999998,124.355,condition_b3823bbfdb9bba395f0bfcbb75935c045a1c9f90cd1ef823937178323d2f2956,uci291-0057,10.24432/C5VW2C
1600,0,0.30480000000000002,31.699999999999999,0.0033126599999999998,122.36499999999999,condition_b3823bbfdb9bba395f0bfcbb75935c045a1c9f90cd1ef823937178323d2f2956,uci291-0058,10.24432/C5VW2C
2000,0,0.30480000000000002,31.699999999999999,0.0033126599999999998,122.375,condition_b3823bbfdb9bba395f0bfcbb75935c045a1c9f90cd1ef823937178323d2f2956,uci291-0059,10.24432/C5VW2C
2500,0,0.30480000000000002,31.699999999999999,0.0033126599999999998,120.755,condition_b3823bbfdb9bba395f0bfcbb75935c045a1c9f90cd1ef823937178323d2f2956,uci291-0060,10.24432/C5VW2C
3150,0,0.30480000000000002,31.699999999999999,0.0033126599999999998,119.13500000000001,condition_b3823bbfdb9bba395f0bfcbb75935c045a1c9f90cd1ef823937178323d2f2956,uci291-0061,10.24432/C5VW2C
4000,0,0.30480000000000002,31.699999999999999,0.0033126599999999998,118.145,condition_b3823bbfdb9bba395f0bfcbb75935c045a1c9f90cd1ef823937178323d2f2956,uci291-0062,10.24432/C5VW2C
5000,0,0.30480000000000002,31.699999999999999,0.0033126599999999998,115.645,condition_b3823bbfdb9bba395f0bfcbb75935c045a1c9f90cd1ef823937178323d2f2956,uci291-0063,10.24432/C5VW2C
6300,0,0.30480000000000002,31.699999999999999,0.0033126599999999998,113.77500000000001,condition_b3823bbfdb9bba395f0bfcbb75935c045a1c9f90cd1ef823937178323d2f2956,uci291-0064,10.24432/C5VW2C
8000,0,0.30480000000000002,31.699999999999999,0.0033126599999999998,110.515,condition_b3823bbfdb9bba395f0bfcbb75935c045a1c9f90cd1ef823937178323d2f2956,uci291-0065,10.24432/C5VW2C
10000,0,0.30480000000000002,31.699999999999999,0.0033126599999999998,108.265,condition_b3823bbfdb9bba395f0bfcbb75935c045a1c9f90cd1ef823937178323d2f2956,uci291-0066,10.24432/C5VW2C
800,1.5,0.30480000000000002,71.299999999999997,0.0033672900000000002,127.122,condition_882b019874fac87e046a7677be2b32f20ed7f0aa9583f426ac84c1e3b7c4723d,uci291-0067,10.24432/C5VW2C
1000,1.5,0.30480000000000002,71.299999999999997,0.0033672900000000002,125.992,condition_882b019874fac87e046a7677be2b32f20ed7f0aa9583f426ac84c1e3b7c4723d,uci291-0068,10.24432/C5VW2C
1250,1.5,0.30480000000000002,71.299999999999997,0.0033672900000000002,125.872,condition_882b019874fac87e046a7677be2b32f20ed7f0aa9583f426ac84c1e3b7c4723d,uci291-0069,10.24432/C5VW2C
1600,1.5,0.30480000000000002,71.299999999999997,0.0033672900000000002,126.63200000000001,condition_882b019874fac87e046a7677be2b32f20ed7f0aa9583f426ac84c1e3b7c4723d,uci291-0070,10.24432/C5VW2C
2000,1.5,0.30480000000000002,71.299999999999997,0.0033672900000000002,126.642,condition_882b019874fac87e046a7677be2b32f20ed7f0aa9583f426ac84c1e3b7c4723d,uci291-0071,10.24432/C5VW2C
2500,1.5,0.30480000000000002,71.299999999999997,0.0033672900000000002,124.512,condition_882b019874fac87e046a7677be2b32f20ed7f0aa9583f426ac84c1e3b7c4723d,uci291-0072,10.24432/C5VW2C
3150,1.5,0.30480000000000002,71.299999999999997,0.0033672900000000002,123.392,condition_882b019874fac87e046a7677be2b32f20ed7f0aa9583f426ac84c1e3b7c4723d,uci291-0073,10.24432/C5VW2C
4000,1.5,0.30480000000000002,71.299999999999997,0.0033672900000000002,121.762,condition_882b019874fac87e046a7677be2b32f20ed7f0aa9583f426ac84c1e3b7c4723d,uci291-0074,10.24432/C5VW2C
5000,1.5,0.30480000000000002,71.299999999999997,0.0033672900000000002,119.63200000000001,condition_882b019874fac87e046a7677be2b32f20ed7f0aa9583f426ac84c1e3b7c4723d,uci291-0075,10.24432/C5VW2C
6300,1.5,0.30480000000000002,71.299999999999997,0.0033672900000000002,118.122,condition_882b019874fac87e046a7677be2b32f20ed7f0aa9583f426ac84c1e3b7c4723d,uci291-0076,10.24432/C5VW2C
8000,1.5,0.30480000000000002,71.299999999999997,0.0033672900000000002,115.372,condition_882b019874fac87e046a7677be2b32f20ed7f0aa9583f426ac84c1e3b7c4723d,uci291-0077,10.24432/C5VW2C
10000,1.5,0.30480000000000002,71.299999999999997,0.0033672900000000002,113.492,condition_882b019874fac87e046a7677be2b32f20ed7f0aa9583f426ac84c1e3b7c4723d,uci291-0078,10.24432/C5VW2C
12500,1.5,0.30480000000000002,71.299999999999997,0.0033672900000000002,109.22199999999999,condition_882b019874fac87e046a7677be2b32f20ed7f0aa9583f426ac84c1e3b7c4723d,uci291-0079,10.24432/C5VW2C
16000,1.5,0.30480000000000002,71.299999999999997,0.0033672900000000002,106.58199999999999,condition_882b019874fac87e046a7677be2b32f20ed7f0aa9583f426ac84c1e3b7c4723d,uci291-0080,10.24432/C5VW2C
315,1.5,0.30480000000000002,39.600000000000001,0.0039210699999999996,121.851,condition_b2c467db56da211c4c739fd75accbbb476443e1150bccea4c84832a0dec1551f,uci291-0081,10.24432/C5VW2C
400,1.5,0.30480000000000002,39.600000000000001,0.0039210699999999996,124.001,condition_b2c467db56da211c4c739fd75accbbb476443e1150bccea4c84832a0dec1551f,uci291-0082,10.24432/C5VW2C
500,1.5,0.30480000000000002,39.600000000000001,0.0039210699999999996,126.661,condition_b2c467db56da211c4c739fd75accbbb476443e1150bccea4c84832a0dec1551f,uci291-0083,10.24432/C5VW2C
630,1.5,0.30480000000000002,39.600000000000001,0.0039210699999999996,128.31100000000001,condition_b2c467db56da211c4c739fd75accbbb476443e1150bccea4c84832a0dec1551f,uci291-0084,10.24432/C5VW2C
800,1.5,0.30480000000000002,39.600000000000001,0.0039210699999999996,128.83099999999999,condition_b2c467db56da211c4c739fd75accbbb476443e1150bccea4c84832a0dec1551f,uci291-0085,10.24432/C5VW2C
1000,1.5,0.30480000000000002,39.600000000000001,0.0039210699999999996,127.581,condition_b2c467db56da211c4c739fd75accbbb476443e1150bccea4c84832a0dec1551f,uci291-0086,10.24432/C5VW2C
1250,1.5,0.30480000000000002,39.600000000000001,0.0039210699999999996,125.211,condition_b2c467db56da211c4c739fd75accbbb476443e1150bccea4c84832a0dec1551f,uci291-0087,10.24432/C5VW2C
1600,1.5,0.30480000000000002,39.600000000000001,0.0039210699999999996,122.211,condition_b2c467db56da211c4c739fd75accbbb476443e1150bccea4c84832a0dec1551f,uci291-0088,10.24432/C5VW2C
2000,1.5,0.30480000000000002,39.600000000000001,0.0039210699999999996,122.101,condition_b2c467db56da211c4c739fd75accbbb476443e1150bccea4c84832a0dec1551f,uci291-0089,10.24432/C5VW2C
2500,1.5,0.30480000000000002,39.600000000000001,0.0039210699999999996,120.98099999999999,condition_b2c467db56da211c4c739fd75accbbb476443e1150bccea4c84832a0dec1551f,uci291-0090,10.24432/C5VW2C
3150,1.5,0.30480000000000002,39.600000000000001,0.0039210699999999996,119.111,condition_b2c467db56da211c4c739fd75accbbb476443e1150bccea4c84832a0dec1551f,uci291-0091,10.24432/C5VW2C
4000,1.5,0.30480000000000002,39.600000000000001,0.0039210699999999996,117.741,condition_b2c467db56da211c4c739fd75accbbb476443e1150bccea4c84832a0dec1551f,uci291-0092,10.24432/C5VW2C
5000,1.5,0.30480000000000002,39.600000000000001,0.0039210699999999996,116.241,condition_b2c467db56da211c4c739fd75accbbb476443e1150bccea4c84832a0dec1551f,uci291-0093,10.24432/C5VW2C
6300,1.5,0.30480000000000002,39.600000000000001,0.0039210699999999996,114.751,condition_b2c467db56da211c4c739fd75accbbb476443e1150bccea4c84832a0dec1551f,uci291-0094,10.24432/C5VW2C
8000,1.5,0.30480000000000002,39.600000000000001,0.0039210699999999996,112.251,condition_b2c467db56da211c4c739fd75accbbb476443e1150bccea4c84832a0dec1551f,uci291-0095,10.24432/C5VW2C
10000,1.5,0.30480000000000002,39.600000000000001,0.0039210699999999996,108.991,condition_b2c467db56da211c4c739fd75accbbb476443e1150bccea4c84832a0dec1551f,uci291-0096,10.24432/C5VW2C
12500,1.5,0.30480000000000002,39.600000000000001,0.0039210699999999996,106.111,condition_b2c467db56da211c4c739fd75accbbb476443e1150bccea4c84832a0dec1551f,uci291-0097,10.24432/C5VW2C
400,3,0.30480000000000002,71.299999999999997,0.0042572699999999996,127.56399999999999,condition_8c4864ba756e3b548fc29b8569d6299f429746ec1e8dbc44cf9e9c7ee6a19c1b,uci291-0098,10.24432/C5VW2C
500,3,0.30480000000000002,71.299999999999997,0.0042572699999999996,128.45400000000001,condition_8c4864ba756e3b548fc29b8569d6299f429746ec1e8dbc44cf9e9c7ee6a19c1b,uci291-0099,10.24432/C5VW2C
630,3,0.30480000000000002,71.299999999999997,0.0042572699999999996,129.35400000000001,condition_8c4864ba756e3b548fc29b8569d6299f429746ec1e8dbc44cf9e9c7ee6a19c1b,uci291-0100,10.24432/C5VW2C
800,3,0.30480000000000002,71.299999999999997,0.0042572699999999996,129.494,condition_8c4864ba756e3b548fc29b8569d6299f429746ec1e8dbc44cf9e9c7ee6a19c1b,uci291-0101,10.24432/C5VW2C
1000,3,0.30480000000000002,71.299999999999997,0.0042572699999999996,129.00399999999999,condition_8c4864ba756e3b548fc29b8569d6299f429746ec1e8dbc44cf9e9c7ee6a19c1b,uci291-0102,10.24432/C5VW2C
1250,3,0.30480000000000002,71.299999999999997,0.0042572699999999996,127.634,condition_8c4864ba756e3b548fc29b8569d6299f429746ec1e8dbc44cf9e9c7ee6a19c1b,uci291-0103,10.24432/C5VW2C
1600,3,0.30480000000000002,71.299999999999997,0.0042572699999999996,126.514,condition_8c4864ba756e3b548fc29b8569d6299f429746ec1e8dbc44cf9e9c7ee6a19c1b,uci291-0104,10.24432/C5VW2C
2000,3,0.30480000000000002,71.299999999999997,0.0042572699999999996,125.524,condition_8c4864ba756e3b548fc29b8569d6299f429746ec1e8dbc44cf9e9c7ee6a19c1b,uci291-0105,10.24432/C5VW2C
2500,3,0.30480000000000002,71.299999999999997,0.0042572699999999996,124.024,condition_8c4864ba756e3b548fc29b8569d6299f429746ec1e8dbc44cf9e9c7ee6a19c1b,uci291-0106,10.24432/C5VW2C
3150,3,0.30480000000000002,71.299999999999997,0.0042572699999999996,121.514,condition_8c4864ba756e3b548fc29b8569d6299f429746ec1e8dbc44cf9e9c7ee6a19c1b,uci291-0107,10.24432/C5VW2C
4000,3,0.30480000000000002,71.299999999999997,0.0042572699999999996,120.264,condition_8c4864ba756e3b548fc29b8569d6299f429746ec1e8dbc44cf9e9c7ee6a19c1b,uci291-0108,10.24432/C5VW2C
5000,3,0.30480000000000002,71.299999999999997,0.0042572699999999996,118.134,condition_8c4864ba756e3b548fc29b8569d6299f429746ec1e8dbc44cf9e9c7ee6a19c1b,uci291-0109,10.24432/C5VW2C
6300,3,0.30480000000000002,71.299999999999997,0.0042572699999999996,116.134,condition_8c4864ba756e3b548fc29b8569d6299f429746ec1e8dbc44cf9e9c7ee6a19c1b,uci291-0110,10.24432/C5VW2C
8000,3,0.30480000000000002,71.299999999999997,0.0042572699999999996,114.634,condition_8c4864ba756e3b548fc29b8569d6299f429746ec1e8dbc44cf9e9c7ee6a19c1b,uci291-0111,10.24432/C5VW2C
10000,3,0.30480000000000002,71.299999999999997,0.0042572699999999996,110.224,condition_8c4864ba756e3b548fc29b8569d6299f429746ec1e8dbc44cf9e9c7ee6a19c1b,uci291-0112,10.24432/C5VW2C
400,3,0.30480000000000002,55.5,0.00452492,126.15900000000001,condition_1cb8f1820db578ee76a9097f31a46814c143178c62ea1888bf5d98a10ecf8903,uci291-0113,10.24432/C5VW2C
500,3,0.30480000000000002,55.5,0.00452492,128.179,condition_1cb8f1820db578ee76a9097f31a46814c143178c62ea1888bf5d98a10ecf8903,uci291-0114,10.24432/C5VW2C
630,3,0.30480000000000002,55.5,0.00452492,129.56899999999999,condition_1cb8f1820db578ee76a9097f31a46814c143178c62ea1888bf5d98a10ecf8903,uci291-0115,10.24432/C5VW2C
800,3,0.30480000000000002,55.5,0.00452492,129.94900000000001,condition_1cb8f1820db578ee76a9097f31a46814c143178c62ea1888bf5d98a10ecf8903,uci291-0116,10.24432/C5VW2C
1000,3,0.30480000000000002,55.5,0.00452492,129.32900000000001,condition_1cb8f1820db578ee76a9097f31a46814c143178c62ea1888bf5d98a10ecf8903,uci291-0117,10.24432/C5VW2C
1250,3,0.30480000000000002,55.5,0.00452492,127.32899999999999,condition_1cb8f1820db578ee76a9097f31a46814c143178c62ea1888bf5d98a10ecf8903,uci291-0118,10.24432/C5VW2C
1600,3,0.30480000000000002,55.5,0.00452492,124.43899999999999,condition_1cb8f1820db578ee76a9097f31a46814c143178c62ea1888bf5d98a10ecf8903,uci291-0119,10.24432/C5VW2C
2000,3,0.30480000000000002,55.5,0.00452492,123.069,condition_1cb8f1820db578ee76a9097f31a46814c143178c62ea1888bf5d98a10ecf8903,uci291-0120,10.24432/C5VW2C
2500,3,0.30480000000000002,55.5,0.00452492,122.43899999999999,condition_1cb8f1820db578ee76a9097f31a46814c143178c62ea1888bf5d98a10ecf8903,uci291-0121,10.24432/C5VW2C
3150,3,0.30480000000000002,55.5,0.00452492,120.18899999999999,condition_1cb8f1820db578ee76a9097f31a46814c143178c62ea1888bf5d98a10ecf8903,uci291-0122,10.24432/C5VW2C
4000,3,0.30480000000000002,55.5,0.00452492,118.68899999999999,condition_1cb8f1820db578ee76a9097f31a46814c143178c62ea1888bf5d98a10ecf8903,uci291-0123,10.24432/C5VW2C
5000,3,0.30480000000000002,55.5,0.00452492,117.309,condition_1cb8f1820db578ee76a9097f31a46814c143178c62ea1888bf5d98a10ecf8903,uci291-0124,10.24432/C5VW2C
6300,3,0.30480000000000002,55.5,0.00452492,115.679,condition_1cb8f1820db578ee76a9097f31a46814c143178c62ea1888bf5d98a10ecf8903,uci291-0125,10.24432/C5VW2C
8000,3,0.30480000000000002,55.5,0.00452492,113.79900000000001,condition_1cb8f1820db578ee76a9097f31a46814c143178c62ea1888bf5d98a10ecf8903,uci291-0126,10.24432/C5VW2C
10000,3,0.30480000000000002,55.5,0.00452492,112.169,condition_1cb8f1820db578ee76a9097f31a46814c143178c62ea1888bf5d98a10ecf8903,uci291-0127,10.24432/C5VW2C
315,3,0.30480000000000002,39.600000000000001,0.0049574099999999998,123.312,condition_727282efc349ea28b866d0ec50c1da3fc3f05a18b42886cd22929b3dc5742451,uci291-0128,10.24432/C5VW2C
400,3,0.30480000000000002,39.600000000000001,0.0049574099999999998,125.47199999999999,condition_727282efc349ea28b866d0ec50c1da3fc3f05a18b42886cd22929b3dc5742451,uci291-0129,10.24432/C5VW2C
500,3,0.30480000000000002,39.600000000000001,0.0049574099999999998,127.63200000000001,condition_727282efc349ea28b866d0ec50c1da3fc3f05a18b42886cd22929b3dc5742451,uci291-0130,10.24432/C5VW2C
630,3,0.30480000000000002,39.600000000000001,0.0049574099999999998,129.292,condition_727282efc349ea28b866d0ec50c1da3fc3f05a18b42886cd22929b3dc5742451,uci291-0131,10.24432/C5VW2C
800,3,0.30480000000000002,39.600000000000001,0.0049574099999999998,129.55199999999999,condition_727282efc349ea28b866d0ec50c1da3fc3f05a18b42886cd22929b3dc5742451,uci291-0132,10.24432/C5VW2C
1000,3,0.30480000000000002,39.600000000000001,0.0049574099999999998,128.31200000000001,condition_727282efc349ea28b866d0ec50c1da3fc3f05a18b42886cd22929b3dc5742451,uci291-0133,10.24432/C5VW2C
1250,3,0.30480000000000002,39.600000000000001,0.0049574099999999998,125.80200000000001,condition_727282efc349ea28b866d0ec50c1da3fc3f05a18b42886cd22929b3dc5742451,uci291-0134,10.24432/C5VW2C
1600,3,0.30480000000000002,39.600000000000001,0.0049574099999999998,122.782,condition_727282efc349ea28b866d0ec50c1da3fc3f05a18b42886cd22929b3dc5742451,uci291-0135,10.24432/C5VW2C
2000,3,0.30480000000000002,39.600000000000001,0.0049574099999999998,120.532,condition_727282efc349ea28b866d0ec50c1da3fc3f05a18b42886cd22929b3dc5742451,uci291-0136,10.24432/C5VW2C
2500,3,0.30480000000000002,39.600000000000001,0.0049574099999999998,120.16200000000001,condition_727282efc349ea28b866d0ec50c1da3fc3f05a18b42886cd22929b3dc5742451,uci291-0137,10.24432/C5VW2C
3150,3,0.30480000000000002,39.600000000000001,0.0049574099999999998,118.922,condition_727282efc349ea28b866d0ec50c1da3fc3f05a18b42886cd22929b3dc5742451,uci291-0138,10.24432/C5VW2C
4000,3,0.30480000000000002,39.600000000000001,0.0049574099999999998,116.792,condition_727282efc349ea28b866d0ec50c1da3fc3f05a18b42886cd22929b3dc5742451,uci291-0139,10.24432/C5VW2C
5000,3,0.30480000000000002,39.600000000000001,0.0049574099999999998,115.792,condition_727282efc349ea28b866d0ec50c1da3fc3f05a18b42886cd22929b3dc5742451,uci291-0140,10.24432/C5VW2C
6300,3,0.30480000000000002,39.600000000000001,0.0049574099999999998,114.042,condition_727282efc349ea28b866d0ec50c1da3fc3f05a18b42886cd22929b3dc5742451,uci291-0141,10.24432/C5VW2C
8000,3,0.30480000000000002,39.600000000000001,0.0049574099999999998,110.652,condition_727282efc349ea28b866d0ec50c1da3fc3f05a18b42886cd22929b3dc5742451,uci291-0142,10.24432/C5VW2C
315,3,0.30480000000000002,31.699999999999999,0.0052951400000000003,123.11799999999999,condition_45c3dab5915b26b0ea14e16da6a1dfae39e9dbf0ee52d24423d47f66bca64c05,uci291-0143,10.24432/C5VW2C
400,3,0.30480000000000002,31.699999999999999,0.0052951400000000003,125.398,condition_45c3dab5915b26b0ea14e16da6a1dfae39e9dbf0ee52d24423d47f66bca64c05,uci291-0144,10.24432/C5VW2C
500,3,0.30480000000000002,31.699999999999999,0.0052951400000000003,127.548,condition_45c3dab5915b26b0ea14e16da6a1dfae39e9dbf0ee52d24423d47f66bca64c05,uci291-0145,10.24432/C5VW2C
630,3,0.30480000000000002,31.699999999999999,0.0052951400000000003,128.69800000000001,condition_45c3dab5915b26b0ea14e16da6a1dfae39e9dbf0ee52d24423d47f66bca64c05,uci291-0146,10.24432/C5VW2C
800,3,0.30480000000000002,31.699999999999999,0.0052951400000000003,128.708,condition_45c3dab5915b26b0ea14e16da6a1dfae39e9dbf0ee52d24423d47f66bca64c05,uci291-0147,10.24432/C5VW2C
1000,3,0.30480000000000002,31.699999999999999,0.0052951400000000003,126.83799999999999,condition_45c3dab5915b26b0ea14e16da6a1dfae39e9dbf0ee52d24423d47f66bca64c05,uci291-0148,10.24432/C5VW2C
1250,3,0.30480000000000002,31.699999999999999,0.0052951400000000003,124.83799999999999,condition_45c3dab5915b26b0ea14e16da6a1dfae39e9dbf0ee52d24423d47f66bca64c05,uci291-0149,10.24432/C5VW2C
1600,3,0.30480000000000002,31.699999999999999,0.0052951400000000003,122.08799999999999,condition_45c3dab5915b26b0ea14e16da6a1dfae39e9dbf0ee52d24423d47f66bca64c05,uci291-0150,10.24432/C5VW2C
2000,3,0.30480000000000002,31.699999999999999,0.0052951400000000003,120.08799999999999,condition_45c3dab5915b26b0ea14e16da6a1dfae39e9dbf0ee52d24423d47f66bca64c05,uci291-0151,10.24432/C5VW2C
2500,3,0.30480000000000002,31.699999999999999,0.0052951400000000003,119.598,condition_45c3dab5915b26b0ea14e16da6a1dfae39e9dbf0ee52d24423d47f66bca64c05,uci291-0152,10.24432/C5VW2C
3150,3,0.30480000000000002,31.699999999999999,0.0052951400000000003,118.108,condition_45c3dab5915b26b0ea14e16da6a1dfae39e9dbf0ee52d24423d47f66bca64c05,uci291-0153,10.24432/C5VW2C
4000,3,0.30480000000000002,31.699999999999999,0.0052951400000000003,115.608,condition_45c3dab5915b26b0ea14e16da6a1dfae39e9dbf0ee52d24423d47f66bca64c05,uci291-0154,10.24432/C5VW2C
5000,3,0.30480000000000002,31.699999999999999,0.0052951400000000003,113.858,condition_45c3dab5915b26b0ea14e16da6a1dfae39e9dbf0ee52d24423d47f66bca64c05,uci291-0155,10.24432/C5VW2C
6300,3,0.30480000000000002,31.699999999999999,0.0052951400000000003,109.718,condition_45c3dab5915b26b0ea14e16da6a1dfae39e9dbf0ee52d24423d47f66bca64c05,uci291-0156,10.24432/C5VW2C
250,4,0.30480000000000002,71.299999999999997,0.0049777299999999997,126.395,condition_2430aae457bf2782605ac9749a68c45f62bfb47b16353e515bc52a090932da82,uci291-0157,10.24432/C5VW2C
315,4,0.30480000000000002,71.299999999999997,0.0049777299999999997,128.17500000000001,condition_2430aae457bf2782605ac9749a68c45f62bfb47b16353e515bc52a090932da82,uci291-0158,10.24432/C5VW2C
400,4,0.30480000000000002,71.299999999999997,0.0049777299999999997,129.57499999999999,condition_2430aae457bf2782605ac9749a68c45f62bfb47b16353e515bc52a090932da82,uci291-0159,10.24432/C5VW2C
500,4,0.30480000000000002,71.299999999999997,0.0049777299999999997,130.715,condition_2430aae457bf2782605ac9749a68c45f62bfb47b16353e515bc52a090932da82,uci291-0160,10.24432/C5VW2C
630,4,0.30480000000000002,71.299999999999997,0.0049777299999999997,131.61500000000001,condition_2430aae457bf2782605ac9749a68c45f62bfb47b16353e515bc52a090932da82,uci291-0161,10.24432/C5VW2C
800,4,0.30480000000000002,71.299999999999997,0.0049777299999999997,131.755,condition_2430aae457bf2782605ac9749a68c45f62bfb47b16353e515bc52a090932da82,uci291-0162,10.24432/C5VW2C
1000,4,0.30480000000000002,71.299999999999997,0.0049777299999999997,131.01499999999999,condition_2430aae457bf2782605ac9749a68c45f62bfb47b16353e515bc52a090932da82,uci291-0163,10.24432/C5VW2C
1250,4,0.30480000000000002,71.299999999999997,0.0049777299999999997,129.39500000000001,condition_2430aae457bf2782605ac9749a68c45f62bfb47b16353e515bc52a090932da82,uci291-0164,10.24432/C5VW2C
1600,4,0.30480000000000002,71.299999999999997,0.0049777299999999997,126.645,condition_2430aae457bf2782605ac9749a68c45f62bfb47b16353e515bc52a090932da82,uci291-0165,10.24432/C5VW2C
2000,4,0.30480000000000002,71.299999999999997,0.0049777299999999997,124.395,condition_2430aae457bf2782605ac9749a68c45f62bfb47b16353e515bc52a090932da82,uci291-0166,10.24432/C5VW2C
2500,4,0.30480000000000002,71.299999999999997,0.0049777299999999997,123.77500000000001,condition_2430aae457bf2782605ac9749a68c45f62bfb47b16353e515bc52a090932da82,uci291-0167,10.24432/C5VW2C
3150,4,0.30480000000000002,71.299999999999997,0.0049777299999999997,121.77500000000001,condition_2430aae457bf2782605ac9749a68c45f62bfb47b16353e515bc52a090932da82,uci291-0168,10.24432/C5VW2C
4000,4,0.30480000000000002,71.299999999999997,0.0049777299999999997,119.535,condition_2430aae457bf2782605ac9749a68c45f62bfb47b16353e515bc52a090932da82,uci291-0169,10.24432/C5VW2C
5000,4,0.30480000000000002,71.299999999999997,0.0049777299999999997,117.785,condition_2430aae457bf2782605ac9749a68c45f62bfb47b16353e515bc52a090932da82,uci291-0170,10.24432/C5VW2C
6300,4,0.30480000000000002,71.299999999999997,0.0049777299999999997,116.16500000000001,condition_2430aae457bf2782605ac9749a68c45f62bfb47b16353e515bc52a090932da82,uci291-0171,10.24432/C5VW2C
8000,4,0.30480000000000002,71.299999999999997,0.0049777299999999997,113.66500000000001,condition_2430aae457bf2782605ac9749a68c45f62bfb47b16353e515bc52a090932da82,uci291-0172,10.24432/C5VW2C
10000,4,0.30480000000000002,71.299999999999997,0.0049777299999999997,110.905,condition_2430aae457bf2782605ac9749a68c45f62bfb47b16353e515bc52a090932da82,uci291-0173,10.24432/C5VW2C
12500,4,0.30480000000000002,71.299999999999997,0.0049777299999999997,107.405,condition_2430aae457bf2782605ac9749a68c45f62bfb47b16353e515bc52a090932da82,uci291-0174,10.24432/C5VW2C
250,4,0.30480000000000002,39.600000000000001,0.0057963600000000004,123.54300000000001,condition_c534c1dab75b8efe467010d359d87a4ad849b443331832856935193e7160ec41,uci291-0175,10.24432/C5VW2C
315,4,0.30480000000000002,39.600000000000001,0.0057963600000000004,126.843,condition_c534c1dab75b8efe467010d359d87a4ad849b443331832856935193e7160ec41,uci291-0176,10.24432/C5VW2C
400,4,0.30480000000000002,39.600000000000001,0.0057963600000000004,128.63300000000001,condition_c534c1dab75b8efe467010d359d87a4ad849b443331832856935193e7160ec41,uci291-0177,10.24432/C5VW2C
500,4,0.30480000000000002,39.600000000000001,0.0057963600000000004,130.173,condition_c534c1dab75b8efe467010d359d87a4ad849b443331832856935193e7160ec41,uci291-0178,10.24432/C5VW2C
630,4,0.30480000000000002,39.600000000000001,0.0057963600000000004,131.07300000000001,condition_c534c1dab75b8efe467010d359d87a4ad849b443331832856935193e7160ec41,uci291-0179,10.24432/C5VW2C
800,4,0.30480000000000002,39.600000000000001,0.0057963600000000004,130.72300000000001,condition_c534c1dab75b8efe467010d359d87a4ad849b443331832856935193e7160ec41,uci291-0180,10.24432/C5VW2C
1000,4,0.30480000000000002,39.600000000000001,0.0057963600000000004,128.72300000000001,condition_c534c1dab75b8efe467010d359d87a4ad849b443331832856935193e7160ec41,uci291-0181,10.24432/C5VW2C
1250,4,0.30480000000000002,39.600000000000001,0.0057963600000000004,126.343,condition_c534c1dab75b8efe467010d359d87a4ad849b443331832856935193e7160ec41,uci291-0182,10.24432/C5VW2C
1600,4,0.30480000000000002,39.600000000000001,0.0057963600000000004,123.21299999999999,condition_c534c1dab75b8efe467010d359d87a4ad849b443331832856935193e7160ec41,uci291-0183,10.24432/C5VW2C
2000,4,0.30480000000000002,39.600000000000001,0.0057963600000000004,120.96299999999999,condition_c534c1dab75b8efe467010d359d87a4ad849b443331832856935193e7160ec41,uci291-0184,10.24432/C5VW2C
2500,4,0.30480000000000002,39.600000000000001,0.0057963600000000004,120.233,condition_c534c1dab75b8efe467010d359d87a4ad849b443331832856935193e7160ec41,uci291-0185,10.24432/C5VW2C
3150,4,0.30480000000000002,39.600000000000001,0.0057963600000000004,118.74299999999999,condition_c534c1dab75b8efe467010d359d87a4ad849b443331832856935193e7160ec41,uci291-0186,10.24432/C5VW2C
4000,4,0.30480000000000002,39.600000000000001,0.0057963600000000004,115.863,condition_c534c1dab75b8efe467010d359d87a4ad849b443331832856935193e7160ec41,uci291-0187,10.24432/C5VW2C
5000,4,0.30480000000000002,39.600000000000001,0.0057963600000000004,113.733,condition_c534c1dab75b8efe467010d359d87a4ad849b443331832856935193e7160ec41,uci291-0188,10.24432/C5VW2C
1250,0,0.2286,71.299999999999997,0.0021434499999999999,128.14400000000001,condition_67ac14f6b5bfc2056113a70ec941e192da5fd22dec429901085532c18d297dc7,uci291-0189,10.24432/C5VW2C
1600,0,0.2286,71.299999999999997,0.0021434499999999999,129.13399999999999,condition_67ac14f6b5bfc2056113a70ec941e192da5fd22dec429901085532c18d297dc7,uci291-0190,10.24432/C5VW2C
2000,0,0.2286,71.299999999999997,0.0021434499999999999,128.244,condition_67ac14f6b5bfc2056113a70ec941e192da5fd22dec429901085532c18d297dc7,uci291-0191,10.24432/C5VW2C
2500,0,0.2286,71.299999999999997,0.0021434499999999999,128.35400000000001,condition_67ac14f6b5bfc2056113a70ec941e192da5fd22dec429901085532c18d297dc7,uci291-0192,10.24432/C5VW2C
3150,0,0.2286,71.299999999999997,0.0021434499999999999,127.834,condition_67ac14f6b5bfc2056113a70ec941e192da5fd22dec429901085532c18d297dc7,uci291-0193,10.24432/C5VW2C
4000,0,0.2286,71.299999999999997,0.0021434499999999999,125.824,condition_67ac14f6b5bfc2056113a70ec941e192da5fd22dec429901085532c18d297dc7,uci291-0194,10.24432/C5VW2C
5000,0,0.2286,71.299999999999997,0.0021434499999999999,124.304,condition_67ac14f6b5bfc2056113a70ec941e192da5fd22dec429901085532c18d297dc7,uci291-0195,10.24432/C5VW2C
6300,0,0.2286,71.299999999999997,0.0021434499999999999,122.044,condition_67ac14f6b5bfc2056113a70ec941e192da5fd22dec429901085532c18d297dc7,uci291-0196,10.24432/C5VW2C
8000,0,0.2286,71.299999999999997,0.0021434499999999999,118.024,condition_67ac14f6b5bfc2056113a70ec941e192da5fd22dec429901085532c18d297dc7,uci291-0197,10.24432/C5VW2C
10000,0,0.2286,71.299999999999997,0.0021434499999999999,118.134,condition_67ac14f6b5bfc2056113a70ec941e192da5fd22dec429901085532c18d297dc7,uci291-0198,10.24432/C5VW2C
12500,0,0.2286,71.299999999999997,0.0021434499999999999,117.624,condition_67ac14f6b5bfc2056113a70ec941e192da5fd22dec429901085532c18d297dc7,uci291-0199,10.24432/C5VW2C
16000,0,0.2286,71.299999999999997,0.0021434499999999999,114.98399999999999,condition_67ac14f6b5bfc2056113a70ec941e192da5fd22dec429901085532c18d297dc7,uci291-0200,10.24432/C5VW2C
20000,0,0.2286,71.299999999999997,0.0021434499999999999,114.474,condition_67ac14f6b5bfc2056113a70ec941e192da5fd22dec429901085532c18d297dc7,uci291-0201,10.24432/C5VW2C
315,0,0.2286,55.5,0.0022933599999999999,119.54000000000001,condition_33e080c96d439a0831779447aad625fcc56c6755e808855f8f8994df2ff7831d,uci291-0202,10.24432/C5VW2C
400,0,0.2286,55.5,0.0022933599999999999,121.66,condition_33e080c96d439a0831779447aad625fcc56c6755e808855f8f8994df2ff7831d,uci291-0203,10.24432/C5VW2C
500,0,0.2286,55.5,0.0022933599999999999,123.78,condition_33e080c96d439a0831779447aad625fcc56c6755e808855f8f8994df2ff7831d,uci291-0204,10.24432/C5VW2C
630,0,0.2286,55.5,0.0022933599999999999,126.16,condition_33e080c96d439a0831779447aad625fcc56c6755e808855f8f8994df2ff7831d,uci291-0205,10.24432/C5VW2C
800,0,0.2286,55.5,0.0022933599999999999,127.53,condition_33e080c96d439a0831779447aad625fcc56c6755e808855f8f8994df2ff7831d,uci291-0206,10.24432/C5VW2C
1000,0,0.2286,55.5,0.0022933599999999999,128.28999999999999,condition_33e080c96d439a0831779447aad625fcc56c6755e808855f8f8994df2ff7831d,uci291-0207,10.24432/C5VW2C
1250,0,0.2286,55.5,0.0022933599999999999,127.91,condition_33e080c96d439a0831779447aad625fcc56c6755e808855f8f8994df2ff7831d,uci291-0208,10.24432/C5VW2C
1600,0,0.2286,55.5,0.0022933599999999999,126.79000000000001,condition_33e080c96d439a0831779447aad625fcc56c6755e808855f8f8994df2ff7831d,uci291-0209,10.24432/C5VW2C
2000,0,0.2286,55.5,0.0022933599999999999,126.54000000000001,condition_33e080c96d439a0831779447aad625fcc56c6755e808855f8f8994df2ff7831d,uci291-0210,10.24432/C5VW2C
2500,0,0.2286,55.5,0.0022933599999999999,126.54000000000001,condition_33e080c96d439a0831779447aad625fcc56c6755e808855f8f8994df2ff7831d,uci291-0211,10.24432/C5VW2C
3150,0,0.2286,55.5,0.0022933599999999999,125.16,condition_33e080c96d439a0831779447aad625fcc56c6755e808855f8f8994df2ff7831d,uci291-0212,10.24432/C5VW2C
4000,0,0.2286,55.5,0.0022933599999999999,123.41,condition_33e080c96d439a0831779447aad625fcc56c6755e808855f8f8994df2ff7831d,uci291-0213,10.24432/C5VW2C
5000,0,0.2286,55.5,0.0022933599999999999,122.41,condition_33e080c96d439a0831779447aad625fcc56c6755e808855f8f8994df2ff7831d,uci291-0214,10.24432/C5VW2C
6300,0,0.2286,55.5,0.0022933599999999999,118.41,condition_33e080c96d439a0831779447aad625fcc56c6755e808855f8f8994df2ff7831d,uci291-0215,10.24432/C5VW2C
315,0,0.2286,39.600000000000001,0.0025351100000000001,121.05500000000001,condition_6523d98ec2fb71e453701dd3e00ab396241c0b72939602d00b7950f50bce175e,uci291-0216,10.24432/C5VW2C
400,0,0.2286,39.600000000000001,0.0025351100000000001,123.565,condition_6523d98ec2fb71e453701dd3e00ab396241c0b72939602d00b7950f50bce175e,uci291-0217,10.24432/C5VW2C
500,0,0.2286,39.600000000000001,0.0025351100000000001,126.19499999999999,condition_6523d98ec2fb71e453701dd3e00ab396241c0b72939602d00b7950f50bce175e,uci291-0218,10.24432/C5VW2C
630,0,0.2286,39.600000000000001,0.0025351100000000001,128.70500000000001,condition_6523d98ec2fb71e453701dd3e00ab396241c0b72939602d00b7950f50bce175e,uci291-0219,10.24432/C5VW2C
800,0,0.2286,39.600000000000001,0.0025351100000000001,130.20500000000001,condition_6523d98ec2fb71e453701dd3e00ab396241c0b72939602d00b7950f50bce175e,uci291-0220,10.24432/C5VW2C
1000,0,0.2286,39.600000000000001,0.0025351100000000001,130.435,condition_6523d98ec2fb71e453701dd3e00ab396241c0b72939602d00b7950f50bce175e,uci291-0221,10.24432/C5VW2C
1250,0,0.2286,39.600000000000001,0.0025351100000000001,129.39500000000001,condition_6523d98ec2fb71e453701dd3e00ab396241c0b72939602d00b7950f50bce175e,uci291-0222,10.24432/C5VW2C
1600,0,0.2286,39.600000000000001,0.0025351100000000001,127.095,condition_6523d98ec2fb71e453701dd3e00ab396241c0b72939602d00b7950f50bce175e,uci291-0223,10.24432/C5VW2C
2000,0,0.2286,39.600000000000001,0.0025351100000000001,125.30500000000001,condition_6523d98ec2fb71e453701dd3e00ab396241c0b72939602d00b7950f50bce175e,uci291-0224,10.24432/C5VW2C
2500,0,0.2286,39.600000000000001,0.0025351100000000001,125.02500000000001,condition_6523d98ec2fb71e453701dd3e00ab396241c0b72939602d00b7950f50bce175e,uci291-0225,10.24432/C5VW2C
3150,0,0.2286,39.600000000000001,0.0025351100000000001,124.625,condition_6523d98ec2fb71e453701dd3e00ab396241c0b72939602d00b7950f50bce175e,uci291-0226,10.24432/C5VW2C
4000,0,0.2286,39.600000000000001,0.0025351100000000001,123.465,condition_6523d98ec2fb71e453701dd3e00ab396241c0b72939602d00b7950f50bce175e,uci291-0227,10.24432/C5VW2C
5000,0,0.2286,39.600000000000001,0.0025351100000000001,122.175,condition_6523d98ec2fb71e453701dd3e00ab396241c0b72939602d00b7950f50bce175e,uci291-0228,10.24432/C5VW2C
6300,0,0.2286,39.600000000000001,0.0025351100000000001,117.465,condition_6523d98ec2fb71e453701dd3e00ab396241c0b72939602d00b7950f50bce175e,uci291-0229,10.24432/C5VW2C
315,0,0.2286,31.699999999999999,0.0027238000000000002,120.595,condition_a8aaa11598b281b9f9c58413b442dc96f9f80043da2acdb691e2ac9c67f1f148,uci291-0230,10.24432/C5VW2C
400,0,0.2286,31.699999999999999,0.0027238000000000002,123.63500000000001,condition_a8aaa11598b281b9f9c58413b442dc96f9f80043da2acdb691e2ac9c67f1f148,uci291-0231,10.24432/C5VW2C
500,0,0.2286,31.699999999999999,0.0027238000000000002,126.675,condition_a8aaa11598b281b9f9c58413b442dc96f9f80043da2acdb691e2ac9c67f1f148,uci291-0232,10.24432/C5VW2C
630,0,0.2286,31.699999999999999,0.0027238000000000002,129.465,condition_a8aaa11598b281b9f9c58413b442dc96f9f80043da2acdb691e2ac9c67f1f148,uci291-0233,10.24432/C5VW2C
800,0,0.2286,31.699999999999999,0.0027238000000000002,130.72499999999999,condition_a8aaa11598b281b9f9c58413b442dc96f9f80043da2acdb691e2ac9c67f1f148,uci291-0234,10.24432/C5VW2C
1000,0,0.2286,31.699999999999999,0.0027238000000000002,130.595,condition_a8aaa11598b281b9f9c58413b442dc96f9f80043da2acdb691e2ac9c67f1f148,uci291-0235,10.24432/C5VW2C
1250,0,0.2286,31.699999999999999,0.0027238000000000002,128.80500000000001,condition_a8aaa11598b281b9f9c58413b442dc96f9f80043da2acdb691e2ac9c67f1f148,uci291-0236,10.24432/C5VW2C
1600,0,0.2286,31.699999999999999,0.0027238000000000002,125.625,condition_a8aaa11598b281b9f9c58413b442dc96f9f80043da2acdb691e2ac9c67f1f148,uci291-0237,10.24432/C5VW2C
2000,0,0.2286,31.699999999999999,0.0027238000000000002,123.455,condition_a8aaa11598b281b9f9c58413b442dc96f9f80043da2acdb691e2ac9c67f1f148,uci291-0238,10.24432/C5VW2C
2500,0,0.2286,31.699999999999999,0.0027238000000000002,123.44499999999999,condition_a8aaa11598b281b9f9c58413b442dc96f9f80043da2acdb691e2ac9c67f1f148,uci291-0239,10.24432/C5VW2C
3150,0,0.2286,31.699999999999999,0.0027238000000000002,123.44499999999999,condition_a8aaa11598b281b9f9c58413b442dc96f9f80043da2acdb691e2ac9c67f1f148,uci291-0240,10.24432/C5VW2C
4000,0,0.2286,31.699999999999999,0.0027238000000000002,122.035,condition_a8aaa11598b281b9f9c58413b442dc96f9f80043da2acdb691e2ac9c67f1f148,uci291-0241,10.24432/C5VW2C
5000,0,0.2286,31.699999999999999,0.0027238000000000002,120.505,condition_a8aaa11598b281b9f9c58413b442dc96f9f80043da2acdb691e2ac9c67f1f148,uci291-0242,10.24432/C5VW2C
6300,0,0.2286,31.699999999999999,0.0027238000000000002,116.815,condition_a8aaa11598b281b9f9c58413b442dc96f9f80043da2acdb691e2ac9c67f1f148,uci291-0243,10.24432/C5VW2C
400,2,0.2286,71.299999999999997,0.0029303100000000002,125.116,condition_6d2d61561b71831dbb96c440866f19cfa7a3ad694ff904d23d0f626448de87d7,uci291-0244,10.24432/C5VW2C
500,2,0.2286,71.299999999999997,0.0029303100000000002,126.486,condition_6d2d61561b71831dbb96c440866f19cfa7a3ad694ff904d23d0f626448de87d7,uci291-0245,10.24432/C5VW2C
630,2,0.2286,71.299999999999997,0.0029303100000000002,127.35599999999999,condition_6d2d61561b71831dbb96c440866f19cfa7a3ad694ff904d23d0f626448de87d7,uci291-0246,10.24432/C5VW2C
800,2,0.2286,71.299999999999997,0.0029303100000000002,128.21600000000001,condition_6d2d61561b71831dbb96c440866f19cfa7a3ad694ff904d23d0f626448de87d7,uci291-0247,10.24432/C5VW2C
1000,2,0.2286,71.299999999999997,0.0029303100000000002,128.95599999999999,condition_6d2d61561b71831dbb96c440866f19cfa7a3ad694ff904d23d0f626448de87d7,uci291-0248,10.24432/C5VW2C
1250,2,0.2286,71.299999999999997,0.0029303100000000002,128.816,condition_6d2d61561b71831dbb96c440866f19cfa7a3ad694ff904d23d0f626448de87d7,uci291-0249,10.24432/C5VW2C
1600,2,0.2286,71.299999999999997,0.0029303100000000002,127.79600000000001,condition_6d2d61561b71831dbb96c440866f19cfa7a3ad694ff904d23d0f626448de87d7,uci291-0250,10.24432/C5VW2C
2000,2,0.2286,71.299999999999997,0.0029303100000000002,126.896,condition_6d2d61561b71831dbb96c440866f19cfa7a3ad694ff904d23d0f626448de87d7,uci291-0251,10.24432/C5VW2C
2500,2,0.2286,71.299999999999997,0.0029303100000000002,127.006,condition_6d2d61561b71831dbb96c440866f19cfa7a3ad694ff904d23d0f626448de87d7,uci291-0252,10.24432/C5VW2C
3150,2,0.2286,71.299999999999997,0.0029303100000000002,126.116,condition_6d2d61561b71831dbb96c440866f19cfa7a3ad694ff904d23d0f626448de87d7,uci291-0253,10.24432/C5VW2C
4000,2,0.2286,71.299999999999997,0.0029303100000000002,124.086,condition_6d2d61561b71831dbb96c440866f19cfa7a3ad694ff904d23d0f626448de87d7,uci291-0254,10.24432/C5VW2C
5000,2,0.2286,71.299999999999997,0.0029303100000000002,122.816,condition_6d2d61561b71831dbb96c440866f19cfa7a3ad694ff904d23d0f626448de87d7,uci291-0255,10.24432/C5VW2C
6300,2,0.2286,71.299999999999997,0.0029303100000000002,120.786,condition_6d2d61561b71831dbb96c440866f19cfa7a3ad694ff904d23d0f626448de87d7,uci291-0256,10.24432/C5VW2C
8000,2,0.2286,71.299999999999997,0.0029303100000000002,115.996,condition_6d2d61561b71831dbb96c440866f19cfa7a3ad694ff904d23d0f626448de87d7,uci291-0257,10.24432/C5VW2C
10000,2,0.2286,71.299999999999997,0.0029303100000000002,113.086,condition_6d2d61561b71831dbb96c440866f19cfa7a3ad694ff904d23d0f626448de87d7,uci291-0258,10.24432/C5VW2C
400,2,0.2286,55.5,0.00313525,122.292,condition_91e44044a640a4ee5471d086051954c032d5595ea9603af3f8ce7064de407d57,uci291-0259,10.24432/C5VW2C
500,2,0.2286,55.5,0.00313525,124.69199999999999,condition_91e44044a640a4ee5471d086051954c032d5595ea9603af3f8ce7064de407d57,uci291-0260,10.24432/C5VW2C
630,2,0.2286,55.5,0.00313525,126.842,condition_91e44044a640a4ee5471d086051954c032d5595ea9603af3f8ce7064de407d57,uci291-0261,10.24432/C5VW2C
800,2,0.2286,55.5,0.00313525,128.49199999999999,condition_91e44044a640a4ee5471d086051954c032d5595ea9603af3f8ce7064de407d57,uci291-0262,10.24432/C5VW2C
1000,2,0.2286,55.5,0.00313525,129.00200000000001,condition_91e44044a640a4ee5471d086051954c032d5595ea9603af3f8ce7064de407d57,uci291-0263,10.24432/C5VW2C
1250,2,0.2286,55.5,0.00313525,128.762,condition_91e44044a640a4ee5471d086051954c032d5595ea9603af3f8ce7064de407d57,uci291-0264,10.24432/C5VW2C
1600,2,0.2286,55.5,0.00313525,126.752,condition_91e44044a640a4ee5471d086051954c032d5595ea9603af3f8ce7064de407d57,uci291-0265,10.24432/C5VW2C
2000,2,0.2286,55.5,0.00313525,124.61199999999999,condition_91e44044a640a4ee5471d086051954c032d5595ea9603af3f8ce7064de407d57,uci291-0266,10.24432/C5VW2C
2500,2,0.2286,55.5,0.00313525,123.86199999999999,condition_91e44044a640a4ee5471d086051954c032d5595ea9603af3f8ce7064de407d57,uci291-0267,10.24432/C5VW2C
3150,2,0.2286,55.5,0.00313525,123.742,condition_91e44044a640a4ee5471d086051954c032d5595ea9603af3f8ce7064de407d57,uci291-0268,10.24432/C5VW2C
4000,2,0.2286,55.5,0.00313525,122.232,condition_91e44044a640a4ee5471d086051954c032d5595ea9603af3f8ce7064de407d57,uci291-0269,10.24432/C5VW2C
5000,2,0.2286,55.5,0.00313525,120.47199999999999,condition_91e44044a640a4ee5471d086051954c032d5595ea9603af3f8ce7064de407d57,uci291-0270,10.24432/C5VW2C
6300,2,0.2286,55.5,0.00313525,118.712,condition_91e44044a640a4ee5471d086051954c032d5595ea9603af3f8ce7064de407d57,uci291-0271,10.24432/C5VW2C
315,2,0.2286,39.600000000000001,0.0034657400000000001,120.137,condition_92a38b9a88444e28affb823905ed08782ef09818aae7b36f7b4bea3e8cc922e7,uci291-0272,10.24432/C5VW2C
400,2,0.2286,39.600000000000001,0.0034657400000000001,122.14700000000001,condition_92a38b9a88444e28affb823905ed08782ef09818aae7b36f7b4bea3e8cc922e7,uci291-0273,10.24432/C5VW2C
500,2,0.2286,39.600000000000001,0.0034657400000000001,125.157,condition_92a38b9a88444e28affb823905ed08782ef09818aae7b36f7b4bea3e8cc922e7,uci291-0274,10.24432/C5VW2C
630,2,0.2286,39.600000000000001,0.0034657400000000001,127.417,condition_92a38b9a88444e28affb823905ed08782ef09818aae7b36f7b4bea3e8cc922e7,uci291-0275,10.24432/C5VW2C
800,2,0.2286,39.600000000000001,0.0034657400000000001,129.03700000000001,condition_92a38b9a88444e28affb823905ed08782ef09818aae7b36f7b4bea3e8cc922e7,uci291-0276,10.24432/C5VW2C
1000,2,0.2286,39.600000000000001,0.0034657400000000001,129.14699999999999,condition_92a38b9a88444e28affb823905ed08782ef09818aae7b36f7b4bea3e8cc922e7,uci291-0277,10.24432/C5VW2C
1250,2,0.2286,39.600000000000001,0.0034657400000000001,128.25700000000001,condition_92a38b9a88444e28affb823905ed08782ef09818aae7b36f7b4bea3e8cc922e7,uci291-0278,10.24432/C5VW2C
1600,2,0.2286,39.600000000000001,0.0034657400000000001,125.837,condition_92a38b9a88444e28affb823905ed08782ef09818aae7b36f7b4bea3e8cc922e7,uci291-0279,10.24432/C5VW2C
2000,2,0.2286,39.600000000000001,0.0034657400000000001,122.797,condition_92a38b9a88444e28affb823905ed08782ef09818aae7b36f7b4bea3e8cc922e7,uci291-0280,10.24432/C5VW2C
2500,2,0.2286,39.600000000000001,0.0034657400000000001,121.39700000000001,condition_92a38b9a88444e28affb823905ed08782ef09818aae7b36f7b4bea3e8cc922e7,uci291-0281,10.24432/C5VW2C
3150,2,0.2286,39.600000000000001,0.0034657400000000001,121.627,condition_92a38b9a88444e28affb823905ed08782ef09818aae7b36f7b4bea3e8cc922e7,uci291-0282,10.24432/C5VW2C
4000,2,0.2286,39.600000000000001,0.0034657400000000001,120.227,condition_92a38b9a88444e28affb823905ed08782ef09818aae7b36f7b4bea3e8cc922e7,uci291-0283,10.24432/C5VW2C
5000,2,0.2286,39.600000000000001,0.0034657400000000001,118.827,condition_92a38b9a88444e28affb823905ed08782ef09818aae7b36f7b4bea3e8cc922e7,uci291-0284,10.24432/C5VW2C
6300,2,0.2286,39.600000000000001,0.0034657400000000001,116.417,condition_92a38b9a88444e28affb823905ed08782ef09818aae7b36f7b4bea3e8cc922e7,uci291-0285,10.24432/C5VW2C
315,2,0.2286,31.699999999999999,0.0037237099999999999,120.14700000000001,condition_f17389e981212aeaf86f25aaea367e45c63b05e197ffde19de84d2ab03b481d3,uci291-0286,10.24432/C5VW2C
400,2,0.2286,31.699999999999999,0.0037237099999999999,123.417,condition_f17389e981212aeaf86f25aaea367e45c63b05e197ffde19de84d2ab03b481d3,uci291-0287,10.24432/C5VW2C
500,2,0.2286,31.699999999999999,0.0037237099999999999,126.67700000000001,condition_f17389e981212aeaf86f25aaea367e45c63b05e197ffde19de84d2ab03b481d3,uci291-0288,10.24432/C5VW2C
630,2,0.2286,31.699999999999999,0.0037237099999999999,129.05699999999999,condition_f17389e981212aeaf86f25aaea367e45c63b05e197ffde19de84d2ab03b481d3,uci291-0289,10.24432/C5VW2C
800,2,0.2286,31.699999999999999,0.0037237099999999999,130.30699999999999,condition_f17389e981212aeaf86f25aaea367e45c63b05e197ffde19de84d2ab03b481d3,uci291-0290,10.24432/C5VW2C
1000,2,0.2286,31.699999999999999,0.0037237099999999999,130.30699999999999,condition_f17389e981212aeaf86f25aaea367e45c63b05e197ffde19de84d2ab03b481d3,uci291-0291,10.24432/C5VW2C
1250,2,0.2286,31.699999999999999,0.0037237099999999999,128.67699999999999,condition_f17389e981212aeaf86f25aaea367e45c63b05e197ffde19de84d2ab03b481d3,uci291-0292,10.24432/C5VW2C
1600,2,0.2286,31.699999999999999,0.0037237099999999999,125.797,condition_f17389e981212aeaf86f25aaea367e45c63b05e197ffde19de84d2ab03b481d3,uci291-0293,10.24432/C5VW2C
2000,2,0.2286,31.699999999999999,0.0037237099999999999,123.03700000000001,condition_f17389e981212aeaf86f25aaea367e45c63b05e197ffde19de84d2ab03b481d3,uci291-0294,10.24432/C5VW2C
2500,2,0.2286,31.699999999999999,0.0037237099999999999,121.407,condition_f17389e981212aeaf86f25aaea367e45c63b05e197ffde19de84d2ab03b481d3,uci291-0295,10.24432/C5VW2C
3150,2,0.2286,31.699999999999999,0.0037237099999999999,121.527,condition_f17389e981212aeaf86f25aaea367e45c63b05e197ffde19de84d2ab03b481d3,uci291-0296,10.24432/C5VW2C
4000,2,0.2286,31.699999999999999,0.0037237099999999999,120.527,condition_f17389e981212aeaf86f25aaea367e45c63b05e197ffde19de84d2ab03b481d3,uci291-0297,10.24432/C5VW2C
5000,2,0.2286,31.699999999999999,0.0037237099999999999,118.267,condition_f17389e981212aeaf86f25aaea367e45c63b05e197ffde19de84d2ab03b481d3,uci291-0298,10.24432/C5VW2C
6300,2,0.2286,31.699999999999999,0.0037237099999999999,115.137,condition_f17389e981212aeaf86f25aaea367e45c63b05e197ffde19de84d2ab03b481d3,uci291-0299,10.24432/C5VW2C
500,4,0.2286,71.299999999999997,0.0040060299999999998,126.758,condition_b30b955d1fdb5ddc5dc34abe0a551269be2f87aa75a2a57bd8eb343fe12f8584,uci291-0300,10.24432/C5VW2C
630,4,0.2286,71.299999999999997,0.0040060299999999998,129.03800000000001,condition_b30b955d1fdb5ddc5dc34abe0a551269be2f87aa75a2a57bd8eb343fe12f8584,uci291-0301,10.24432/C5VW2C
800,4,0.2286,71.299999999999997,0.0040060299999999998,130.68799999999999,condition_b30b955d1fdb5ddc5dc34abe0a551269be2f87aa75a2a57bd8eb343fe12f8584,uci291-0302,10.24432/C5VW2C
1000,4,0.2286,71.299999999999997,0.0040060299999999998,131.708,condition_b30b955d1fdb5ddc5dc34abe0a551269be2f87aa75a2a57bd8eb343fe12f8584,uci291-0303,10.24432/C5VW2C
1250,4,0.2286,71.299999999999997,0.0040060299999999998,131.71799999999999,condition_b30b955d1fdb5ddc5dc34abe0a551269be2f87aa75a2a57bd8eb343fe12f8584,uci291-0304,10.24432/C5VW2C
1600,4,0.2286,71.299999999999997,0.0040060299999999998,129.46799999999999,condition_b30b955d1fdb5ddc5dc34abe0a551269be2f87aa75a2a57bd8eb343fe12f8584,uci291-0305,10.24432/C5VW2C
2000,4,0.2286,71.299999999999997,0.0040060299999999998,126.218,condition_b30b955d1fdb5ddc5dc34abe0a551269be2f87aa75a2a57bd8eb343fe12f8584,uci291-0306,10.24432/C5VW2C
2500,4,0.2286,71.299999999999997,0.0040060299999999998,124.33799999999999,condition_b30b955d1fdb5ddc5dc34abe0a551269be2f87aa75a2a57bd8eb343fe12f8584,uci291-0307,10.24432/C5VW2C
3150,4,0.2286,71.299999999999997,0.0040060299999999998,124.108,condition_b30b955d1fdb5ddc5dc34abe0a551269be2f87aa75a2a57bd8eb343fe12f8584,uci291-0308,10.24432/C5VW2C
4000,4,0.2286,71.299999999999997,0.0040060299999999998,121.72799999999999,condition_b30b955d1fdb5ddc5dc34abe0a551269be2f87aa75a2a57bd8eb343fe12f8584,uci291-0309,10.24432/C5VW2C
5000,4,0.2286,71.299999999999997,0.0040060299999999998,121.11799999999999,condition_b30b955d1fdb5ddc5dc34abe0a551269be2f87aa75a2a57bd8eb343fe12f8584,uci291-0310,10.24432/C5VW2C
6300,4,0.2286,71.299999999999997,0.0040060299999999998,118.61799999999999,condition_b30b955d1fdb5ddc5dc34abe0a551269be2f87aa75a2a57bd8eb343fe12f8584,uci291-0311,10.24432/C5VW2C
8000,4,0.2286,71.299999999999997,0.0040060299999999998,112.848,condition_b30b955d1fdb5ddc5dc34abe0a551269be2f87aa75a2a57bd8eb343fe12f8584,uci291-0312,10.24432/C5VW2C
10000,4,0.2286,71.299999999999997,0.0040060299999999998,113.108,condition_b30b955d1fdb5ddc5dc34abe0a551269be2f87aa75a2a57bd8eb343fe12f8584,uci291-0313,10.24432/C5VW2C
12500,4,0.2286,71.299999999999997,0.0040060299999999998,114.258,condition_b30b955d1fdb5ddc5dc34abe0a551269be2f87aa75a2a57bd8eb343fe12f8584,uci291-0314,10.24432/C5VW2C
16000,4,0.2286,71.299999999999997,0.0040060299999999998,112.768,condition_b30b955d1fdb5ddc5dc34abe0a551269be2f87aa75a2a57bd8eb343fe12f8584,uci291-0315,10.24432/C5VW2C
20000,4,0.2286,71.299999999999997,0.0040060299999999998,109.63800000000001,condition_b30b955d1fdb5ddc5dc34abe0a551269be2f87aa75a2a57bd8eb343fe12f8584,uci291-0316,10.24432/C5VW2C
400,4,0.2286,55.5,0.0042862000000000004,123.274,condition_d9adf3413b3746d5c08ddec2219f4eb5c069d00282f6ccc2b56698a42219605b,uci291-0317,10.24432/C5VW2C
500,4,0.2286,55.5,0.0042862000000000004,127.31399999999999,condition_d9adf3413b3746d5c08ddec2219f4eb5c069d00282f6ccc2b56698a42219605b,uci291-0318,10.24432/C5VW2C
630,4,0.2286,55.5,0.0042862000000000004,129.964,condition_d9adf3413b3746d5c08ddec2219f4eb5c069d00282f6ccc2b56698a42219605b,uci291-0319,10.24432/C5VW2C
800,4,0.2286,55.5,0.0042862000000000004,131.864,condition_d9adf3413b3746d5c08ddec2219f4eb5c069d00282f6ccc2b56698a42219605b,uci291-0320,10.24432/C5VW2C
1000,4,0.2286,55.5,0.0042862000000000004,132.13399999999999,condition_d9adf3413b3746d5c08ddec2219f4eb5c069d00282f6ccc2b56698a42219605b,uci291-0321,10.24432/C5VW2C
1250,4,0.2286,55.5,0.0042862000000000004,131.26400000000001,condition_d9adf3413b3746d5c08ddec2219f4eb5c069d00282f6ccc2b56698a42219605b,uci291-0322,10.24432/C5VW2C
1600,4,0.2286,55.5,0.0042862000000000004,128.26400000000001,condition_d9adf3413b3746d5c08ddec2219f4eb5c069d00282f6ccc2b56698a42219605b,uci291-0323,10.24432/C5VW2C
2000,4,0.2286,55.5,0.0042862000000000004,124.254,condition_d9adf3413b3746d5c08ddec2219f4eb5c069d00282f6ccc2b56698a42219605b,uci291-0324,10.24432/C5VW2C
2500,4,0.2286,55.5,0.0042862000000000004,122.384,condition_d9adf3413b3746d5c08ddec2219f4eb5c069d00282f6ccc2b56698a42219605b,uci291-0325,10.24432/C5VW2C
3150,4,0.2286,55.5,0.0042862000000000004,122.39400000000001,condition_d9adf3413b3746d5c08ddec2219f4eb5c069d00282f6ccc2b56698a42219605b,uci291-0326,10.24432/C5VW2C
4000,4,0.2286,55.5,0.0042862000000000004,120.654,condition_d9adf3413b3746d5c08ddec2219f4eb5c069d00282f6ccc2b56698a42219605b,uci291-0327,10.24432/C5VW2C
5000,4,0.2286,55.5,0.0042862000000000004,120.03400000000001,condition_d9adf3413b3746d5c08ddec2219f4eb5c069d00282f6ccc2b56698a42219605b,uci291-0328,10.24432/C5VW2C
6300,4,0.2286,55.5,0.0042862000000000004,117.154,condition_d9adf3413b3746d5c08ddec2219f4eb5c069d00282f6ccc2b56698a42219605b,uci291-0329,10.24432/C5VW2C
8000,4,0.2286,55.5,0.0042862000000000004,112.524,condition_d9adf3413b3746d5c08ddec2219f4eb5c069d00282f6ccc2b56698a42219605b,uci291-0330,10.24432/C5VW2C
315,4,0.2286,39.600000000000001,0.00473801,122.229,condition_dc692f1358cd3edc8d7af0b8f9192d4bde557a25ceec9a89a83168c94dd2ef35,uci291-0331,10.24432/C5VW2C
400,4,0.2286,39.600000000000001,0.00473801,123.879,condition_dc692f1358cd3edc8d7af0b8f9192d4bde557a25ceec9a89a83168c94dd2ef35,uci291-0332,10.24432/C5VW2C
500,4,0.2286,39.600000000000001,0.00473801,127.039,condition_dc692f1358cd3edc8d7af0b8f9192d4bde557a25ceec9a89a83168c94dd2ef35,uci291-0333,10.24432/C5VW2C
630,4,0.2286,39.600000000000001,0.00473801,129.57900000000001,condition_dc692f1358cd3edc8d7af0b8f9192d4bde557a25ceec9a89a83168c94dd2ef35,uci291-0334,10.24432/C5VW2C
800,4,0.2286,39.600000000000001,0.00473801,130.46899999999999,condition_dc692f1358cd3edc8d7af0b8f9192d4bde557a25ceec9a89a83168c94dd2ef35,uci291-0335,10.24432/C5VW2C
1000,4,0.2286,39.600000000000001,0.00473801,129.96899999999999,condition_dc692f1358cd3edc8d7af0b8f9192d4bde557a25ceec9a89a83168c94dd2ef35,uci291-0336,10.24432/C5VW2C
1250,4,0.2286,39.600000000000001,0.00473801,128.339,condition_dc692f1358cd3edc8d7af0b8f9192d4bde557a25ceec9a89a83168c94dd2ef35,uci291-0337,10.24432/C5VW2C
1600,4,0.2286,39.600000000000001,0.00473801,125.319,condition_dc692f1358cd3edc8d7af0b8f9192d4bde557a25ceec9a89a83168c94dd2ef35,uci291-0338,10.24432/C5VW2C
2000,4,0.2286,39.600000000000001,0.00473801,121.65900000000001,condition_dc692f1358cd3edc8d7af0b8f9192d4bde557a25ceec9a89a83168c94dd2ef35,uci291-0339,10.24432/C5VW2C
2500,4,0.2286,39.600000000000001,0.00473801,119.649,condition_dc692f1358cd3edc8d7af0b8f9192d4bde557a25ceec9a89a83168c94dd2ef35,uci291-0340,10.24432/C5VW2C
3150,4,0.2286,39.600000000000001,0.00473801,120.419,condition_dc692f1358cd3edc8d7af0b8f9192d4bde557a25ceec9a89a83168c94dd2ef35,uci291-0341,10.24432/C5VW2C
4000,4,0.2286,39.600000000000001,0.00473801,119.15900000000001,condition_dc692f1358cd3edc8d7af0b8f9192d4bde557a25ceec9a89a83168c94dd2ef35,uci291-0342,10.24432/C5VW2C
5000,4,0.2286,39.600000000000001,0.00473801,117.649,condition_dc692f1358cd3edc8d7af0b8f9192d4bde557a25ceec9a89a83168c94dd2ef35,uci291-0343,10.24432/C5VW2C
6300,4,0.2286,39.600000000000001,0.00473801,114.249,condition_dc692f1358cd3edc8d7af0b8f9192d4bde557a25ceec9a89a83168c94dd2ef35,uci291-0344,10.24432/C5VW2C
8000,4,0.2286,39.600000000000001,0.00473801,113.129,condition_dc692f1358cd3edc8d7af0b8f9192d4bde557a25ceec9a89a83168c94dd2ef35,uci291-0345,10.24432/C5VW2C
250,4,0.2286,31.699999999999999,0.0050906800000000002,120.18899999999999,condition_743c7880714143c8c7bedd0c380f2c8d6bb0a19a8a44acf72a16cb8466317a8e,uci291-0346,10.24432/C5VW2C
315,4,0.2286,31.699999999999999,0.0050906800000000002,123.60899999999999,condition_743c7880714143c8c7bedd0c380f2c8d6bb0a19a8a44acf72a16cb8466317a8e,uci291-0347,10.24432/C5VW2C
400,4,0.2286,31.699999999999999,0.0050906800000000002,126.149,condition_743c7880714143c8c7bedd0c380f2c8d6bb0a19a8a44acf72a16cb8466317a8e,uci291-0348,10.24432/C5VW2C
500,4,0.2286,31.699999999999999,0.0050906800000000002,128.93899999999999,condition_743c7880714143c8c7bedd0c380f2c8d6bb0a19a8a44acf72a16cb8466317a8e,uci291-0349,10.24432/C5VW2C
630,4,0.2286,31.699999999999999,0.0050906800000000002,130.34899999999999,condition_743c7880714143c8c7bedd0c380f2c8d6bb0a19a8a44acf72a16cb8466317a8e,uci291-0350,10.24432/C5VW2C
800,4,0.2286,31.699999999999999,0.0050906800000000002,130.869,condition_743c7880714143c8c7bedd0c380f2c8d6bb0a19a8a44acf72a16cb8466317a8e,uci291-0351,10.24432/C5VW2C
1000,4,0.2286,31.699999999999999,0.0050906800000000002,129.869,condition_743c7880714143c8c7bedd0c380f2c8d6bb0a19a8a44acf72a16cb8466317a8e,uci291-0352,10.24432/C5VW2C
1250,4,0.2286,31.699999999999999,0.0050906800000000002,128.119,condition_743c7880714143c8c7bedd0c380f2c8d6bb0a19a8a44acf72a16cb8466317a8e,uci291-0353,10.24432/C5VW2C
1600,4,0.2286,31.699999999999999,0.0050906800000000002,125.229,condition_743c7880714143c8c7bedd0c380f2c8d6bb0a19a8a44acf72a16cb8466317a8e,uci291-0354,10.24432/C5VW2C
2000,4,0.2286,31.699999999999999,0.0050906800000000002,122.089,condition_743c7880714143c8c7bedd0c380f2c8d6bb0a19a8a44acf72a16cb8466317a8e,uci291-0355,10.24432/C5VW2C
2500,4,0.2286,31.699999999999999,0.0050906800000000002,120.209,condition_743c7880714143c8c7bedd0c380f2c8d6bb0a19a8a44acf72a16cb8466317a8e,uci291-0356,10.24432/C5VW2C
3150,4,0.2286,31.699999999999999,0.0050906800000000002,120.229,condition_743c7880714143c8c7bedd0c380f2c8d6bb0a19a8a44acf72a16cb8466317a8e,uci291-0357,10.24432/C5VW2C
4000,4,0.2286,31.699999999999999,0.0050906800000000002,118.85899999999999,condition_743c7880714143c8c7bedd0c380f2c8d6bb0a19a8a44acf72a16cb8466317a8e,uci291-0358,10.24432/C5VW2C
5000,4,0.2286,31.699999999999999,0.0050906800000000002,115.96899999999999,condition_743c7880714143c8c7bedd0c380f2c8d6bb0a19a8a44acf72a16cb8466317a8e,uci291-0359,10.24432/C5VW2C
6300,4,0.2286,31.699999999999999,0.0050906800000000002,112.699,condition_743c7880714143c8c7bedd0c380f2c8d6bb0a19a8a44acf72a16cb8466317a8e,uci291-0360,10.24432/C5VW2C
400,5.2999999999999998,0.2286,71.299999999999997,0.0051942000000000004,127.7,condition_c7facc7e64bdc5daa37c49e3ee1d992e1c592c6c2800624332aacc151fd3fd24,uci291-0361,10.24432/C5VW2C
500,5.2999999999999998,0.2286,71.299999999999997,0.0051942000000000004,129.88,condition_c7facc7e64bdc5daa37c49e3ee1d992e1c592c6c2800624332aacc151fd3fd24,uci291-0362,10.24432/C5VW2C
630,5.2999999999999998,0.2286,71.299999999999997,0.0051942000000000004,131.80000000000001,condition_c7facc7e64bdc5daa37c49e3ee1d992e1c592c6c2800624332aacc151fd3fd24,uci291-0363,10.24432/C5VW2C
800,5.2999999999999998,0.2286,71.299999999999997,0.0051942000000000004,133.47999999999999,condition_c7facc7e64bdc5daa37c49e3ee1d992e1c592c6c2800624332aacc151fd3fd24,uci291-0364,10.24432/C5VW2C
1000,5.2999999999999998,0.2286,71.299999999999997,0.0051942000000000004,134,condition_c7facc7e64bdc5daa37c49e3ee1d992e1c592c6c2800624332aacc151fd3fd24,uci291-0365,10.24432/C5VW2C
1250,5.2999999999999998,0.2286,71.299999999999997,0.0051942000000000004,133.38,condition_c7facc7e64bdc5daa37c49e3ee1d992e1c592c6c2800624332aacc151fd3fd24,uci291-0366,10.24432/C5VW2C
1600,5.2999999999999998,0.2286,71.299999999999997,0.0051942000000000004,130.46000000000001,condition_c7facc7e64bdc5daa37c49e3ee1d992e1c592c6c2800624332aacc151fd3fd24,uci291-0367,10.24432/C5VW2C
2000,5.2999999999999998,0.2286,71.299999999999997,0.0051942000000000004,125.89,condition_c7facc7e64bdc5daa37c49e3ee1d992e1c592c6c2800624332aacc151fd3fd24,uci291-0368,10.24432/C5VW2C
2500,5.2999999999999998,0.2286,71.299999999999997,0.0051942000000000004,123.73999999999999,condition_c7facc7e64bdc5daa37c49e3ee1d992e1c592c6c2800624332aacc151fd3fd24,uci291-0369,10.24432/C5VW2C
3150,5.2999999999999998,0.2286,71.299999999999997,0.0051942000000000004,123.12,condition_c7facc7e64bdc5daa37c49e3ee1d992e1c592c6c2800624332aacc151fd3fd24,uci291-0370,10.24432/C5VW2C
4000,5.2999999999999998,0.2286,71.299999999999997,0.0051942000000000004,120.33,condition_c7facc7e64bdc5daa37c49e3ee1d992e1c592c6c2800624332aacc151fd3fd24,uci291-0371,10.24432/C5VW2C
5000,5.2999999999999998,0.2286,71.299999999999997,0.0051942000000000004,118.05,condition_c7facc7e64bdc5daa37c49e3ee1d992e1c592c6c2800624332aacc151fd3fd24,uci291-0372,10.24432/C5VW2C
6300,5.2999999999999998,0.2286,71.299999999999997,0.0051942000000000004,116.92,condition_c7facc7e64bdc5daa37c49e3ee1d992e1c592c6c2800624332aacc151fd3fd24,uci291-0373,10.24432/C5VW2C
8000,5.2999999999999998,0.2286,71.299999999999997,0.0051942000000000004,114.90000000000001,condition_c7facc7e64bdc5daa37c49e3ee1d992e1c592c6c2800624332aacc151fd3fd24,uci291-0374,10.24432/C5VW2C
10000,5.2999999999999998,0.2286,71.299999999999997,0.0051942000000000004,111.34999999999999,condition_c7facc7e64bdc5daa37c49e3ee1d992e1c592c6c2800624332aacc151fd3fd24,uci291-0375,10.24432/C5VW2C
250,5.2999999999999998,0.2286,39.600000000000001,0.00614329,127.011,condition_3eabb274c6364f07ae2f216e9df073bd599d0b596b48c557951692eb9e571443,uci291-0376,10.24432/C5VW2C
315,5.2999999999999998,0.2286,39.600000000000001,0.00614329,129.691,condition_3eabb274c6364f07ae2f216e9df073bd599d0b596b48c557951692eb9e571443,uci291-0377,10.24432/C5VW2C
400,5.2999999999999998,0.2286,39.600000000000001,0.00614329,131.221,condition_3eabb274c6364f07ae2f216e9df073bd599d0b596b48c557951692eb9e571443,uci291-0378,10.24432/C5VW2C
500,5.2999999999999998,0.2286,39.600000000000001,0.00614329,132.251,condition_3eabb274c6364f07ae2f216e9df073bd599d0b596b48c557951692eb9e571443,uci291-0379,10.24432/C5VW2C
630,5.2999999999999998,0.2286,39.600000000000001,0.00614329,132.011,condition_3eabb274c6364f07ae2f216e9df073bd599d0b596b48c557951692eb9e571443,uci291-0380,10.24432/C5VW2C
800,5.2999999999999998,0.2286,39.600000000000001,0.00614329,129.49100000000001,condition_3eabb274c6364f07ae2f216e9df073bd599d0b596b48c557951692eb9e571443,uci291-0381,10.24432/C5VW2C
1000,5.2999999999999998,0.2286,39.600000000000001,0.00614329,125.581,condition_3eabb274c6364f07ae2f216e9df073bd599d0b596b48c557951692eb9e571443,uci291-0382,10.24432/C5VW2C
1250,5.2999999999999998,0.2286,39.600000000000001,0.00614329,125.721,condition_3eabb274c6364f07ae2f216e9df073bd599d0b596b48c557951692eb9e571443,uci291-0383,10.24432/C5VW2C
1600,5.2999999999999998,0.2286,39.600000000000001,0.00614329,123.081,condition_3eabb274c6364f07ae2f216e9df073bd599d0b596b48c557951692eb9e571443,uci291-0384,10.24432/C5VW2C
2000,5.2999999999999998,0.2286,39.600000000000001,0.00614329,117.911,condition_3eabb274c6364f07ae2f216e9df073bd599d0b596b48c557951692eb9e571443,uci291-0385,10.24432/C5VW2C
2500,5.2999999999999998,0.2286,39.600000000000001,0.00614329,116.151,condition_3eabb274c6364f07ae2f216e9df073bd599d0b596b48c557951692eb9e571443,uci291-0386,10.24432/C5VW2C
3150,5.2999999999999998,0.2286,39.600000000000001,0.00614329,118.441,condition_3eabb274c6364f07ae2f216e9df073bd599d0b596b48c557951692eb9e571443,uci291-0387,10.24432/C5VW2C
4000,5.2999999999999998,0.2286,39.600000000000001,0.00614329,115.801,condition_3eabb274c6364f07ae2f216e9df073bd599d0b596b48c557951692eb9e571443,uci291-0388,10.24432/C5VW2C
5000,5.2999999999999998,0.2286,39.600000000000001,0.00614329,115.31100000000001,condition_3eabb274c6364f07ae2f216e9df073bd599d0b596b48c557951692eb9e571443,uci291-0389,10.24432/C5VW2C
6300,5.2999999999999998,0.2286,39.600000000000001,0.00614329,112.541,condition_3eabb274c6364f07ae2f216e9df073bd599d0b596b48c557951692eb9e571443,uci291-0390,10.24432/C5VW2C
200,7.2999999999999998,0.2286,71.299999999999997,0.010440400000000001,138.75800000000001,condition_1872427180a511b858c747d004c7e52874f432525995ca9a2d4322793980ef7d,uci291-0391,10.24432/C5VW2C
250,7.2999999999999998,0.2286,71.299999999999997,0.010440400000000001,139.91800000000001,condition_1872427180a511b858c747d004c7e52874f432525995ca9a2d4322793980ef7d,uci291-0392,10.24432/C5VW2C
315,7.2999999999999998,0.2286,71.299999999999997,0.010440400000000001,139.80799999999999,condition_1872427180a511b858c747d004c7e52874f432525995ca9a2d4322793980ef7d,uci291-0393,10.24432/C5VW2C
400,7.2999999999999998,0.2286,71.299999999999997,0.010440400000000001,139.43799999999999,condition_1872427180a511b858c747d004c7e52874f432525995ca9a2d4322793980ef7d,uci291-0394,10.24432/C5VW2C
500,7.2999999999999998,0.2286,71.299999999999997,0.010440400000000001,136.798,condition_1872427180a511b858c747d004c7e52874f432525995ca9a2d4322793980ef7d,uci291-0395,10.24432/C5VW2C
630,7.2999999999999998,0.2286,71.299999999999997,0.010440400000000001,133.768,condition_1872427180a511b858c747d004c7e52874f432525995ca9a2d4322793980ef7d,uci291-0396,10.24432/C5VW2C
800,7.2999999999999998,0.2286,71.299999999999997,0.010440400000000001,130.74799999999999,condition_1872427180a511b858c747d004c7e52874f432525995ca9a2d4322793980ef7d,uci291-0397,10.24432/C5VW2C
1000,7.2999999999999998,0.2286,71.299999999999997,0.010440400000000001,126.83799999999999,condition_1872427180a511b858c747d004c7e52874f432525995ca9a2d4322793980ef7d,uci291-0398,10.24432/C5VW2C
1250,7.2999999999999998,0.2286,71.299999999999997,0.010440400000000001,127.358,condition_1872427180a511b858c747d004c7e52874f432525995ca9a2d4322793980ef7d,uci291-0399,10.24432/C5VW2C
1600,7.2999999999999998,0.2286,71.299999999999997,0.010440400000000001,125.72799999999999,condition_1872427180a511b858c747d004c7e52874f432525995ca9a2d4322793980ef7d,uci291-0400,10.24432/C5VW2C
2000,7.2999999999999998,0.2286,71.299999999999997,0.010440400000000001,122.708,condition_1872427180a511b858c747d004c7e52874f432525995ca9a2d4322793980ef7d,uci291-0401,10.24432/C5VW2C
2500,7.2999999999999998,0.2286,71.299999999999997,0.010440400000000001,122.08799999999999,condition_1872427180a511b858c747d004c7e52874f432525995ca9a2d4322793980ef7d,uci291-0402,10.24432/C5VW2C
3150,7.2999999999999998,0.2286,71.299999999999997,0.010440400000000001,120.458,condition_1872427180a511b858c747d004c7e52874f432525995ca9a2d4322793980ef7d,uci291-0403,10.24432/C5VW2C
4000,7.2999999999999998,0.2286,71.299999999999997,0.010440400000000001,119.208,condition_1872427180a511b858c747d004c7e52874f432525995ca9a2d4322793980ef7d,uci291-0404,10.24432/C5VW2C
5000,7.2999999999999998,0.2286,71.299999999999997,0.010440400000000001,115.298,condition_1872427180a511b858c747d004c7e52874f432525995ca9a2d4322793980ef7d,uci291-0405,10.24432/C5VW2C
6300,7.2999999999999998,0.2286,71.299999999999997,0.010440400000000001,115.818,condition_1872427180a511b858c747d004c7e52874f432525995ca9a2d4322793980ef7d,uci291-0406,10.24432/C5VW2C
200,7.2999999999999998,0.2286,55.5,0.011170599999999999,135.23400000000001,condition_3e6d9b0dcea1dbd1a34481ae1bc36598e32ee3283efba2afb6444b18c05f0d67,uci291-0407,10.24432/C5VW2C
250,7.2999999999999998,0.2286,55.5,0.011170599999999999,136.38399999999999,condition_3e6d9b0dcea1dbd1a34481ae1bc36598e32ee3283efba2afb6444b18c05f0d67,uci291-0408,10.24432/C5VW2C
315,7.2999999999999998,0.2286,55.5,0.011170599999999999,136.28399999999999,condition_3e6d9b0dcea1dbd1a34481ae1bc36598e32ee3283efba2afb6444b18c05f0d67,uci291-0409,10.24432/C5VW2C
400,7.2999999999999998,0.2286,55.5,0.011170599999999999,135.92400000000001,condition_3e6d9b0dcea1dbd1a34481ae1bc36598e32ee3283efba2afb6444b18c05f0d67,uci291-0410,10.24432/C5VW2C
500,7.2999999999999998,0.2286,55.5,0.011170599999999999,133.17400000000001,condition_3e6d9b0dcea1dbd1a34481ae1bc36598e32ee3283efba2afb6444b18c05f0d67,uci291-0411,10.24432/C5VW2C
630,7.2999999999999998,0.2286,55.5,0.011170599999999999,130.934,condition_3e6d9b0dcea1dbd1a34481ae1bc36598e32ee3283efba2afb6444b18c05f0d67,uci291-0412,10.24432/C5VW2C
800,7.2999999999999998,0.2286,55.5,0.011170599999999999,128.44399999999999,condition_3e6d9b0dcea1dbd1a34481ae1bc36598e32ee3283efba2afb6444b18c05f0d67,uci291-0413,10.24432/C5VW2C
1000,7.2999999999999998,0.2286,55.5,0.011170599999999999,125.194,condition_3e6d9b0dcea1dbd1a34481ae1bc36598e32ee3283efba2afb6444b18c05f0d67,uci291-0414,10.24432/C5VW2C
1250,7.2999999999999998,0.2286,55.5,0.011170599999999999,125.724,condition_3e6d9b0dcea1dbd1a34481ae1bc36598e32ee3283efba2afb6444b18c05f0d67,uci291-0415,10.24432/C5VW2C
1600,7.2999999999999998,0.2286,55.5,0.011170599999999999,123.354,condition_3e6d9b0dcea1dbd1a34481ae1bc36598e32ee3283efba2afb6444b18c05f0d67,uci291-0416,10.24432/C5VW2C
2000,7.2999999999999998,0.2286,55.5,0.011170599999999999,120.354,condition_3e6d9b0dcea1dbd1a34481ae1bc36598e32ee3283efba2afb6444b18c05f0d67,uci291-0417,10.24432/C5VW2C
2500,7.2999999999999998,0.2286,55.5,0.011170599999999999,118.994,condition_3e6d9b0dcea1dbd1a34481ae1bc36598e32ee3283efba2afb6444b18c05f0d67,uci291-0418,10.24432/C5VW2C
3150,7.2999999999999998,0.2286,55.5,0.011170599999999999,117.134,condition_3e6d9b0dcea1dbd1a34481ae1bc36598e32ee3283efba2afb6444b18c05f0d67,uci291-0419,10.24432/C5VW2C
4000,7.2999999999999998,0.2286,55.5,0.011170599999999999,117.28400000000001,condition_3e6d9b0dcea1dbd1a34481ae1bc36598e32ee3283efba2afb6444b18c05f0d67,uci291-0420,10.24432/C5VW2C
5000,7.2999999999999998,0.2286,55.5,0.011170599999999999,113.14400000000001,condition_3e6d9b0dcea1dbd1a34481ae1bc36598e32ee3283efba2afb6444b18c05f0d67,uci291-0421,10.24432/C5VW2C
6300,7.2999999999999998,0.2286,55.5,0.011170599999999999,111.53400000000001,condition_3e6d9b0dcea1dbd1a34481ae1bc36598e32ee3283efba2afb6444b18c05f0d67,uci291-0422,10.24432/C5VW2C
200,7.2999999999999998,0.2286,39.600000000000001,0.012348100000000001,130.989,condition_5791f173a935333e3a2a1d4ad8de8e7ef55458332791464fb28845fece4df857,uci291-0423,10.24432/C5VW2C
250,7.2999999999999998,0.2286,39.600000000000001,0.012348100000000001,131.88900000000001,condition_5791f173a935333e3a2a1d4ad8de8e7ef55458332791464fb28845fece4df857,uci291-0424,10.24432/C5VW2C
315,7.2999999999999998,0.2286,39.600000000000001,0.012348100000000001,132.149,condition_5791f173a935333e3a2a1d4ad8de8e7ef55458332791464fb28845fece4df857,uci291-0425,10.24432/C5VW2C
400,7.2999999999999998,0.2286,39.600000000000001,0.012348100000000001,132.03899999999999,condition_5791f173a935333e3a2a1d4ad8de8e7ef55458332791464fb28845fece4df857,uci291-0426,10.24432/C5VW2C
500,7.2999999999999998,0.2286,39.600000000000001,0.012348100000000001,130.29900000000001,condition_5791f173a935333e3a2a1d4ad8de8e7ef55458332791464fb28845fece4df857,uci291-0427,10.24432/C5VW2C
630,7.2999999999999998,0.2286,39.600000000000001,0.012348100000000001,128.929,condition_5791f173a935333e3a2a1d4ad8de8e7ef55458332791464fb28845fece4df857,uci291-0428,10.24432/C5VW2C
800,7.2999999999999998,0.2286,39.600000000000001,0.012348100000000001,126.29900000000001,condition_5791f173a935333e3a2a1d4ad8de8e7ef55458332791464fb28845fece4df857,uci291-0429,10.24432/C5VW2C
1000,7.2999999999999998,0.2286,39.600000000000001,0.012348100000000001,122.539,condition_5791f173a935333e3a2a1d4ad8de8e7ef55458332791464fb28845fece4df857,uci291-0430,10.24432/C5VW2C
1250,7.2999999999999998,0.2286,39.600000000000001,0.012348100000000001,123.18899999999999,condition_5791f173a935333e3a2a1d4ad8de8e7ef55458332791464fb28845fece4df857,uci291-0431,10.24432/C5VW2C
1600,7.2999999999999998,0.2286,39.600000000000001,0.012348100000000001,121.059,condition_5791f173a935333e3a2a1d4ad8de8e7ef55458332791464fb28845fece4df857,uci291-0432,10.24432/C5VW2C
2000,7.2999999999999998,0.2286,39.600000000000001,0.012348100000000001,117.809,condition_5791f173a935333e3a2a1d4ad8de8e7ef55458332791464fb28845fece4df857,uci291-0433,10.24432/C5VW2C
2500,7.2999999999999998,0.2286,39.600000000000001,0.012348100000000001,116.559,condition_5791f173a935333e3a2a1d4ad8de8e7ef55458332791464fb28845fece4df857,uci291-0434,10.24432/C5VW2C
3150,7.2999999999999998,0.2286,39.600000000000001,0.012348100000000001,114.309,condition_5791f173a935333e3a2a1d4ad8de8e7ef55458332791464fb28845fece4df857,uci291-0435,10.24432/C5VW2C
4000,7.2999999999999998,0.2286,39.600000000000001,0.012348100000000001,114.07899999999999,condition_5791f173a935333e3a2a1d4ad8de8e7ef55458332791464fb28845fece4df857,uci291-0436,10.24432/C5VW2C
5000,7.2999999999999998,0.2286,39.600000000000001,0.012348100000000001,111.959,condition_5791f173a935333e3a2a1d4ad8de8e7ef55458332791464fb28845fece4df857,uci291-0437,10.24432/C5VW2C
6300,7.2999999999999998,0.2286,39.600000000000001,0.012348100000000001,110.839,condition_5791f173a935333e3a2a1d4ad8de8e7ef55458332791464fb28845fece4df857,uci291-0438,10.24432/C5VW2C
200,7.2999999999999998,0.2286,31.699999999999999,0.0132672,128.679,condition_94e31f33461944fe1cb1313241332563c6d7993fc0e9478a3282073bdc9e5a0b,uci291-0439,10.24432/C5VW2C
250,7.2999999999999998,0.2286,31.699999999999999,0.0132672,130.089,condition_94e31f33461944fe1cb1313241332563c6d7993fc0e9478a3282073bdc9e5a0b,uci291-0440,10.24432/C5VW2C
315,7.2999999999999998,0.2286,31.699999999999999,0.0132672,130.239,condition_94e31f33461944fe1cb1313241332563c6d7993fc0e9478a3282073bdc9e5a0b,uci291-0441,10.24432/C5VW2C
400,7.2999999999999998,0.2286,31.699999999999999,0.0132672,130.26900000000001,condition_94e31f33461944fe1cb1313241332563c6d7993fc0e9478a3282073bdc9e5a0b,uci291-0442,10.24432/C5VW2C
500,7.2999999999999998,0.2286,31.699999999999999,0.0132672,128.16900000000001,condition_94e31f33461944fe1cb1313241332563c6d7993fc0e9478a3282073bdc9e5a0b,uci291-0443,10.24432/C5VW2C
630,7.2999999999999998,0.2286,31.699999999999999,0.0132672,126.18899999999999,condition_94e31f33461944fe1cb1313241332563c6d7993fc0e9478a3282073bdc9e5a0b,uci291-0444,10.24432/C5VW2C
800,7.2999999999999998,0.2286,31.699999999999999,0.0132672,123.209,condition_94e31f33461944fe1cb1313241332563c6d7993fc0e9478a3282073bdc9e5a0b,uci291-0445,10.24432/C5VW2C
1000,7.2999999999999998,0.2286,31.699999999999999,0.0132672,119.099,condition_94e31f33461944fe1cb1313241332563c6d7993fc0e9478a3282073bdc9e5a0b,uci291-0446,10.24432/C5VW2C
1250,7.2999999999999998,0.2286,31.699999999999999,0.0132672,120.509,condition_94e31f33461944fe1cb1313241332563c6d7993fc0e9478a3282073bdc9e5a0b,uci291-0447,10.24432/C5VW2C
1600,7.2999999999999998,0.2286,31.699999999999999,0.0132672,119.039,condition_94e31f33461944fe1cb1313241332563c6d7993fc0e9478a3282073bdc9e5a0b,uci291-0448,10.24432/C5VW2C
2000,7.2999999999999998,0.2286,31.699999999999999,0.0132672,115.309,condition_94e31f33461944fe1cb1313241332563c6d7993fc0e9478a3282073bdc9e5a0b,uci291-0449,10.24432/C5VW2C
2500,7.2999999999999998,0.2286,31.699999999999999,0.0132672,114.709,condition_94e31f33461944fe1cb1313241332563c6d7993fc0e9478a3282073bdc9e5a0b,uci291-0450,10.24432/C5VW2C
3150,7.2999999999999998,0.2286,31.699999999999999,0.0132672,113.229,condition_94e31f33461944fe1cb1313241332563c6d7993fc0e9478a3282073bdc9e5a0b,uci291-0451,10.24432/C5VW2C
4000,7.2999999999999998,0.2286,31.699999999999999,0.0132672,112.639,condition_94e31f33461944fe1cb1313241332563c6d7993fc0e9478a3282073bdc9e5a0b,uci291-0452,10.24432/C5VW2C
5000,7.2999999999999998,0.2286,31.699999999999999,0.0132672,111.029,condition_94e31f33461944fe1cb1313241332563c6d7993fc0e9478a3282073bdc9e5a0b,uci291-0453,10.24432/C5VW2C
6300,7.2999999999999998,0.2286,31.699999999999999,0.0132672,110.68899999999999,condition_94e31f33461944fe1cb1313241332563c6d7993fc0e9478a3282073bdc9e5a0b,uci291-0454,10.24432/C5VW2C
800,0,0.15240000000000001,71.299999999999997,0.0015988,125.81699999999999,condition_61ae0d7f7c44ce8697702d177238f01a757b67fa133a893304640990279a1ef1,uci291-0455,10.24432/C5VW2C
1000,0,0.15240000000000001,71.299999999999997,0.0015988,127.307,condition_61ae0d7f7c44ce8697702d177238f01a757b67fa133a893304640990279a1ef1,uci291-0456,10.24432/C5VW2C
1250,0,0.15240000000000001,71.299999999999997,0.0015988,128.92699999999999,condition_61ae0d7f7c44ce8697702d177238f01a757b67fa133a893304640990279a1ef1,uci291-0457,10.24432/C5VW2C
1600,0,0.15240000000000001,71.299999999999997,0.0015988,129.667,condition_61ae0d7f7c44ce8697702d177238f01a757b67fa133a893304640990279a1ef1,uci291-0458,10.24432/C5VW2C
2000,0,0.15240000000000001,71.299999999999997,0.0015988,128.64699999999999,condition_61ae0d7f7c44ce8697702d177238f01a757b67fa133a893304640990279a1ef1,uci291-0459,10.24432/C5VW2C
2500,0,0.15240000000000001,71.299999999999997,0.0015988,128.12700000000001,condition_61ae0d7f7c44ce8697702d177238f01a757b67fa133a893304640990279a1ef1,uci291-0460,10.24432/C5VW2C
3150,0,0.15240000000000001,71.299999999999997,0.0015988,129.37700000000001,condition_61ae0d7f7c44ce8697702d177238f01a757b67fa133a893304640990279a1ef1,uci291-0461,10.24432/C5VW2C
4000,0,0.15240000000000001,71.299999999999997,0.0015988,128.857,condition_61ae0d7f7c44ce8697702d177238f01a757b67fa133a893304640990279a1ef1,uci291-0462,10.24432/C5VW2C
5000,0,0.15240000000000001,71.299999999999997,0.0015988,126.45699999999999,condition_61ae0d7f7c44ce8697702d177238f01a757b67fa133a893304640990279a1ef1,uci291-0463,10.24432/C5VW2C
6300,0,0.15240000000000001,71.299999999999997,0.0015988,125.42700000000001,condition_61ae0d7f7c44ce8697702d177238f01a757b67fa133a893304640990279a1ef1,uci291-0464,10.24432/C5VW2C
8000,0,0.15240000000000001,71.299999999999997,0.0015988,122.527,condition_61ae0d7f7c44ce8697702d177238f01a757b67fa133a893304640990279a1ef1,uci291-0465,10.24432/C5VW2C
10000,0,0.15240000000000001,71.299999999999997,0.0015988,120.247,condition_61ae0d7f7c44ce8697702d177238f01a757b67fa133a893304640990279a1ef1,uci291-0466,10.24432/C5VW2C
12500,0,0.15240000000000001,71.299999999999997,0.0015988,117.087,condition_61ae0d7f7c44ce8697702d177238f01a757b67fa133a893304640990279a1ef1,uci291-0467,10.24432/C5VW2C
16000,0,0.15240000000000001,71.299999999999997,0.0015988,113.297,condition_61ae0d7f7c44ce8697702d177238f01a757b67fa133a893304640990279a1ef1,uci291-0468,10.24432/C5VW2C
500,0,0.15240000000000001,55.5,0.00172668,120.57299999999999,condition_c72a255bc67f5d0b7a212655b55502f74ea4643c62a68e1343fdb848e8660b5b,uci291-0469,10.24432/C5VW2C
630,0,0.15240000000000001,55.5,0.00172668,123.583,condition_c72a255bc67f5d0b7a212655b55502f74ea4643c62a68e1343fdb848e8660b5b,uci291-0470,10.24432/C5VW2C
800,0,0.15240000000000001,55.5,0.00172668,126.71299999999999,condition_c72a255bc67f5d0b7a212655b55502f74ea4643c62a68e1343fdb848e8660b5b,uci291-0471,10.24432/C5VW2C
1000,0,0.15240000000000001,55.5,0.00172668,128.583,condition_c72a255bc67f5d0b7a212655b55502f74ea4643c62a68e1343fdb848e8660b5b,uci291-0472,10.24432/C5VW2C
1250,0,0.15240000000000001,55.5,0.00172668,129.953,condition_c72a255bc67f5d0b7a212655b55502f74ea4643c62a68e1343fdb848e8660b5b,uci291-0473,10.24432/C5VW2C
1600,0,0.15240000000000001,55.5,0.00172668,130.18299999999999,condition_c72a255bc67f5d0b7a212655b55502f74ea4643c62a68e1343fdb848e8660b5b,uci291-0474,10.24432/C5VW2C
2000,0,0.15240000000000001,55.5,0.00172668,129.673,condition_c72a255bc67f5d0b7a212655b55502f74ea4643c62a68e1343fdb848e8660b5b,uci291-0475,10.24432/C5VW2C
2500,0,0.15240000000000001,55.5,0.00172668,127.76300000000001,condition_c72a255bc67f5d0b7a212655b55502f74ea4643c62a68e1343fdb848e8660b5b,uci291-0476,10.24432/C5VW2C
3150,0,0.15240000000000001,55.5,0.00172668,127.753,condition_c72a255bc67f5d0b7a212655b55502f74ea4643c62a68e1343fdb848e8660b5b,uci291-0477,10.24432/C5VW2C
4000,0,0.15240000000000001,55.5,0.00172668,127.233,condition_c72a255bc67f5d0b7a212655b55502f74ea4643c62a68e1343fdb848e8660b5b,uci291-0478,10.24432/C5VW2C
5000,0,0.15240000000000001,55.5,0.00172668,125.203,condition_c72a255bc67f5d0b7a212655b55502f74ea4643c62a68e1343fdb848e8660b5b,uci291-0479,10.24432/C5VW2C
6300,0,0.15240000000000001,55.5,0.00172668,123.303,condition_c72a255bc67f5d0b7a212655b55502f74ea4643c62a68e1343fdb848e8660b5b,uci291-0480,10.24432/C5VW2C
8000,0,0.15240000000000001,55.5,0.00172668,121.90300000000001,condition_c72a255bc67f5d0b7a212655b55502f74ea4643c62a68e1343fdb848e8660b5b,uci291-0481,10.24432/C5VW2C
10000,0,0.15240000000000001,55.5,0.00172668,119.253,condition_c72a255bc67f5d0b7a212655b55502f74ea4643c62a68e1343fdb848e8660b5b,uci291-0482,10.24432/C5VW2C
12500,0,0.15240000000000001,55.5,0.00172668,117.093,condition_c72a255bc67f5d0b7a212655b55502f74ea4643c62a68e1343fdb848e8660b5b,uci291-0483,10.24432/C5VW2C
16000,0,0.15240000000000001,55.5,0.00172668,112.803,condition_c72a255bc67f5d0b7a212655b55502f74ea4643c62a68e1343fdb848e8660b5b,uci291-0484,10.24432/C5VW2C
500,0,0.15240000000000001,39.600000000000001,0.0019328699999999999,119.51300000000001,condition_d8fe0186652c457c3841bc6ed36f7f8573df5a4d29d77ebcd07b1c7cd29b15b9,uci291-0485,10.24432/C5VW2C
630,0,0.15240000000000001,39.600000000000001,0.0019328699999999999,124.40300000000001,condition_d8fe0186652c457c3841bc6ed36f7f8573df5a4d29d77ebcd07b1c7cd29b15b9,uci291-0486,10.24432/C5VW2C
800,0,0.15240000000000001,39.600000000000001,0.0019328699999999999,127.90300000000001,condition_d8fe0186652c457c3841bc6ed36f7f8573df5a4d29d77ebcd07b1c7cd29b15b9,uci291-0487,10.24432/C5VW2C
1000,0,0.15240000000000001,39.600000000000001,0.0019328699999999999,130.03299999999999,condition_d8fe0186652c457c3841bc6ed36f7f8573df5a4d29d77ebcd07b1c7cd29b15b9,uci291-0488,10.24432/C5VW2C
1250,0,0.15240000000000001,39.600000000000001,0.0019328699999999999,131.023,condition_d8fe0186652c457c3841bc6ed36f7f8573df5a4d29d77ebcd07b1c7cd29b15b9,uci291-0489,10.24432/C5VW2C
1600,0,0.15240000000000001,39.600000000000001,0.0019328699999999999,131.01300000000001,condition_d8fe0186652c457c3841bc6ed36f7f8573df5a4d29d77ebcd07b1c7cd29b15b9,uci291-0490,10.24432/C5VW2C
2000,0,0.15240000000000001,39.600000000000001,0.0019328699999999999,129.63300000000001,condition_d8fe0186652c457c3841bc6ed36f7f8573df5a4d29d77ebcd07b1c7cd29b15b9,uci291-0491,10.24432/C5VW2C
2500,0,0.15240000000000001,39.600000000000001,0.0019328699999999999,126.863,condition_d8fe0186652c457c3841bc6ed36f7f8573df5a4d29d77ebcd07b1c7cd29b15b9,uci291-0492,10.24432/C5VW2C
3150,0,0.15240000000000001,39.600000000000001,0.0019328699999999999,125.60299999999999,condition_d8fe0186652c457c3841bc6ed36f7f8573df5a4d29d77ebcd07b1c7cd29b15b9,uci291-0493,10.24432/C5VW2C
4000,0,0.15240000000000001,39.600000000000001,0.0019328699999999999,125.343,condition_d8fe0186652c457c3841bc6ed36f7f8573df5a4d29d77ebcd07b1c7cd29b15b9,uci291-0494,10.24432/C5VW2C
5000,0,0.15240000000000001,39.600000000000001,0.0019328699999999999,123.453,condition_d8fe0186652c457c3841bc6ed36f7f8573df5a4d29d77ebcd07b1c7cd29b15b9,uci291-0495,10.24432/C5VW2C
6300,0,0.15240000000000001,39.600000000000001,0.0019328699999999999,121.313,condition_d8fe0186652c457c3841bc6ed36f7f8573df5a4d29d77ebcd07b1c7cd29b15b9,uci291-0496,10.24432/C5VW2C
8000,0,0.15240000000000001,39.600000000000001,0.0019328699999999999,120.553,condition_d8fe0186652c457c3841bc6ed36f7f8573df5a4d29d77ebcd07b1c7cd29b15b9,uci291-0497,10.24432/C5VW2C
10000,0,0.15240000000000001,39.600000000000001,0.0019328699999999999,115.413,condition_d8fe0186652c457c3841bc6ed36f7f8573df5a4d29d77ebcd07b1c7cd29b15b9,uci291-0498,10.24432/C5VW2C
500,0,0.15240000000000001,31.699999999999999,0.0020940500000000001,121.617,condition_65ddf365cab30fb8d3311eb4bddc6802a1b0feb8fe9d47bdc2df33fb01371af0,uci291-0499,10.24432/C5VW2C
630,0,0.15240000000000001,31.699999999999999,0.0020940500000000001,125.997,condition_65ddf365cab30fb8d3311eb4bddc6802a1b0feb8fe9d47bdc2df33fb01371af0,uci291-0500,10.24432/C5VW2C
800,0,0.15240000000000001,31.699999999999999,0.0020940500000000001,129.11699999999999,condition_65ddf365cab30fb8d3311eb4bddc6802a1b0feb8fe9d47bdc2df33fb01371af0,uci291-0501,10.24432/C5VW2C
1000,0,0.15240000000000001,31.699999999999999,0.0020940500000000001,130.98699999999999,condition_65ddf365cab30fb8d3311eb4bddc6802a1b0feb8fe9d47bdc2df33fb01371af0,uci291-0502,10.24432/C5VW2C
1250,0,0.15240000000000001,31.699999999999999,0.0020940500000000001,131.46700000000001,condition_65ddf365cab30fb8d3311eb4bddc6802a1b0feb8fe9d47bdc2df33fb01371af0,uci291-0503,10.24432/C5VW2C
1600,0,0.15240000000000001,31.699999999999999,0.0020940500000000001,130.81700000000001,condition_65ddf365cab30fb8d3311eb4bddc6802a1b0feb8fe9d47bdc2df33fb01371af0,uci291-0504,10.24432/C5VW2C
2000,0,0.15240000000000001,31.699999999999999,0.0020940500000000001,128.90700000000001,condition_65ddf365cab30fb8d3311eb4bddc6802a1b0feb8fe9d47bdc2df33fb01371af0,uci291-0505,10.24432/C5VW2C
2500,0,0.15240000000000001,31.699999999999999,0.0020940500000000001,125.867,condition_65ddf365cab30fb8d3311eb4bddc6802a1b0feb8fe9d47bdc2df33fb01371af0,uci291-0506,10.24432/C5VW2C
3150,0,0.15240000000000001,31.699999999999999,0.0020940500000000001,124.20699999999999,condition_65ddf365cab30fb8d3311eb4bddc6802a1b0feb8fe9d47bdc2df33fb01371af0,uci291-0507,10.24432/C5VW2C
4000,0,0.15240000000000001,31.699999999999999,0.0020940500000000001,123.807,condition_65ddf365cab30fb8d3311eb4bddc6802a1b0feb8fe9d47bdc2df33fb01371af0,uci291-0508,10.24432/C5VW2C
5000,0,0.15240000000000001,31.699999999999999,0.0020940500000000001,122.39700000000001,condition_65ddf365cab30fb8d3311eb4bddc6802a1b0feb8fe9d47bdc2df33fb01371af0,uci291-0509,10.24432/C5VW2C
6300,0,0.15240000000000001,31.699999999999999,0.0020940500000000001,119.73699999999999,condition_65ddf365cab30fb8d3311eb4bddc6802a1b0feb8fe9d47bdc2df33fb01371af0,uci291-0510,10.24432/C5VW2C
8000,0,0.15240000000000001,31.699999999999999,0.0020940500000000001,117.95699999999999,condition_65ddf365cab30fb8d3311eb4bddc6802a1b0feb8fe9d47bdc2df33fb01371af0,uci291-0511,10.24432/C5VW2C
630,2.7000000000000002,0.15240000000000001,71.299999999999997,0.0024385100000000001,127.404,condition_e13d5f5cf736b7af4aba55f66ee4ce6ef0f2c67ecb046d2d5c7eb8ea69fcb71f,uci291-0512,10.24432/C5VW2C
800,2.7000000000000002,0.15240000000000001,71.299999999999997,0.0024385100000000001,127.39400000000001,condition_e13d5f5cf736b7af4aba55f66ee4ce6ef0f2c67ecb046d2d5c7eb8ea69fcb71f,uci291-0513,10.24432/C5VW2C
1000,2.7000000000000002,0.15240000000000001,71.299999999999997,0.0024385100000000001,128.774,condition_e13d5f5cf736b7af4aba55f66ee4ce6ef0f2c67ecb046d2d5c7eb8ea69fcb71f,uci291-0514,10.24432/C5VW2C
1250,2.7000000000000002,0.15240000000000001,71.299999999999997,0.0024385100000000001,130.14400000000001,condition_e13d5f5cf736b7af4aba55f66ee4ce6ef0f2c67ecb046d2d5c7eb8ea69fcb71f,uci291-0515,10.24432/C5VW2C
1600,2.7000000000000002,0.15240000000000001,71.299999999999997,0.0024385100000000001,130.64400000000001,condition_e13d5f5cf736b7af4aba55f66ee4ce6ef0f2c67ecb046d2d5c7eb8ea69fcb71f,uci291-0516,10.24432/C5VW2C
2000,2.7000000000000002,0.15240000000000001,71.299999999999997,0.0024385100000000001,130.114,condition_e13d5f5cf736b7af4aba55f66ee4ce6ef0f2c67ecb046d2d5c7eb8ea69fcb71f,uci291-0517,10.24432/C5VW2C
2500,2.7000000000000002,0.15240000000000001,71.299999999999997,0.0024385100000000001,128.334,condition_e13d5f5cf736b7af4aba55f66ee4ce6ef0f2c67ecb046d2d5c7eb8ea69fcb71f,uci291-0518,10.24432/C5VW2C
3150,2.7000000000000002,0.15240000000000001,71.299999999999997,0.0024385100000000001,127.054,condition_e13d5f5cf736b7af4aba55f66ee4ce6ef0f2c67ecb046d2d5c7eb8ea69fcb71f,uci291-0519,10.24432/C5VW2C
4000,2.7000000000000002,0.15240000000000001,71.299999999999997,0.0024385100000000001,126.53400000000001,condition_e13d5f5cf736b7af4aba55f66ee4ce6ef0f2c67ecb046d2d5c7eb8ea69fcb71f,uci291-0520,10.24432/C5VW2C
5000,2.7000000000000002,0.15240000000000001,71.299999999999997,0.0024385100000000001,124.364,condition_e13d5f5cf736b7af4aba55f66ee4ce6ef0f2c67ecb046d2d5c7eb8ea69fcb71f,uci291-0521,10.24432/C5VW2C
6300,2.7000000000000002,0.15240000000000001,71.299999999999997,0.0024385100000000001,121.944,condition_e13d5f5cf736b7af4aba55f66ee4ce6ef0f2c67ecb046d2d5c7eb8ea69fcb71f,uci291-0522,10.24432/C5VW2C
8000,2.7000000000000002,0.15240000000000001,71.299999999999997,0.0024385100000000001,120.53400000000001,condition_e13d5f5cf736b7af4aba55f66ee4ce6ef0f2c67ecb046d2d5c7eb8ea69fcb71f,uci291-0523,10.24432/C5VW2C
10000,2.7000000000000002,0.15240000000000001,71.299999999999997,0.0024385100000000001,116.724,condition_e13d5f5cf736b7af4aba55f66ee4ce6ef0f2c67ecb046d2d5c7eb8ea69fcb71f,uci291-0524,10.24432/C5VW2C
12500,2.7000000000000002,0.15240000000000001,71.299999999999997,0.0024385100000000001,113.03400000000001,condition_e13d5f5cf736b7af4aba55f66ee4ce6ef0f2c67ecb046d2d5c7eb8ea69fcb71f,uci291-0525,10.24432/C5VW2C
16000,2.7000000000000002,0.15240000000000001,71.299999999999997,0.0024385100000000001,110.364,condition_e13d5f5cf736b7af4aba55f66ee4ce6ef0f2c67ecb046d2d5c7eb8ea69fcb71f,uci291-0526,10.24432/C5VW2C
500,2.7000000000000002,0.15240000000000001,39.600000000000001,0.0029480399999999999,121.009,condition_e4ce1fda44fd9b96d670d9c2a7520d3a13371baf1ea4bcef495392b3336f086d,uci291-0527,10.24432/C5VW2C
630,2.7000000000000002,0.15240000000000001,39.600000000000001,0.0029480399999999999,125.809,condition_e4ce1fda44fd9b96d670d9c2a7520d3a13371baf1ea4bcef495392b3336f086d,uci291-0528,10.24432/C5VW2C
800,2.7000000000000002,0.15240000000000001,39.600000000000001,0.0029480399999999999,128.82900000000001,condition_e4ce1fda44fd9b96d670d9c2a7520d3a13371baf1ea4bcef495392b3336f086d,uci291-0529,10.24432/C5VW2C
1000,2.7000000000000002,0.15240000000000001,39.600000000000001,0.0029480399999999999,130.589,condition_e4ce1fda44fd9b96d670d9c2a7520d3a13371baf1ea4bcef495392b3336f086d,uci291-0530,10.24432/C5VW2C
1250,2.7000000000000002,0.15240000000000001,39.600000000000001,0.0029480399999999999,130.82900000000001,condition_e4ce1fda44fd9b96d670d9c2a7520d3a13371baf1ea4bcef495392b3336f086d,uci291-0531,10.24432/C5VW2C
1600,2.7000000000000002,0.15240000000000001,39.600000000000001,0.0029480399999999999,130.04900000000001,condition_e4ce1fda44fd9b96d670d9c2a7520d3a13371baf1ea4bcef495392b3336f086d,uci291-0532,10.24432/C5VW2C
2000,2.7000000000000002,0.15240000000000001,39.600000000000001,0.0029480399999999999,128.13900000000001,condition_e4ce1fda44fd9b96d670d9c2a7520d3a13371baf1ea4bcef495392b3336f086d,uci291-0533,10.24432/C5VW2C
2500,2.7000000000000002,0.15240000000000001,39.600000000000001,0.0029480399999999999,125.589,condition_e4ce1fda44fd9b96d670d9c2a7520d3a13371baf1ea4bcef495392b3336f086d,uci291-0534,10.24432/C5VW2C
3150,2.7000000000000002,0.15240000000000001,39.600000000000001,0.0029480399999999999,122.919,condition_e4ce1fda44fd9b96d670d9c2a7520d3a13371baf1ea4bcef495392b3336f086d,uci291-0535,10.24432/C5VW2C
4000,2.7000000000000002,0.15240000000000001,39.600000000000001,0.0029480399999999999,121.889,condition_e4ce1fda44fd9b96d670d9c2a7520d3a13371baf1ea4bcef495392b3336f086d,uci291-0536,10.24432/C5VW2C
5000,2.7000000000000002,0.15240000000000001,39.600000000000001,0.0029480399999999999,121.499,condition_e4ce1fda44fd9b96d670d9c2a7520d3a13371baf1ea4bcef495392b3336f086d,uci291-0537,10.24432/C5VW2C
6300,2.7000000000000002,0.15240000000000001,39.600000000000001,0.0029480399999999999,119.209,condition_e4ce1fda44fd9b96d670d9c2a7520d3a13371baf1ea4bcef495392b3336f086d,uci291-0538,10.24432/C5VW2C
8000,2.7000000000000002,0.15240000000000001,39.600000000000001,0.0029480399999999999,116.65900000000001,condition_e4ce1fda44fd9b96d670d9c2a7520d3a13371baf1ea4bcef495392b3336f086d,uci291-0539,10.24432/C5VW2C
10000,2.7000000000000002,0.15240000000000001,39.600000000000001,0.0029480399999999999,112.589,condition_e4ce1fda44fd9b96d670d9c2a7520d3a13371baf1ea4bcef495392b3336f086d,uci291-0540,10.24432/C5VW2C
12500,2.7000000000000002,0.15240000000000001,39.600000000000001,0.0029480399999999999,108.649,condition_e4ce1fda44fd9b96d670d9c2a7520d3a13371baf1ea4bcef495392b3336f086d,uci291-0541,10.24432/C5VW2C
400,5.4000000000000004,0.15240000000000001,71.299999999999997,0.00401199,124.121,condition_ee8505e0fa7edf47efdbcb33313a3cf879f3b9e4402df13dff5ebcbf42256619,uci291-0542,10.24432/C5VW2C
500,5.4000000000000004,0.15240000000000001,71.299999999999997,0.00401199,126.291,condition_ee8505e0fa7edf47efdbcb33313a3cf879f3b9e4402df13dff5ebcbf42256619,uci291-0543,10.24432/C5VW2C
630,5.4000000000000004,0.15240000000000001,71.299999999999997,0.00401199,128.971,condition_ee8505e0fa7edf47efdbcb33313a3cf879f3b9e4402df13dff5ebcbf42256619,uci291-0544,10.24432/C5VW2C
800,5.4000000000000004,0.15240000000000001,71.299999999999997,0.00401199,131.28100000000001,condition_ee8505e0fa7edf47efdbcb33313a3cf879f3b9e4402df13dff5ebcbf42256619,uci291-0545,10.24432/C5VW2C
1000,5.4000000000000004,0.15240000000000001,71.299999999999997,0.00401199,133.20099999999999,condition_ee8505e0fa7edf47efdbcb33313a3cf879f3b9e4402df13dff5ebcbf42256619,uci291-0546,10.24432/C5VW2C
1250,5.4000000000000004,0.15240000000000001,71.299999999999997,0.00401199,134.11099999999999,condition_ee8505e0fa7edf47efdbcb33313a3cf879f3b9e4402df13dff5ebcbf42256619,uci291-0547,10.24432/C5VW2C
1600,5.4000000000000004,0.15240000000000001,71.299999999999997,0.00401199,133.24100000000001,condition_ee8505e0fa7edf47efdbcb33313a3cf879f3b9e4402df13dff5ebcbf42256619,uci291-0548,10.24432/C5VW2C
2000,5.4000000000000004,0.15240000000000001,71.299999999999997,0.00401199,131.11099999999999,condition_ee8505e0fa7edf47efdbcb33313a3cf879f3b9e4402df13dff5ebcbf42256619,uci291-0549,10.24432/C5VW2C
2500,5.4000000000000004,0.15240000000000001,71.299999999999997,0.00401199,127.59099999999999,condition_ee8505e0fa7edf47efdbcb33313a3cf879f3b9e4402df13dff5ebcbf42256619,uci291-0550,10.24432/C5VW2C
3150,5.4000000000000004,0.15240000000000001,71.299999999999997,0.00401199,123.31100000000001,condition_ee8505e0fa7edf47efdbcb33313a3cf879f3b9e4402df13dff5ebcbf42256619,uci291-0551,10.24432/C5VW2C
4000,5.4000000000000004,0.15240000000000001,71.299999999999997,0.00401199,121.431,condition_ee8505e0fa7edf47efdbcb33313a3cf879f3b9e4402df13dff5ebcbf42256619,uci291-0552,10.24432/C5VW2C
5000,5.4000000000000004,0.15240000000000001,71.299999999999997,0.00401199,120.06100000000001,condition_ee8505e0fa7edf47efdbcb33313a3cf879f3b9e4402df13dff5ebcbf42256619,uci291-0553,10.24432/C5VW2C
6300,5.4000000000000004,0.15240000000000001,71.299999999999997,0.00401199,116.411,condition_ee8505e0fa7edf47efdbcb33313a3cf879f3b9e4402df13dff5ebcbf42256619,uci291-0554,10.24432/C5VW2C
400,5.4000000000000004,0.15240000000000001,55.5,0.0043328799999999999,126.807,condition_e77c4b55863b9482a6075df017316b6a7397fe07a5ce8f2f509dccbe10357945,uci291-0555,10.24432/C5VW2C
500,5.4000000000000004,0.15240000000000001,55.5,0.0043328799999999999,129.36699999999999,condition_e77c4b55863b9482a6075df017316b6a7397fe07a5ce8f2f509dccbe10357945,uci291-0556,10.24432/C5VW2C
630,5.4000000000000004,0.15240000000000001,55.5,0.0043328799999999999,131.80699999999999,condition_e77c4b55863b9482a6075df017316b6a7397fe07a5ce8f2f509dccbe10357945,uci291-0557,10.24432/C5VW2C
800,5.4000000000000004,0.15240000000000001,55.5,0.0043328799999999999,133.09700000000001,condition_e77c4b55863b9482a6075df017316b6a7397fe07a5ce8f2f509dccbe10357945,uci291-0558,10.24432/C5VW2C
1000,5.4000000000000004,0.15240000000000001,55.5,0.0043328799999999999,132.12700000000001,condition_e77c4b55863b9482a6075df017316b6a7397fe07a5ce8f2f509dccbe10357945,uci291-0559,10.24432/C5VW2C
1250,5.4000000000000004,0.15240000000000001,55.5,0.0043328799999999999,130.77699999999999,condition_e77c4b55863b9482a6075df017316b6a7397fe07a5ce8f2f509dccbe10357945,uci291-0560,10.24432/C5VW2C
1600,5.4000000000000004,0.15240000000000001,55.5,0.0043328799999999999,130.56700000000001,condition_e77c4b55863b9482a6075df017316b6a7397fe07a5ce8f2f509dccbe10357945,uci291-0561,10.24432/C5VW2C
2000,5.4000000000000004,0.15240000000000001,55.5,0.0043328799999999999,128.70699999999999,condition_e77c4b55863b9482a6075df017316b6a7397fe07a5ce8f2f509dccbe10357945,uci291-0562,10.24432/C5VW2C
2500,5.4000000000000004,0.15240000000000001,55.5,0.0043328799999999999,124.077,condition_e77c4b55863b9482a6075df017316b6a7397fe07a5ce8f2f509dccbe10357945,uci291-0563,10.24432/C5VW2C
3150,5.4000000000000004,0.15240000000000001,55.5,0.0043328799999999999,121.587,condition_e77c4b55863b9482a6075df017316b6a7397fe07a5ce8f2f509dccbe10357945,uci291-0564,10.24432/C5VW2C
4000,5.4000000000000004,0.15240000000000001,55.5,0.0043328799999999999,119.73699999999999,condition_e77c4b55863b9482a6075df017316b6a7397fe07a5ce8f2f509dccbe10357945,uci291-0565,10.24432/C5VW2C
5000,5.4000000000000004,0.15240000000000001,55.5,0.0043328799999999999,118.75700000000001,condition_e77c4b55863b9482a6075df017316b6a7397fe07a5ce8f2f509dccbe10357945,uci291-0566,10.24432/C5VW2C
6300,5.4000000000000004,0.15240000000000001,55.5,0.0043328799999999999,117.28700000000001,condition_e77c4b55863b9482a6075df017316b6a7397fe07a5ce8f2f509dccbe10357945,uci291-0567,10.24432/C5VW2C
8000,5.4000000000000004,0.15240000000000001,55.5,0.0043328799999999999,114.92700000000001,condition_e77c4b55863b9482a6075df017316b6a7397fe07a5ce8f2f509dccbe10357945,uci291-0568,10.24432/C5VW2C
315,5.4000000000000004,0.15240000000000001,39.600000000000001,0.0048502900000000002,125.34699999999999,condition_309ac517d9363699521045562492d062f12cf6028f2924ac71a7b8a0ef6a85ec,uci291-0569,10.24432/C5VW2C
400,5.4000000000000004,0.15240000000000001,39.600000000000001,0.0048502900000000002,127.637,condition_309ac517d9363699521045562492d062f12cf6028f2924ac71a7b8a0ef6a85ec,uci291-0570,10.24432/C5VW2C
500,5.4000000000000004,0.15240000000000001,39.600000000000001,0.0048502900000000002,129.93700000000001,condition_309ac517d9363699521045562492d062f12cf6028f2924ac71a7b8a0ef6a85ec,uci291-0571,10.24432/C5VW2C
630,5.4000000000000004,0.15240000000000001,39.600000000000001,0.0048502900000000002,132.357,condition_309ac517d9363699521045562492d062f12cf6028f2924ac71a7b8a0ef6a85ec,uci291-0572,10.24432/C5VW2C
800,5.4000000000000004,0.15240000000000001,39.600000000000001,0.0048502900000000002,132.75700000000001,condition_309ac517d9363699521045562492d062f12cf6028f2924ac71a7b8a0ef6a85ec,uci291-0573,10.24432/C5VW2C
1000,5.4000000000000004,0.15240000000000001,39.600000000000001,0.0048502900000000002,130.50700000000001,condition_309ac517d9363699521045562492d062f12cf6028f2924ac71a7b8a0ef6a85ec,uci291-0574,10.24432/C5VW2C
1250,5.4000000000000004,0.15240000000000001,39.600000000000001,0.0048502900000000002,127.117,condition_309ac517d9363699521045562492d062f12cf6028f2924ac71a7b8a0ef6a85ec,uci291-0575,10.24432/C5VW2C
1600,5.4000000000000004,0.15240000000000001,39.600000000000001,0.0048502900000000002,126.267,condition_309ac517d9363699521045562492d062f12cf6028f2924ac71a7b8a0ef6a85ec,uci291-0576,10.24432/C5VW2C
2000,5.4000000000000004,0.15240000000000001,39.600000000000001,0.0048502900000000002,124.64700000000001,condition_309ac517d9363699521045562492d062f12cf6028f2924ac71a7b8a0ef6a85ec,uci291-0577,10.24432/C5VW2C
2500,5.4000000000000004,0.15240000000000001,39.600000000000001,0.0048502900000000002,120.497,condition_309ac517d9363699521045562492d062f12cf6028f2924ac71a7b8a0ef6a85ec,uci291-0578,10.24432/C5VW2C
3150,5.4000000000000004,0.15240000000000001,39.600000000000001,0.0048502900000000002,119.137,condition_309ac517d9363699521045562492d062f12cf6028f2924ac71a7b8a0ef6a85ec,uci291-0579,10.24432/C5VW2C
4000,5.4000000000000004,0.15240000000000001,39.600000000000001,0.0048502900000000002,117.137,condition_309ac517d9363699521045562492d062f12cf6028f2924ac71a7b8a0ef6a85ec,uci291-0580,10.24432/C5VW2C
5000,5.4000000000000004,0.15240000000000001,39.600000000000001,0.0048502900000000002,117.03700000000001,condition_309ac517d9363699521045562492d062f12cf6028f2924ac71a7b8a0ef6a85ec,uci291-0581,10.24432/C5VW2C
6300,5.4000000000000004,0.15240000000000001,39.600000000000001,0.0048502900000000002,116.67700000000001,condition_309ac517d9363699521045562492d062f12cf6028f2924ac71a7b8a0ef6a85ec,uci291-0582,10.24432/C5VW2C
315,5.4000000000000004,0.15240000000000001,31.699999999999999,0.0052547399999999999,125.741,condition_67717544f167a22399bcd67e6e23c3e1b2d594d83ebb286a5d2a31d4a738f014,uci291-0583,10.24432/C5VW2C
400,5.4000000000000004,0.15240000000000001,31.699999999999999,0.0052547399999999999,127.78100000000001,condition_67717544f167a22399bcd67e6e23c3e1b2d594d83ebb286a5d2a31d4a738f014,uci291-0584,10.24432/C5VW2C
500,5.4000000000000004,0.15240000000000001,31.699999999999999,0.0052547399999999999,129.68100000000001,condition_67717544f167a22399bcd67e6e23c3e1b2d594d83ebb286a5d2a31d4a738f014,uci291-0585,10.24432/C5VW2C
630,5.4000000000000004,0.15240000000000001,31.699999999999999,0.0052547399999999999,131.471,condition_67717544f167a22399bcd67e6e23c3e1b2d594d83ebb286a5d2a31d4a738f014,uci291-0586,10.24432/C5VW2C
800,5.4000000000000004,0.15240000000000001,31.699999999999999,0.0052547399999999999,131.49100000000001,condition_67717544f167a22399bcd67e6e23c3e1b2d594d83ebb286a5d2a31d4a738f014,uci291-0587,10.24432/C5VW2C
1000,5.4000000000000004,0.15240000000000001,31.699999999999999,0.0052547399999999999,128.24100000000001,condition_67717544f167a22399bcd67e6e23c3e1b2d594d83ebb286a5d2a31d4a738f014,uci291-0588,10.24432/C5VW2C
1250,5.4000000000000004,0.15240000000000001,31.699999999999999,0.0052547399999999999,123.991,condition_67717544f167a22399bcd67e6e23c3e1b2d594d83ebb286a5d2a31d4a738f014,uci291-0589,10.24432/C5VW2C
1600,5.4000000000000004,0.15240000000000001,31.699999999999999,0.0052547399999999999,123.761,condition_67717544f167a22399bcd67e6e23c3e1b2d594d83ebb286a5d2a31d4a738f014,uci291-0590,10.24432/C5VW2C
2000,5.4000000000000004,0.15240000000000001,31.699999999999999,0.0052547399999999999,122.771,condition_67717544f167a22399bcd67e6e23c3e1b2d594d83ebb286a5d2a31d4a738f014,uci291-0591,10.24432/C5VW2C
2500,5.4000000000000004,0.15240000000000001,31.699999999999999,0.0052547399999999999,119.151,condition_67717544f167a22399bcd67e6e23c3e1b2d594d83ebb286a5d2a31d4a738f014,uci291-0592,10.24432/C5VW2C
3150,5.4000000000000004,0.15240000000000001,31.699999999999999,0.0052547399999999999,118.291,condition_67717544f167a22399bcd67e6e23c3e1b2d594d83ebb286a5d2a31d4a738f014,uci291-0593,10.24432/C5VW2C
4000,5.4000000000000004,0.15240000000000001,31.699999999999999,0.0052547399999999999,116.181,condition_67717544f167a22399bcd67e6e23c3e1b2d594d83ebb286a5d2a31d4a738f014,uci291-0594,10.24432/C5VW2C
5000,5.4000000000000004,0.15240000000000001,31.699999999999999,0.0052547399999999999,115.691,condition_67717544f167a22399bcd67e6e23c3e1b2d594d83ebb286a5d2a31d4a738f014,uci291-0595,10.24432/C5VW2C
6300,5.4000000000000004,0.15240000000000001,31.699999999999999,0.0052547399999999999,115.59099999999999,condition_67717544f167a22399bcd67e6e23c3e1b2d594d83ebb286a5d2a31d4a738f014,uci291-0596,10.24432/C5VW2C
315,7.2000000000000002,0.15240000000000001,71.299999999999997,0.0075203900000000001,128.71299999999999,condition_594d11abb0bf3eab34e8429d8107b7ab2834d2911c59dcd7a45b43ada34af114,uci291-0597,10.24432/C5VW2C
400,7.2000000000000002,0.15240000000000001,71.299999999999997,0.0075203900000000001,130.12299999999999,condition_594d11abb0bf3eab34e8429d8107b7ab2834d2911c59dcd7a45b43ada34af114,uci291-0598,10.24432/C5VW2C
500,7.2000000000000002,0.15240000000000001,71.299999999999997,0.0075203900000000001,132.04300000000001,condition_594d11abb0bf3eab34e8429d8107b7ab2834d2911c59dcd7a45b43ada34af114,uci291-0599,10.24432/C5VW2C
630,7.2000000000000002,0.15240000000000001,71.299999999999997,0.0075203900000000001,134.85300000000001,condition_594d11abb0bf3eab34e8429d8107b7ab2834d2911c59dcd7a45b43ada34af114,uci291-0600,10.24432/C5VW2C
800,7.2000000000000002,0.15240000000000001,71.299999999999997,0.0075203900000000001,136.023,condition_594d11abb0bf3eab34e8429d8107b7ab2834d2911c59dcd7a45b43ada34af114,uci291-0601,10.24432/C5VW2C
1000,7.2000000000000002,0.15240000000000001,71.299999999999997,0.0075203900000000001,134.273,condition_594d11abb0bf3eab34e8429d8107b7ab2834d2911c59dcd7a45b43ada34af114,uci291-0602,10.24432/C5VW2C
1250,7.2000000000000002,0.15240000000000001,71.299999999999997,0.0075203900000000001,132.51300000000001,condition_594d11abb0bf3eab34e8429d8107b7ab2834d2911c59dcd7a45b43ada34af114,uci291-0603,10.24432/C5VW2C
1600,7.2000000000000002,0.15240000000000001,71.299999999999997,0.0075203900000000001,130.893,condition_594d11abb0bf3eab34e8429d8107b7ab2834d2911c59dcd7a45b43ada34af114,uci291-0604,10.24432/C5VW2C
2000,7.2000000000000002,0.15240000000000001,71.299999999999997,0.0075203900000000001,128.643,condition_594d11abb0bf3eab34e8429d8107b7ab2834d2911c59dcd7a45b43ada34af114,uci291-0605,10.24432/C5VW2C
2500,7.2000000000000002,0.15240000000000001,71.299999999999997,0.0075203900000000001,124.35299999999999,condition_594d11abb0bf3eab34e8429d8107b7ab2834d2911c59dcd7a45b43ada34af114,uci291-0606,10.24432/C5VW2C
3150,7.2000000000000002,0.15240000000000001,71.299999999999997,0.0075203900000000001,116.783,condition_594d11abb0bf3eab34e8429d8107b7ab2834d2911c59dcd7a45b43ada34af114,uci291-0607,10.24432/C5VW2C
4000,7.2000000000000002,0.15240000000000001,71.299999999999997,0.0075203900000000001,119.343,condition_594d11abb0bf3eab34e8429d8107b7ab2834d2911c59dcd7a45b43ada34af114,uci291-0608,10.24432/C5VW2C
5000,7.2000000000000002,0.15240000000000001,71.299999999999997,0.0075203900000000001,118.343,condition_594d11abb0bf3eab34e8429d8107b7ab2834d2911c59dcd7a45b43ada34af114,uci291-0609,10.24432/C5VW2C
6300,7.2000000000000002,0.15240000000000001,71.299999999999997,0.0075203900000000001,116.60299999999999,condition_594d11abb0bf3eab34e8429d8107b7ab2834d2911c59dcd7a45b43ada34af114,uci291-0610,10.24432/C5VW2C
8000,7.2000000000000002,0.15240000000000001,71.299999999999997,0.0075203900000000001,113.333,condition_594d11abb0bf3eab34e8429d8107b7ab2834d2911c59dcd7a45b43ada34af114,uci291-0611,10.24432/C5VW2C
10000,7.2000000000000002,0.15240000000000001,71.299999999999997,0.0075203900000000001,110.313,condition_594d11abb0bf3eab34e8429d8107b7ab2834d2911c59dcd7a45b43ada34af114,uci291-0612,10.24432/C5VW2C
250,7.2000000000000002,0.15240000000000001,39.600000000000001,0.0090917499999999991,127.488,condition_70d71a3f867f16c343111c9693bdd982b7cc7cdd0c5e04ea5c92953562d1c798,uci291-0613,10.24432/C5VW2C
315,7.2000000000000002,0.15240000000000001,39.600000000000001,0.0090917499999999991,130.55799999999999,condition_70d71a3f867f16c343111c9693bdd982b7cc7cdd0c5e04ea5c92953562d1c798,uci291-0614,10.24432/C5VW2C
400,7.2000000000000002,0.15240000000000001,39.600000000000001,0.0090917499999999991,132.11799999999999,condition_70d71a3f867f16c343111c9693bdd982b7cc7cdd0c5e04ea5c92953562d1c798,uci291-0615,10.24432/C5VW2C
500,7.2000000000000002,0.15240000000000001,39.600000000000001,0.0090917499999999991,132.65799999999999,condition_70d71a3f867f16c343111c9693bdd982b7cc7cdd0c5e04ea5c92953562d1c798,uci291-0616,10.24432/C5VW2C
630,7.2000000000000002,0.15240000000000001,39.600000000000001,0.0090917499999999991,133.19800000000001,condition_70d71a3f867f16c343111c9693bdd982b7cc7cdd0c5e04ea5c92953562d1c798,uci291-0617,10.24432/C5VW2C
800,7.2000000000000002,0.15240000000000001,39.600000000000001,0.0090917499999999991,132.358,condition_70d71a3f867f16c343111c9693bdd982b7cc7cdd0c5e04ea5c92953562d1c798,uci291-0618,10.24432/C5VW2C
1000,7.2000000000000002,0.15240000000000001,39.600000000000001,0.0090917499999999991,128.33799999999999,condition_70d71a3f867f16c343111c9693bdd982b7cc7cdd0c5e04ea5c92953562d1c798,uci291-0619,10.24432/C5VW2C
1250,7.2000000000000002,0.15240000000000001,39.600000000000001,0.0090917499999999991,122.428,condition_70d71a3f867f16c343111c9693bdd982b7cc7cdd0c5e04ea5c92953562d1c798,uci291-0620,10.24432/C5VW2C
1600,7.2000000000000002,0.15240000000000001,39.600000000000001,0.0090917499999999991,120.05800000000001,condition_70d71a3f867f16c343111c9693bdd982b7cc7cdd0c5e04ea5c92953562d1c798,uci291-0621,10.24432/C5VW2C
2000,7.2000000000000002,0.15240000000000001,39.600000000000001,0.0090917499999999991,120.22799999999999,condition_70d71a3f867f16c343111c9693bdd982b7cc7cdd0c5e04ea5c92953562d1c798,uci291-0622,10.24432/C5VW2C
2500,7.2000000000000002,0.15240000000000001,39.600000000000001,0.0090917499999999991,117.47799999999999,condition_70d71a3f867f16c343111c9693bdd982b7cc7cdd0c5e04ea5c92953562d1c798,uci291-0623,10.24432/C5VW2C
3150,7.2000000000000002,0.15240000000000001,39.600000000000001,0.0090917499999999991,111.818,condition_70d71a3f867f16c343111c9693bdd982b7cc7cdd0c5e04ea5c92953562d1c798,uci291-0624,10.24432/C5VW2C
4000,7.2000000000000002,0.15240000000000001,39.600000000000001,0.0090917499999999991,114.258,condition_70d71a3f867f16c343111c9693bdd982b7cc7cdd0c5e04ea5c92953562d1c798,uci291-0625,10.24432/C5VW2C
5000,7.2000000000000002,0.15240000000000001,39.600000000000001,0.0090917499999999991,113.288,condition_70d71a3f867f16c343111c9693bdd982b7cc7cdd0c5e04ea5c92953562d1c798,uci291-0626,10.24432/C5VW2C
6300,7.2000000000000002,0.15240000000000001,39.600000000000001,0.0090917499999999991,112.688,condition_70d71a3f867f16c343111c9693bdd982b7cc7cdd0c5e04ea5c92953562d1c798,uci291-0627,10.24432/C5VW2C
8000,7.2000000000000002,0.15240000000000001,39.600000000000001,0.0090917499999999991,111.58799999999999,condition_70d71a3f867f16c343111c9693bdd982b7cc7cdd0c5e04ea5c92953562d1c798,uci291-0628,10.24432/C5VW2C
10000,7.2000000000000002,0.15240000000000001,39.600000000000001,0.0090917499999999991,110.86799999999999,condition_70d71a3f867f16c343111c9693bdd982b7cc7cdd0c5e04ea5c92953562d1c798,uci291-0629,10.24432/C5VW2C
200,9.9000000000000004,0.15240000000000001,71.299999999999997,0.019300100000000001,134.31899999999999,condition_dafbb65ce1001d1ff585db0749b0a7d65952a97c63a7125b2c9ed84e2ff19bfe,uci291-0630,10.24432/C5VW2C
250,9.9000000000000004,0.15240000000000001,71.299999999999997,0.019300100000000001,135.32900000000001,condition_dafbb65ce1001d1ff585db0749b0a7d65952a97c63a7125b2c9ed84e2ff19bfe,uci291-0631,10.24432/C5VW2C
315,9.9000000000000004,0.15240000000000001,71.299999999999997,0.019300100000000001,135.459,condition_dafbb65ce1001d1ff585db0749b0a7d65952a97c63a7125b2c9ed84e2ff19bfe,uci291-0632,10.24432/C5VW2C
400,9.9000000000000004,0.15240000000000001,71.299999999999997,0.019300100000000001,135.07900000000001,condition_dafbb65ce1001d1ff585db0749b0a7d65952a97c63a7125b2c9ed84e2ff19bfe,uci291-0633,10.24432/C5VW2C
500,9.9000000000000004,0.15240000000000001,71.299999999999997,0.019300100000000001,131.279,condition_dafbb65ce1001d1ff585db0749b0a7d65952a97c63a7125b2c9ed84e2ff19bfe,uci291-0634,10.24432/C5VW2C
630,9.9000000000000004,0.15240000000000001,71.299999999999997,0.019300100000000001,129.88900000000001,condition_dafbb65ce1001d1ff585db0749b0a7d65952a97c63a7125b2c9ed84e2ff19bfe,uci291-0635,10.24432/C5VW2C
800,9.9000000000000004,0.15240000000000001,71.299999999999997,0.019300100000000001,128.87899999999999,condition_dafbb65ce1001d1ff585db0749b0a7d65952a97c63a7125b2c9ed84e2ff19bfe,uci291-0636,10.24432/C5VW2C
1000,9.9000000000000004,0.15240000000000001,71.299999999999997,0.019300100000000001,126.349,condition_dafbb65ce1001d1ff585db0749b0a7d65952a97c63a7125b2c9ed84e2ff19bfe,uci291-0637,10.24432/C5VW2C
1250,9.9000000000000004,0.15240000000000001,71.299999999999997,0.019300100000000001,122.679,condition_dafbb65ce1001d1ff585db0749b0a7d65952a97c63a7125b2c9ed84e2ff19bfe,uci291-0638,10.24432/C5VW2C
1600,9.9000000000000004,0.15240000000000001,71.299999999999997,0.019300100000000001,121.789,condition_dafbb65ce1001d1ff585db0749b0a7d65952a97c63a7125b2c9ed84e2ff19bfe,uci291-0639,10.24432/C5VW2C
2000,9.9000000000000004,0.15240000000000001,71.299999999999997,0.019300100000000001,120.779,condition_dafbb65ce1001d1ff585db0749b0a7d65952a97c63a7125b2c9ed84e2ff19bfe,uci291-0640,10.24432/C5VW2C
2500,9.9000000000000004,0.15240000000000001,71.299999999999997,0.019300100000000001,119.639,condition_dafbb65ce1001d1ff585db0749b0a7d65952a97c63a7125b2c9ed84e2ff19bfe,uci291-0641,10.24432/C5VW2C
3150,9.9000000000000004,0.15240000000000001,71.299999999999997,0.019300100000000001,116.849,condition_dafbb65ce1001d1ff585db0749b0a7d65952a97c63a7125b2c9ed84e2ff19bfe,uci291-0642,10.24432/C5VW2C
4000,9.9000000000000004,0.15240000000000001,71.299999999999997,0.019300100000000001,115.07899999999999,condition_dafbb65ce1001d1ff585db0749b0a7d65952a97c63a7125b2c9ed84e2ff19bfe,uci291-0643,10.24432/C5VW2C
5000,9.9000000000000004,0.15240000000000001,71.299999999999997,0.019300100000000001,114.569,condition_dafbb65ce1001d1ff585db0749b0a7d65952a97c63a7125b2c9ed84e2ff19bfe,uci291-0644,10.24432/C5VW2C
6300,9.9000000000000004,0.15240000000000001,71.299999999999997,0.019300100000000001,112.039,condition_dafbb65ce1001d1ff585db0749b0a7d65952a97c63a7125b2c9ed84e2ff19bfe,uci291-0645,10.24432/C5VW2C
200,9.9000000000000004,0.15240000000000001,55.5,0.020843799999999999,131.95500000000001,condition_6e363bd4bf9e7aedca943777dcb714d8ca3edc4479630e186ea2af2470a31286,uci291-0646,10.24432/C5VW2C
250,9.9000000000000004,0.15240000000000001,55.5,0.020843799999999999,133.23500000000001,condition_6e363bd4bf9e7aedca943777dcb714d8ca3edc4479630e186ea2af2470a31286,uci291-0647,10.24432/C5VW2C
315,9.9000000000000004,0.15240000000000001,55.5,0.020843799999999999,132.35499999999999,condition_6e363bd4bf9e7aedca943777dcb714d8ca3edc4479630e186ea2af2470a31286,uci291-0648,10.24432/C5VW2C
400,9.9000000000000004,0.15240000000000001,55.5,0.020843799999999999,131.60499999999999,condition_6e363bd4bf9e7aedca943777dcb714d8ca3edc4479630e186ea2af2470a31286,uci291-0649,10.24432/C5VW2C
500,9.9000000000000004,0.15240000000000001,55.5,0.020843799999999999,127.815,condition_6e363bd4bf9e7aedca943777dcb714d8ca3edc4479630e186ea2af2470a31286,uci291-0650,10.24432/C5VW2C
630,9.9000000000000004,0.15240000000000001,55.5,0.020843799999999999,127.315,condition_6e363bd4bf9e7aedca943777dcb714d8ca3edc4479630e186ea2af2470a31286,uci291-0651,10.24432/C5VW2C
800,9.9000000000000004,0.15240000000000001,55.5,0.020843799999999999,126.565,condition_6e363bd4bf9e7aedca943777dcb714d8ca3edc4479630e186ea2af2470a31286,uci291-0652,10.24432/C5VW2C
1000,9.9000000000000004,0.15240000000000001,55.5,0.020843799999999999,124.66500000000001,condition_6e363bd4bf9e7aedca943777dcb714d8ca3edc4479630e186ea2af2470a31286,uci291-0653,10.24432/C5VW2C
1250,9.9000000000000004,0.15240000000000001,55.5,0.020843799999999999,121.63500000000001,condition_6e363bd4bf9e7aedca943777dcb714d8ca3edc4479630e186ea2af2470a31286,uci291-0654,10.24432/C5VW2C
1600,9.9000000000000004,0.15240000000000001,55.5,0.020843799999999999,119.875,condition_6e363bd4bf9e7aedca943777dcb714d8ca3edc4479630e186ea2af2470a31286,uci291-0655,10.24432/C5VW2C
2000,9.9000000000000004,0.15240000000000001,55.5,0.020843799999999999,119.505,condition_6e363bd4bf9e7aedca943777dcb714d8ca3edc4479630e186ea2af2470a31286,uci291-0656,10.24432/C5VW2C
2500,9.9000000000000004,0.15240000000000001,55.5,0.020843799999999999,118.36499999999999,condition_6e363bd4bf9e7aedca943777dcb714d8ca3edc4479630e186ea2af2470a31286,uci291-0657,10.24432/C5VW2C
3150,9.9000000000000004,0.15240000000000001,55.5,0.020843799999999999,115.08499999999999,condition_6e363bd4bf9e7aedca943777dcb714d8ca3edc4479630e186ea2af2470a31286,uci291-0658,10.24432/C5VW2C
4000,9.9000000000000004,0.15240000000000001,55.5,0.020843799999999999,112.94499999999999,condition_6e363bd4bf9e7aedca943777dcb714d8ca3edc4479630e186ea2af2470a31286,uci291-0659,10.24432/C5VW2C
5000,9.9000000000000004,0.15240000000000001,55.5,0.020843799999999999,112.065,condition_6e363bd4bf9e7aedca943777dcb714d8ca3edc4479630e186ea2af2470a31286,uci291-0660,10.24432/C5VW2C
6300,9.9000000000000004,0.15240000000000001,55.5,0.020843799999999999,110.55500000000001,condition_6e363bd4bf9e7aedca943777dcb714d8ca3edc4479630e186ea2af2470a31286,uci291-0661,10.24432/C5VW2C
200,9.9000000000000004,0.15240000000000001,39.600000000000001,0.023332800000000001,127.315,condition_d048ed81a03b97b7c48d779613dad6c1bfc45e4c09acc8c789a90aacdedded6d,uci291-0662,10.24432/C5VW2C
250,9.9000000000000004,0.15240000000000001,39.600000000000001,0.023332800000000001,128.33500000000001,condition_d048ed81a03b97b7c48d779613dad6c1bfc45e4c09acc8c789a90aacdedded6d,uci291-0663,10.24432/C5VW2C
315,9.9000000000000004,0.15240000000000001,39.600000000000001,0.023332800000000001,128.595,condition_d048ed81a03b97b7c48d779613dad6c1bfc45e4c09acc8c789a90aacdedded6d,uci291-0664,10.24432/C5VW2C
400,9.9000000000000004,0.15240000000000001,39.600000000000001,0.023332800000000001,128.345,condition_d048ed81a03b97b7c48d779613dad6c1bfc45e4c09acc8c789a90aacdedded6d,uci291-0665,10.24432/C5VW2C
500,9.9000000000000004,0.15240000000000001,39.600000000000001,0.023332800000000001,126.83499999999999,condition_d048ed81a03b97b7c48d779613dad6c1bfc45e4c09acc8c789a90aacdedded6d,uci291-0666,10.24432/C5VW2C
630,9.9000000000000004,0.15240000000000001,39.600000000000001,0.023332800000000001,126.465,condition_d048ed81a03b97b7c48d779613dad6c1bfc45e4c09acc8c789a90aacdedded6d,uci291-0667,10.24432/C5VW2C
800,9.9000000000000004,0.15240000000000001,39.600000000000001,0.023332800000000001,126.345,condition_d048ed81a03b97b7c48d779613dad6c1bfc45e4c09acc8c789a90aacdedded6d,uci291-0668,10.24432/C5VW2C
1000,9.9000000000000004,0.15240000000000001,39.600000000000001,0.023332800000000001,123.83499999999999,condition_d048ed81a03b97b7c48d779613dad6c1bfc45e4c09acc8c789a90aacdedded6d,uci291-0669,10.24432/C5VW2C
1250,9.9000000000000004,0.15240000000000001,39.600000000000001,0.023332800000000001,120.55500000000001,condition_d048ed81a03b97b7c48d779613dad6c1bfc45e4c09acc8c789a90aacdedded6d,uci291-0670,10.24432/C5VW2C
1600,9.9000000000000004,0.15240000000000001,39.600000000000001,0.023332800000000001,118.545,condition_d048ed81a03b97b7c48d779613dad6c1bfc45e4c09acc8c789a90aacdedded6d,uci291-0671,10.24432/C5VW2C
2000,9.9000000000000004,0.15240000000000001,39.600000000000001,0.023332800000000001,117.925,condition_d048ed81a03b97b7c48d779613dad6c1bfc45e4c09acc8c789a90aacdedded6d,uci291-0672,10.24432/C5VW2C
2500,9.9000000000000004,0.15240000000000001,39.600000000000001,0.023332800000000001,116.295,condition_d048ed81a03b97b7c48d779613dad6c1bfc45e4c09acc8c789a90aacdedded6d,uci291-0673,10.24432/C5VW2C
3150,9.9000000000000004,0.15240000000000001,39.600000000000001,0.023332800000000001,113.52500000000001,condition_d048ed81a03b97b7c48d779613dad6c1bfc45e4c09acc8c789a90aacdedded6d,uci291-0674,10.24432/C5VW2C
4000,9.9000000000000004,0.15240000000000001,39.600000000000001,0.023332800000000001,112.265,condition_d048ed81a03b97b7c48d779613dad6c1bfc45e4c09acc8c789a90aacdedded6d,uci291-0675,10.24432/C5VW2C
5000,9.9000000000000004,0.15240000000000001,39.600000000000001,0.023332800000000001,111.13500000000001,condition_d048ed81a03b97b7c48d779613dad6c1bfc45e4c09acc8c789a90aacdedded6d,uci291-0676,10.24432/C5VW2C
6300,9.9000000000000004,0.15240000000000001,39.600000000000001,0.023332800000000001,109.88500000000001,condition_d048ed81a03b97b7c48d779613dad6c1bfc45e4c09acc8c789a90aacdedded6d,uci291-0677,10.24432/C5VW2C
200,9.9000000000000004,0.15240000000000001,31.699999999999999,0.025278499999999999,127.29900000000001,condition_77de899ec4c3af10a597dc0ddf8c8b6a77d185fb5c21eaa3baddca3eb04c4190,uci291-0678,10.24432/C5VW2C
250,9.9000000000000004,0.15240000000000001,31.699999999999999,0.025278499999999999,128.559,condition_77de899ec4c3af10a597dc0ddf8c8b6a77d185fb5c21eaa3baddca3eb04c4190,uci291-0679,10.24432/C5VW2C
315,9.9000000000000004,0.15240000000000001,31.699999999999999,0.025278499999999999,128.809,condition_77de899ec4c3af10a597dc0ddf8c8b6a77d185fb5c21eaa3baddca3eb04c4190,uci291-0680,10.24432/C5VW2C
400,9.9000000000000004,0.15240000000000001,31.699999999999999,0.025278499999999999,128.93899999999999,condition_77de899ec4c3af10a597dc0ddf8c8b6a77d185fb5c21eaa3baddca3eb04c4190,uci291-0681,10.24432/C5VW2C
500,9.9000000000000004,0.15240000000000001,31.699999999999999,0.025278499999999999,127.179,condition_77de899ec4c3af10a597dc0ddf8c8b6a77d185fb5c21eaa3baddca3eb04c4190,uci291-0682,10.24432/C5VW2C
630,9.9000000000000004,0.15240000000000001,31.699999999999999,0.025278499999999999,126.04900000000001,condition_77de899ec4c3af10a597dc0ddf8c8b6a77d185fb5c21eaa3baddca3eb04c4190,uci291-0683,10.24432/C5VW2C
800,9.9000000000000004,0.15240000000000001,31.699999999999999,0.025278499999999999,125.539,condition_77de899ec4c3af10a597dc0ddf8c8b6a77d185fb5c21eaa3baddca3eb04c4190,uci291-0684,10.24432/C5VW2C
1000,9.9000000000000004,0.15240000000000001,31.699999999999999,0.025278499999999999,122.149,condition_77de899ec4c3af10a597dc0ddf8c8b6a77d185fb5c21eaa3baddca3eb04c4190,uci291-0685,10.24432/C5VW2C
1250,9.9000000000000004,0.15240000000000001,31.699999999999999,0.025278499999999999,118.619,condition_77de899ec4c3af10a597dc0ddf8c8b6a77d185fb5c21eaa3baddca3eb04c4190,uci291-0686,10.24432/C5VW2C
1600,9.9000000000000004,0.15240000000000001,31.699999999999999,0.025278499999999999,117.119,condition_77de899ec4c3af10a597dc0ddf8c8b6a77d185fb5c21eaa3baddca3eb04c4190,uci291-0687,10.24432/C5VW2C
2000,9.9000000000000004,0.15240000000000001,31.699999999999999,0.025278499999999999,116.85899999999999,condition_77de899ec4c3af10a597dc0ddf8c8b6a77d185fb5c21eaa3baddca3eb04c4190,uci291-0688,10.24432/C5VW2C
2500,9.9000000000000004,0.15240000000000001,31.699999999999999,0.025278499999999999,114.729,condition_77de899ec4c3af10a597dc0ddf8c8b6a77d185fb5c21eaa3baddca3eb04c4190,uci291-0689,10.24432/C5VW2C
3150,9.9000000000000004,0.15240000000000001,31.699999999999999,0.025278499999999999,112.209,condition_77de899ec4c3af10a597dc0ddf8c8b6a77d185fb5c21eaa3baddca3eb04c4190,uci291-0690,10.24432/C5VW2C
4000,9.9000000000000004,0.15240000000000001,31.699999999999999,0.025278499999999999,111.459,condition_77de899ec4c3af10a597dc0ddf8c8b6a77d185fb5c21eaa3baddca3eb04c4190,uci291-0691,10.24432/C5VW2C
5000,9.9000000000000004,0.15240000000000001,31.699999999999999,0.025278499999999999,109.949,condition_77de899ec4c3af10a597dc0ddf8c8b6a77d185fb5c21eaa3baddca3eb04c4190,uci291-0692,10.24432/C5VW2C
6300,9.9000000000000004,0.15240000000000001,31.699999999999999,0.025278499999999999,108.68899999999999,condition_77de899ec4c3af10a597dc0ddf8c8b6a77d185fb5c21eaa3baddca3eb04c4190,uci291-0693,10.24432/C5VW2C
200,12.6,0.15240000000000001,71.299999999999997,0.048315900000000002,128.35400000000001,condition_120ec667d0ba0d2af79d7b74467b442e2211e0f1565a44a8528376916ebec9dc,uci291-0694,10.24432/C5VW2C
250,12.6,0.15240000000000001,71.299999999999997,0.048315900000000002,129.744,condition_120ec667d0ba0d2af79d7b74467b442e2211e0f1565a44a8528376916ebec9dc,uci291-0695,10.24432/C5VW2C
315,12.6,0.15240000000000001,71.299999999999997,0.048315900000000002,128.48400000000001,condition_120ec667d0ba0d2af79d7b74467b442e2211e0f1565a44a8528376916ebec9dc,uci291-0696,10.24432/C5VW2C
400,12.6,0.15240000000000001,71.299999999999997,0.048315900000000002,127.09399999999999,condition_120ec667d0ba0d2af79d7b74467b442e2211e0f1565a44a8528376916ebec9dc,uci291-0697,10.24432/C5VW2C
500,12.6,0.15240000000000001,71.299999999999997,0.048315900000000002,121.664,condition_120ec667d0ba0d2af79d7b74467b442e2211e0f1565a44a8528376916ebec9dc,uci291-0698,10.24432/C5VW2C
630,12.6,0.15240000000000001,71.299999999999997,0.048315900000000002,123.304,condition_120ec667d0ba0d2af79d7b74467b442e2211e0f1565a44a8528376916ebec9dc,uci291-0699,10.24432/C5VW2C
800,12.6,0.15240000000000001,71.299999999999997,0.048315900000000002,123.054,condition_120ec667d0ba0d2af79d7b74467b442e2211e0f1565a44a8528376916ebec9dc,uci291-0700,10.24432/C5VW2C
1000,12.6,0.15240000000000001,71.299999999999997,0.048315900000000002,122.044,condition_120ec667d0ba0d2af79d7b74467b442e2211e0f1565a44a8528376916ebec9dc,uci291-0701,10.24432/C5VW2C
1250,12.6,0.15240000000000001,71.299999999999997,0.048315900000000002,120.154,condition_120ec667d0ba0d2af79d7b74467b442e2211e0f1565a44a8528376916ebec9dc,uci291-0702,10.24432/C5VW2C
1600,12.6,0.15240000000000001,71.299999999999997,0.048315900000000002,120.53400000000001,condition_120ec667d0ba0d2af79d7b74467b442e2211e0f1565a44a8528376916ebec9dc,uci291-0703,10.24432/C5VW2C
2000,12.6,0.15240000000000001,71.299999999999997,0.048315900000000002,117.504,condition_120ec667d0ba0d2af79d7b74467b442e2211e0f1565a44a8528376916ebec9dc,uci291-0704,10.24432/C5VW2C
2500,12.6,0.15240000000000001,71.299999999999997,0.048315900000000002,115.23399999999999,condition_120ec667d0ba0d2af79d7b74467b442e2211e0f1565a44a8528376916ebec9dc,uci291-0705,10.24432/C5VW2C
3150,12.6,0.15240000000000001,71.299999999999997,0.048315900000000002,113.334,condition_120ec667d0ba0d2af79d7b74467b442e2211e0f1565a44a8528376916ebec9dc,uci291-0706,10.24432/C5VW2C
4000,12.6,0.15240000000000001,71.299999999999997,0.048315900000000002,108.03400000000001,condition_120ec667d0ba0d2af79d7b74467b442e2211e0f1565a44a8528376916ebec9dc,uci291-0707,10.24432/C5VW2C
5000,12.6,0.15240000000000001,71.299999999999997,0.048315900000000002,108.03400000000001,condition_120ec667d0ba0d2af79d7b74467b442e2211e0f1565a44a8528376916ebec9dc,uci291-0708,10.24432/C5VW2C
6300,12.6,0.15240000000000001,71.299999999999997,0.048315900000000002,107.28400000000001,condition_120ec667d0ba0d2af79d7b74467b442e2211e0f1565a44a8528376916ebec9dc,uci291-0709,10.24432/C5VW2C
200,12.6,0.15240000000000001,39.600000000000001,0.058411299999999999,114.75,condition_b9d5815b89247d429dc6009ba60da8a5e07f32c027eb4bb75dce42025b52e4c0,uci291-0710,10.24432/C5VW2C
250,12.6,0.15240000000000001,39.600000000000001,0.058411299999999999,115.89,condition_b9d5815b89247d429dc6009ba60da8a5e07f32c027eb4bb75dce42025b52e4c0,uci291-0711,10.24432/C5VW2C
315,12.6,0.15240000000000001,39.600000000000001,0.058411299999999999,116.02,condition_b9d5815b89247d429dc6009ba60da8a5e07f32c027eb4bb75dce42025b52e4c0,uci291-0712,10.24432/C5VW2C
400,12.6,0.15240000000000001,39.600000000000001,0.058411299999999999,115.91,condition_b9d5815b89247d429dc6009ba60da8a5e07f32c027eb4bb75dce42025b52e4c0,uci291-0713,10.24432/C5VW2C
500,12.6,0.15240000000000001,39.600000000000001,0.058411299999999999,114.90000000000001,condition_b9d5815b89247d429dc6009ba60da8a5e07f32c027eb4bb75dce42025b52e4c0,uci291-0714,10.24432/C5VW2C
630,12.6,0.15240000000000001,39.600000000000001,0.058411299999999999,116.55,condition_b9d5815b89247d429dc6009ba60da8a5e07f32c027eb4bb75dce42025b52e4c0,uci291-0715,10.24432/C5VW2C
800,12.6,0.15240000000000001,39.600000000000001,0.058411299999999999,116.56,condition_b9d5815b89247d429dc6009ba60da8a5e07f32c027eb4bb75dce42025b52e4c0,uci291-0716,10.24432/C5VW2C
1000,12.6,0.15240000000000001,39.600000000000001,0.058411299999999999,114.67,condition_b9d5815b89247d429dc6009ba60da8a5e07f32c027eb4bb75dce42025b52e4c0,uci291-0717,10.24432/C5VW2C
1250,12.6,0.15240000000000001,39.600000000000001,0.058411299999999999,112.16,condition_b9d5815b89247d429dc6009ba60da8a5e07f32c027eb4bb75dce42025b52e4c0,uci291-0718,10.24432/C5VW2C
1600,12.6,0.15240000000000001,39.600000000000001,0.058411299999999999,110.78,condition_b9d5815b89247d429dc6009ba60da8a5e07f32c027eb4bb75dce42025b52e4c0,uci291-0719,10.24432/C5VW2C
2000,12.6,0.15240000000000001,39.600000000000001,0.058411299999999999,109.52,condition_b9d5815b89247d429dc6009ba60da8a5e07f32c027eb4bb75dce42025b52e4c0,uci291-0720,10.24432/C5VW2C
2500,12.6,0.15240000000000001,39.600000000000001,0.058411299999999999,106.88,condition_b9d5815b89247d429dc6009ba60da8a5e07f32c027eb4bb75dce42025b52e4c0,uci291-0721,10.24432/C5VW2C
3150,12.6,0.15240000000000001,39.600000000000001,0.058411299999999999,106.26000000000001,condition_b9d5815b89247d429dc6009ba60da8a5e07f32c027eb4bb75dce42025b52e4c0,uci291-0722,10.24432/C5VW2C
4000,12.6,0.15240000000000001,39.600000000000001,0.058411299999999999,104.5,condition_b9d5815b89247d429dc6009ba60da8a5e07f32c027eb4bb75dce42025b52e4c0,uci291-0723,10.24432/C5VW2C
5000,12.6,0.15240000000000001,39.600000000000001,0.058411299999999999,104.13,condition_b9d5815b89247d429dc6009ba60da8a5e07f32c027eb4bb75dce42025b52e4c0,uci291-0724,10.24432/C5VW2C
6300,12.6,0.15240000000000001,39.600000000000001,0.058411299999999999,103.38,condition_b9d5815b89247d429dc6009ba60da8a5e07f32c027eb4bb75dce42025b52e4c0,uci291-0725,10.24432/C5VW2C
800,0,0.050799999999999998,71.299999999999997,0.00074047800000000003,130.96000000000001,condition_cce3ec704e0be6e177caa1b6b8d4194d33ff5fd5e2d553692130b0674f2e2d2b,uci291-0726,10.24432/C5VW2C
1000,0,0.050799999999999998,71.299999999999997,0.00074047800000000003,129.44999999999999,condition_cce3ec704e0be6e177caa1b6b8d4194d33ff5fd5e2d553692130b0674f2e2d2b,uci291-0727,10.24432/C5VW2C
1250,0,0.050799999999999998,71.299999999999997,0.00074047800000000003,128.56,condition_cce3ec704e0be6e177caa1b6b8d4194d33ff5fd5e2d553692130b0674f2e2d2b,uci291-0728,10.24432/C5VW2C
1600,0,0.050799999999999998,71.299999999999997,0.00074047800000000003,129.68000000000001,condition_cce3ec704e0be6e177caa1b6b8d4194d33ff5fd5e2d553692130b0674f2e2d2b,uci291-0729,10.24432/C5VW2C
2000,0,0.050799999999999998,71.299999999999997,0.00074047800000000003,131.06,condition_cce3ec704e0be6e177caa1b6b8d4194d33ff5fd5e2d553692130b0674f2e2d2b,uci291-0730,10.24432/C5VW2C
2500,0,0.050799999999999998,71.299999999999997,0.00074047800000000003,131.31,condition_cce3ec704e0be6e177caa1b6b8d4194d33ff5fd5e2d553692130b0674f2e2d2b,uci291-0731,10.24432/C5VW2C
3150,0,0.050799999999999998,71.299999999999997,0.00074047800000000003,135.06999999999999,condition_cce3ec704e0be6e177caa1b6b8d4194d33ff5fd5e2d553692130b0674f2e2d2b,uci291-0732,10.24432/C5VW2C
4000,0,0.050799999999999998,71.299999999999997,0.00074047800000000003,134.43000000000001,condition_cce3ec704e0be6e177caa1b6b8d4194d33ff5fd5e2d553692130b0674f2e2d2b,uci291-0733,10.24432/C5VW2C
5000,0,0.050799999999999998,71.299999999999997,0.00074047800000000003,134.43000000000001,condition_cce3ec704e0be6e177caa1b6b8d4194d33ff5fd5e2d553692130b0674f2e2d2b,uci291-0734,10.24432/C5VW2C
6300,0,0.050799999999999998,71.299999999999997,0.00074047800000000003,133.03999999999999,condition_cce3ec704e0be6e177caa1b6b8d4194d33ff5fd5e2d553692130b0674f2e2d2b,uci291-0735,10.24432/C5VW2C
8000,0,0.050799999999999998,71.299999999999997,0.00074047800000000003,130.88999999999999,condition_cce3ec704e0be6e177caa1b6b8d4194d33ff5fd5e2d553692130b0674f2e2d2b,uci291-0736,10.24432/C5VW2C
10000,0,0.050799999999999998,71.299999999999997,0.00074047800000000003,128.74000000000001,condition_cce3ec704e0be6e177caa1b6b8d4194d33ff5fd5e2d553692130b0674f2e2d2b,uci291-0737,10.24432/C5VW2C
12500,0,0.050799999999999998,71.299999999999997,0.00074047800000000003,125.22,condition_cce3ec704e0be6e177caa1b6b8d4194d33ff5fd5e2d553692130b0674f2e2d2b,uci291-0738,10.24432/C5VW2C
800,0,0.050799999999999998,55.5,0.00076192999999999996,124.336,condition_97c0f8dd3a534cdf26865397069a8443c09a312daf71adc7bb0a6e6e32c2cd09,uci291-0739,10.24432/C5VW2C
1000,0,0.050799999999999998,55.5,0.00076192999999999996,125.586,condition_97c0f8dd3a534cdf26865397069a8443c09a312daf71adc7bb0a6e6e32c2cd09,uci291-0740,10.24432/C5VW2C
1250,0,0.050799999999999998,55.5,0.00076192999999999996,127.07599999999999,condition_97c0f8dd3a534cdf26865397069a8443c09a312daf71adc7bb0a6e6e32c2cd09,uci291-0741,10.24432/C5VW2C
1600,0,0.050799999999999998,55.5,0.00076192999999999996,128.57599999999999,condition_97c0f8dd3a534cdf26865397069a8443c09a312daf71adc7bb0a6e6e32c2cd09,uci291-0742,10.24432/C5VW2C
2000,0,0.050799999999999998,55.5,0.00076192999999999996,131.45599999999999,condition_97c0f8dd3a534cdf26865397069a8443c09a312daf71adc7bb0a6e6e32c2cd09,uci291-0743,10.24432/C5VW2C
2500,0,0.050799999999999998,55.5,0.00076192999999999996,133.95599999999999,condition_97c0f8dd3a534cdf26865397069a8443c09a312daf71adc7bb0a6e6e32c2cd09,uci291-0744,10.24432/C5VW2C
3150,0,0.050799999999999998,55.5,0.00076192999999999996,134.82599999999999,condition_97c0f8dd3a534cdf26865397069a8443c09a312daf71adc7bb0a6e6e32c2cd09,uci291-0745,10.24432/C5VW2C
4000,0,0.050799999999999998,55.5,0.00076192999999999996,134.946,condition_97c0f8dd3a534cdf26865397069a8443c09a312daf71adc7bb0a6e6e32c2cd09,uci291-0746,10.24432/C5VW2C
5000,0,0.050799999999999998,55.5,0.00076192999999999996,134.55600000000001,condition_97c0f8dd3a534cdf26865397069a8443c09a312daf71adc7bb0a6e6e32c2cd09,uci291-0747,10.24432/C5VW2C
6300,0,0.050799999999999998,55.5,0.00076192999999999996,132.79599999999999,condition_97c0f8dd3a534cdf26865397069a8443c09a312daf71adc7bb0a6e6e32c2cd09,uci291-0748,10.24432/C5VW2C
8000,0,0.050799999999999998,55.5,0.00076192999999999996,130.15600000000001,condition_97c0f8dd3a534cdf26865397069a8443c09a312daf71adc7bb0a6e6e32c2cd09,uci291-0749,10.24432/C5VW2C
10000,0,0.050799999999999998,55.5,0.00076192999999999996,127.636,condition_97c0f8dd3a534cdf26865397069a8443c09a312daf71adc7bb0a6e6e32c2cd09,uci291-0750,10.24432/C5VW2C
12500,0,0.050799999999999998,55.5,0.00076192999999999996,125.376,condition_97c0f8dd3a534cdf26865397069a8443c09a312daf71adc7bb0a6e6e32c2cd09,uci291-0751,10.24432/C5VW2C
800,0,0.050799999999999998,39.600000000000001,0.00079182199999999997,126.508,condition_4a529cd58ae3951b9430e4cd030637d66e5a8c2fa25fab352bec27cf3661835e,uci291-0752,10.24432/C5VW2C
1000,0,0.050799999999999998,39.600000000000001,0.00079182199999999997,127.63800000000001,condition_4a529cd58ae3951b9430e4cd030637d66e5a8c2fa25fab352bec27cf3661835e,uci291-0753,10.24432/C5VW2C
1250,0,0.050799999999999998,39.600000000000001,0.00079182199999999997,129.148,condition_4a529cd58ae3951b9430e4cd030637d66e5a8c2fa25fab352bec27cf3661835e,uci291-0754,10.24432/C5VW2C
1600,0,0.050799999999999998,39.600000000000001,0.00079182199999999997,130.90799999999999,condition_4a529cd58ae3951b9430e4cd030637d66e5a8c2fa25fab352bec27cf3661835e,uci291-0755,10.24432/C5VW2C
2000,0,0.050799999999999998,39.600000000000001,0.00079182199999999997,132.91800000000001,condition_4a529cd58ae3951b9430e4cd030637d66e5a8c2fa25fab352bec27cf3661835e,uci291-0756,10.24432/C5VW2C
2500,0,0.050799999999999998,39.600000000000001,0.00079182199999999997,134.93799999999999,condition_4a529cd58ae3951b9430e4cd030637d66e5a8c2fa25fab352bec27cf3661835e,uci291-0757,10.24432/C5VW2C
3150,0,0.050799999999999998,39.600000000000001,0.00079182199999999997,135.93799999999999,condition_4a529cd58ae3951b9430e4cd030637d66e5a8c2fa25fab352bec27cf3661835e,uci291-0758,10.24432/C5VW2C
4000,0,0.050799999999999998,39.600000000000001,0.00079182199999999997,135.30799999999999,condition_4a529cd58ae3951b9430e4cd030637d66e5a8c2fa25fab352bec27cf3661835e,uci291-0759,10.24432/C5VW2C
5000,0,0.050799999999999998,39.600000000000001,0.00079182199999999997,134.30799999999999,condition_4a529cd58ae3951b9430e4cd030637d66e5a8c2fa25fab352bec27cf3661835e,uci291-0760,10.24432/C5VW2C
6300,0,0.050799999999999998,39.600000000000001,0.00079182199999999997,131.91800000000001,condition_4a529cd58ae3951b9430e4cd030637d66e5a8c2fa25fab352bec27cf3661835e,uci291-0761,10.24432/C5VW2C
8000,0,0.050799999999999998,39.600000000000001,0.00079182199999999997,128.518,condition_4a529cd58ae3951b9430e4cd030637d66e5a8c2fa25fab352bec27cf3661835e,uci291-0762,10.24432/C5VW2C
10000,0,0.050799999999999998,39.600000000000001,0.00079182199999999997,125.998,condition_4a529cd58ae3951b9430e4cd030637d66e5a8c2fa25fab352bec27cf3661835e,uci291-0763,10.24432/C5VW2C
12500,0,0.050799999999999998,39.600000000000001,0.00079182199999999997,123.988,condition_4a529cd58ae3951b9430e4cd030637d66e5a8c2fa25fab352bec27cf3661835e,uci291-0764,10.24432/C5VW2C
800,0,0.050799999999999998,31.699999999999999,0.00081216399999999998,122.79000000000001,condition_b3535d99626a192ea2cabd090c848a3510a4934a142a4020313e611b85578e97,uci291-0765,10.24432/C5VW2C
1000,0,0.050799999999999998,31.699999999999999,0.00081216399999999998,126.78,condition_b3535d99626a192ea2cabd090c848a3510a4934a142a4020313e611b85578e97,uci291-0766,10.24432/C5VW2C
1250,0,0.050799999999999998,31.699999999999999,0.00081216399999999998,129.27000000000001,condition_b3535d99626a192ea2cabd090c848a3510a4934a142a4020313e611b85578e97,uci291-0767,10.24432/C5VW2C
1600,0,0.050799999999999998,31.699999999999999,0.00081216399999999998,131.00999999999999,condition_b3535d99626a192ea2cabd090c848a3510a4934a142a4020313e611b85578e97,uci291-0768,10.24432/C5VW2C
2000,0,0.050799999999999998,31.699999999999999,0.00081216399999999998,133.00999999999999,condition_b3535d99626a192ea2cabd090c848a3510a4934a142a4020313e611b85578e97,uci291-0769,10.24432/C5VW2C
2500,0,0.050799999999999998,31.699999999999999,0.00081216399999999998,134.87,condition_b3535d99626a192ea2cabd090c848a3510a4934a142a4020313e611b85578e97,uci291-0770,10.24432/C5VW2C
3150,0,0.050799999999999998,31.699999999999999,0.00081216399999999998,135.49000000000001,condition_b3535d99626a192ea2cabd090c848a3510a4934a142a4020313e611b85578e97,uci291-0771,10.24432/C5VW2C
4000,0,0.050799999999999998,31.699999999999999,0.00081216399999999998,134.11000000000001,condition_b3535d99626a192ea2cabd090c848a3510a4934a142a4020313e611b85578e97,uci291-0772,10.24432/C5VW2C
5000,0,0.050799999999999998,31.699999999999999,0.00081216399999999998,133.22999999999999,condition_b3535d99626a192ea2cabd090c848a3510a4934a142a4020313e611b85578e97,uci291-0773,10.24432/C5VW2C
6300,0,0.050799999999999998,31.699999999999999,0.00081216399999999998,130.34,condition_b3535d99626a192ea2cabd090c848a3510a4934a142a4020313e611b85578e97,uci291-0774,10.24432/C5VW2C
8000,0,0.050799999999999998,31.699999999999999,0.00081216399999999998,126.59,condition_b3535d99626a192ea2cabd090c848a3510a4934a142a4020313e611b85578e97,uci291-0775,10.24432/C5VW2C
10000,0,0.050799999999999998,31.699999999999999,0.00081216399999999998,122.45,condition_b3535d99626a192ea2cabd090c848a3510a4934a142a4020313e611b85578e97,uci291-0776,10.24432/C5VW2C
12500,0,0.050799999999999998,31.699999999999999,0.00081216399999999998,119.06999999999999,condition_b3535d99626a192ea2cabd090c848a3510a4934a142a4020313e611b85578e97,uci291-0777,10.24432/C5VW2C
1600,4.2000000000000002,0.050799999999999998,71.299999999999997,0.0014278800000000001,124.318,condition_b6be05c009672a3216804503da7d49d8d6d31c529552ae796fe8bbf262d350f4,uci291-0778,10.24432/C5VW2C
2000,4.2000000000000002,0.050799999999999998,71.299999999999997,0.0014278800000000001,129.84800000000001,condition_b6be05c009672a3216804503da7d49d8d6d31c529552ae796fe8bbf262d350f4,uci291-0779,10.24432/C5VW2C
2500,4.2000000000000002,0.050799999999999998,71.299999999999997,0.0014278800000000001,131.97800000000001,condition_b6be05c009672a3216804503da7d49d8d6d31c529552ae796fe8bbf262d350f4,uci291-0780,10.24432/C5VW2C
3150,4.2000000000000002,0.050799999999999998,71.299999999999997,0.0014278800000000001,133.72800000000001,condition_b6be05c009672a3216804503da7d49d8d6d31c529552ae796fe8bbf262d350f4,uci291-0781,10.24432/C5VW2C
4000,4.2000000000000002,0.050799999999999998,71.299999999999997,0.0014278800000000001,133.59800000000001,condition_b6be05c009672a3216804503da7d49d8d6d31c529552ae796fe8bbf262d350f4,uci291-0782,10.24432/C5VW2C
5000,4.2000000000000002,0.050799999999999998,71.299999999999997,0.0014278800000000001,132.828,condition_b6be05c009672a3216804503da7d49d8d6d31c529552ae796fe8bbf262d350f4,uci291-0783,10.24432/C5VW2C
6300,4.2000000000000002,0.050799999999999998,71.299999999999997,0.0014278800000000001,129.30799999999999,condition_b6be05c009672a3216804503da7d49d8d6d31c529552ae796fe8bbf262d350f4,uci291-0784,10.24432/C5VW2C
8000,4.2000000000000002,0.050799999999999998,71.299999999999997,0.0014278800000000001,125.268,condition_b6be05c009672a3216804503da7d49d8d6d31c529552ae796fe8bbf262d350f4,uci291-0785,10.24432/C5VW2C
10000,4.2000000000000002,0.050799999999999998,71.299999999999997,0.0014278800000000001,121.238,condition_b6be05c009672a3216804503da7d49d8d6d31c529552ae796fe8bbf262d350f4,uci291-0786,10.24432/C5VW2C
12500,4.2000000000000002,0.050799999999999998,71.299999999999997,0.0014278800000000001,117.328,condition_b6be05c009672a3216804503da7d49d8d6d31c529552ae796fe8bbf262d350f4,uci291-0787,10.24432/C5VW2C
1000,4.2000000000000002,0.050799999999999998,39.600000000000001,0.0015268899999999999,125.64700000000001,condition_200a9a62ef611344acb5572e9ed082e63accaae5bf22e40bfcd8b71d3ccf0247,uci291-0788,10.24432/C5VW2C
1250,4.2000000000000002,0.050799999999999998,39.600000000000001,0.0015268899999999999,128.42699999999999,condition_200a9a62ef611344acb5572e9ed082e63accaae5bf22e40bfcd8b71d3ccf0247,uci291-0789,10.24432/C5VW2C
1600,4.2000000000000002,0.050799999999999998,39.600000000000001,0.0015268899999999999,130.197,condition_200a9a62ef611344acb5572e9ed082e63accaae5bf22e40bfcd8b71d3ccf0247,uci291-0790,10.24432/C5VW2C
2000,4.2000000000000002,0.050799999999999998,39.600000000000001,0.0015268899999999999,132.58699999999999,condition_200a9a62ef611344acb5572e9ed082e63accaae5bf22e40bfcd8b71d3ccf0247,uci291-0791,10.24432/C5VW2C
2500,4.2000000000000002,0.050799999999999998,39.600000000000001,0.0015268899999999999,133.84700000000001,condition_200a9a62ef611344acb5572e9ed082e63accaae5bf22e40bfcd8b71d3ccf0247,uci291-0792,10.24432/C5VW2C
3150,4.2000000000000002,0.050799999999999998,39.600000000000001,0.0015268899999999999,133.58699999999999,condition_200a9a62ef611344acb5572e9ed082e63accaae5bf22e40bfcd8b71d3ccf0247,uci291-0793,10.24432/C5VW2C
4000,4.2000000000000002,0.050799999999999998,39.600000000000001,0.0015268899999999999,131.80699999999999,condition_200a9a62ef611344acb5572e9ed082e63accaae5bf22e40bfcd8b71d3ccf0247,uci291-0794,10.24432/C5VW2C
5000,4.2000000000000002,0.050799999999999998,39.600000000000001,0.0015268899999999999,129.77699999999999,condition_200a9a62ef611344acb5572e9ed082e63accaae5bf22e40bfcd8b71d3ccf0247,uci291-0795,10.24432/C5VW2C
6300,4.2000000000000002,0.050799999999999998,39.600000000000001,0.0015268899999999999,125.717,condition_200a9a62ef611344acb5572e9ed082e63accaae5bf22e40bfcd8b71d3ccf0247,uci291-0796,10.24432/C5VW2C
8000,4.2000000000000002,0.050799999999999998,39.600000000000001,0.0015268899999999999,120.39700000000001,condition_200a9a62ef611344acb5572e9ed082e63accaae5bf22e40bfcd8b71d3ccf0247,uci291-0797,10.24432/C5VW2C
10000,4.2000000000000002,0.050799999999999998,39.600000000000001,0.0015268899999999999,116.967,condition_200a9a62ef611344acb5572e9ed082e63accaae5bf22e40bfcd8b71d3ccf0247,uci291-0798,10.24432/C5VW2C
800,8.4000000000000004,0.050799999999999998,71.299999999999997,0.0052951400000000003,127.556,condition_2fb731c3111cd5bb08b44d7f72dde7a975689327b520144d45732080343a7351,uci291-0799,10.24432/C5VW2C
1000,8.4000000000000004,0.050799999999999998,71.299999999999997,0.0052951400000000003,129.946,condition_2fb731c3111cd5bb08b44d7f72dde7a975689327b520144d45732080343a7351,uci291-0800,10.24432/C5VW2C
1250,8.4000000000000004,0.050799999999999998,71.299999999999997,0.0052951400000000003,132.08600000000001,condition_2fb731c3111cd5bb08b44d7f72dde7a975689327b520144d45732080343a7351,uci291-0801,10.24432/C5VW2C
1600,8.4000000000000004,0.050799999999999998,71.299999999999997,0.0052951400000000003,133.846,condition_2fb731c3111cd5bb08b44d7f72dde7a975689327b520144d45732080343a7351,uci291-0802,10.24432/C5VW2C
2000,8.4000000000000004,0.050799999999999998,71.299999999999997,0.0052951400000000003,134.476,condition_2fb731c3111cd5bb08b44d7f72dde7a975689327b520144d45732080343a7351,uci291-0803,10.24432/C5VW2C
2500,8.4000000000000004,0.050799999999999998,71.299999999999997,0.0052951400000000003,134.226,condition_2fb731c3111cd5bb08b44d7f72dde7a975689327b520144d45732080343a7351,uci291-0804,10.24432/C5VW2C
3150,8.4000000000000004,0.050799999999999998,71.299999999999997,0.0052951400000000003,131.96600000000001,condition_2fb731c3111cd5bb08b44d7f72dde7a975689327b520144d45732080343a7351,uci291-0805,10.24432/C5VW2C
4000,8.4000000000000004,0.050799999999999998,71.299999999999997,0.0052951400000000003,126.926,condition_2fb731c3111cd5bb08b44d7f72dde7a975689327b520144d45732080343a7351,uci291-0806,10.24432/C5VW2C
5000,8.4000000000000004,0.050799999999999998,71.299999999999997,0.0052951400000000003,121.146,condition_2fb731c3111cd5bb08b44d7f72dde7a975689327b520144d45732080343a7351,uci291-0807,10.24432/C5VW2C
400,8.4000000000000004,0.050799999999999998,55.5,0.00544854,121.58199999999999,condition_f00564b7f26b523191ac3d8f22120a7a787949ef2f8e7479e8f4c3e685d2fa63,uci291-0808,10.24432/C5VW2C
500,8.4000000000000004,0.050799999999999998,55.5,0.00544854,123.742,condition_f00564b7f26b523191ac3d8f22120a7a787949ef2f8e7479e8f4c3e685d2fa63,uci291-0809,10.24432/C5VW2C
630,8.4000000000000004,0.050799999999999998,55.5,0.00544854,126.152,condition_f00564b7f26b523191ac3d8f22120a7a787949ef2f8e7479e8f4c3e685d2fa63,uci291-0810,10.24432/C5VW2C
800,8.4000000000000004,0.050799999999999998,55.5,0.00544854,128.56200000000001,condition_f00564b7f26b523191ac3d8f22120a7a787949ef2f8e7479e8f4c3e685d2fa63,uci291-0811,10.24432/C5VW2C
1000,8.4000000000000004,0.050799999999999998,55.5,0.00544854,130.72200000000001,condition_f00564b7f26b523191ac3d8f22120a7a787949ef2f8e7479e8f4c3e685d2fa63,uci291-0812,10.24432/C5VW2C
1250,8.4000000000000004,0.050799999999999998,55.5,0.00544854,132.25200000000001,condition_f00564b7f26b523191ac3d8f22120a7a787949ef2f8e7479e8f4c3e685d2fa63,uci291-0813,10.24432/C5VW2C
1600,8.4000000000000004,0.050799999999999998,55.5,0.00544854,133.03200000000001,condition_f00564b7f26b523191ac3d8f22120a7a787949ef2f8e7479e8f4c3e685d2fa63,uci291-0814,10.24432/C5VW2C
2000,8.4000000000000004,0.050799999999999998,55.5,0.00544854,133.042,condition_f00564b7f26b523191ac3d8f22120a7a787949ef2f8e7479e8f4c3e685d2fa63,uci291-0815,10.24432/C5VW2C
2500,8.4000000000000004,0.050799999999999998,55.5,0.00544854,131.542,condition_f00564b7f26b523191ac3d8f22120a7a787949ef2f8e7479e8f4c3e685d2fa63,uci291-0816,10.24432/C5VW2C
3150,8.4000000000000004,0.050799999999999998,55.5,0.00544854,128.40199999999999,condition_f00564b7f26b523191ac3d8f22120a7a787949ef2f8e7479e8f4c3e685d2fa63,uci291-0817,10.24432/C5VW2C
4000,8.4000000000000004,0.050799999999999998,55.5,0.00544854,122.61199999999999,condition_f00564b7f26b523191ac3d8f22120a7a787949ef2f8e7479e8f4c3e685d2fa63,uci291-0818,10.24432/C5VW2C
5000,8.4000000000000004,0.050799999999999998,55.5,0.00544854,115.812,condition_f00564b7f26b523191ac3d8f22120a7a787949ef2f8e7479e8f4c3e685d2fa63,uci291-0819,10.24432/C5VW2C
400,8.4000000000000004,0.050799999999999998,39.600000000000001,0.0056622900000000004,120.015,condition_cdf6230706de1a1b9a3339e7421d828b63e2f3b5ee753f2a776bed469aee120e,uci291-0820,10.24432/C5VW2C
500,8.4000000000000004,0.050799999999999998,39.600000000000001,0.0056622900000000004,122.905,condition_cdf6230706de1a1b9a3339e7421d828b63e2f3b5ee753f2a776bed469aee120e,uci291-0821,10.24432/C5VW2C
630,8.4000000000000004,0.050799999999999998,39.600000000000001,0.0056622900000000004,126.045,condition_cdf6230706de1a1b9a3339e7421d828b63e2f3b5ee753f2a776bed469aee120e,uci291-0822,10.24432/C5VW2C
800,8.4000000000000004,0.050799999999999998,39.600000000000001,0.0056622900000000004,128.435,condition_cdf6230706de1a1b9a3339e7421d828b63e2f3b5ee753f2a776bed469aee120e,uci291-0823,10.24432/C5VW2C
1000,8.4000000000000004,0.050799999999999998,39.600000000000001,0.0056622900000000004,130.19499999999999,condition_cdf6230706de1a1b9a3339e7421d828b63e2f3b5ee753f2a776bed469aee120e,uci291-0824,10.24432/C5VW2C
1250,8.4000000000000004,0.050799999999999998,39.600000000000001,0.0056622900000000004,131.20500000000001,condition_cdf6230706de1a1b9a3339e7421d828b63e2f3b5ee753f2a776bed469aee120e,uci291-0825,10.24432/C5VW2C
1600,8.4000000000000004,0.050799999999999998,39.600000000000001,0.0056622900000000004,130.965,condition_cdf6230706de1a1b9a3339e7421d828b63e2f3b5ee753f2a776bed469aee120e,uci291-0826,10.24432/C5VW2C
2000,8.4000000000000004,0.050799999999999998,39.600000000000001,0.0056622900000000004,129.965,condition_cdf6230706de1a1b9a3339e7421d828b63e2f3b5ee753f2a776bed469aee120e,uci291-0827,10.24432/C5VW2C
2500,8.4000000000000004,0.050799999999999998,39.600000000000001,0.0056622900000000004,127.465,condition_cdf6230706de1a1b9a3339e7421d828b63e2f3b5ee753f2a776bed469aee120e,uci291-0828,10.24432/C5VW2C
3150,8.4000000000000004,0.050799999999999998,39.600000000000001,0.0056622900000000004,123.965,condition_cdf6230706de1a1b9a3339e7421d828b63e2f3b5ee753f2a776bed469aee120e,uci291-0829,10.24432/C5VW2C
4000,8.4000000000000004,0.050799999999999998,39.600000000000001,0.0056622900000000004,118.955,condition_cdf6230706de1a1b9a3339e7421d828b63e2f3b5ee753f2a776bed469aee120e,uci291-0830,10.24432/C5VW2C
400,8.4000000000000004,0.050799999999999998,31.699999999999999,0.0058077600000000004,120.07599999999999,condition_59f9ce54f72709316baa73465607f918bebf51d11d64fdbb2e70f8e57ee8c51b,uci291-0831,10.24432/C5VW2C
500,8.4000000000000004,0.050799999999999998,31.699999999999999,0.0058077600000000004,122.96599999999999,condition_59f9ce54f72709316baa73465607f918bebf51d11d64fdbb2e70f8e57ee8c51b,uci291-0832,10.24432/C5VW2C
630,8.4000000000000004,0.050799999999999998,31.699999999999999,0.0058077600000000004,125.85599999999999,condition_59f9ce54f72709316baa73465607f918bebf51d11d64fdbb2e70f8e57ee8c51b,uci291-0833,10.24432/C5VW2C
800,8.4000000000000004,0.050799999999999998,31.699999999999999,0.0058077600000000004,128.24600000000001,condition_59f9ce54f72709316baa73465607f918bebf51d11d64fdbb2e70f8e57ee8c51b,uci291-0834,10.24432/C5VW2C
1000,8.4000000000000004,0.050799999999999998,31.699999999999999,0.0058077600000000004,129.51599999999999,condition_59f9ce54f72709316baa73465607f918bebf51d11d64fdbb2e70f8e57ee8c51b,uci291-0835,10.24432/C5VW2C
1250,8.4000000000000004,0.050799999999999998,31.699999999999999,0.0058077600000000004,130.15600000000001,condition_59f9ce54f72709316baa73465607f918bebf51d11d64fdbb2e70f8e57ee8c51b,uci291-0836,10.24432/C5VW2C
1600,8.4000000000000004,0.050799999999999998,31.699999999999999,0.0058077600000000004,129.29599999999999,condition_59f9ce54f72709316baa73465607f918bebf51d11d64fdbb2e70f8e57ee8c51b,uci291-0837,10.24432/C5VW2C
2000,8.4000000000000004,0.050799999999999998,31.699999999999999,0.0058077600000000004,127.68600000000001,condition_59f9ce54f72709316baa73465607f918bebf51d11d64fdbb2e70f8e57ee8c51b,uci291-0838,10.24432/C5VW2C
2500,8.4000000000000004,0.050799999999999998,31.699999999999999,0.0058077600000000004,125.57599999999999,condition_59f9ce54f72709316baa73465607f918bebf51d11d64fdbb2e70f8e57ee8c51b,uci291-0839,10.24432/C5VW2C
3150,8.4000000000000004,0.050799999999999998,31.699999999999999,0.0058077600000000004,122.086,condition_59f9ce54f72709316baa73465607f918bebf51d11d64fdbb2e70f8e57ee8c51b,uci291-0840,10.24432/C5VW2C
4000,8.4000000000000004,0.050799999999999998,31.699999999999999,0.0058077600000000004,118.10599999999999,condition_59f9ce54f72709316baa73465607f918bebf51d11d64fdbb2e70f8e57ee8c51b,uci291-0841,10.24432/C5VW2C
200,11.199999999999999,0.050799999999999998,71.299999999999997,0.014071999999999999,125.941,condition_a001052e34010553afa75d1b67368b6c556595fd5865a6cd7d0e5915d429d799,uci291-0842,10.24432/C5VW2C
250,11.199999999999999,0.050799999999999998,71.299999999999997,0.014071999999999999,127.101,condition_a001052e34010553afa75d1b67368b6c556595fd5865a6cd7d0e5915d429d799,uci291-0843,10.24432/C5VW2C
315,11.199999999999999,0.050799999999999998,71.299999999999997,0.014071999999999999,128.381,condition_a001052e34010553afa75d1b67368b6c556595fd5865a6cd7d0e5915d429d799,uci291-0844,10.24432/C5VW2C
400,11.199999999999999,0.050799999999999998,71.299999999999997,0.014071999999999999,129.28100000000001,condition_a001052e34010553afa75d1b67368b6c556595fd5865a6cd7d0e5915d429d799,uci291-0845,10.24432/C5VW2C
500,11.199999999999999,0.050799999999999998,71.299999999999997,0.014071999999999999,130.31100000000001,condition_a001052e34010553afa75d1b67368b6c556595fd5865a6cd7d0e5915d429d799,uci291-0846,10.24432/C5VW2C
630,11.199999999999999,0.050799999999999998,71.299999999999997,0.014071999999999999,133.61099999999999,condition_a001052e34010553afa75d1b67368b6c556595fd5865a6cd7d0e5915d429d799,uci291-0847,10.24432/C5VW2C
800,11.199999999999999,0.050799999999999998,71.299999999999997,0.014071999999999999,136.03100000000001,condition_a001052e34010553afa75d1b67368b6c556595fd5865a6cd7d0e5915d429d799,uci291-0848,10.24432/C5VW2C
1000,11.199999999999999,0.050799999999999998,71.299999999999997,0.014071999999999999,136.941,condition_a001052e34010553afa75d1b67368b6c556595fd5865a6cd7d0e5915d429d799,uci291-0849,10.24432/C5VW2C
1250,11.199999999999999,0.050799999999999998,71.299999999999997,0.014071999999999999,136.191,condition_a001052e34010553afa75d1b67368b6c556595fd5865a6cd7d0e5915d429d799,uci291-0850,10.24432/C5VW2C
1600,11.199999999999999,0.050799999999999998,71.299999999999997,0.014071999999999999,135.191,condition_a001052e34010553afa75d1b67368b6c556595fd5865a6cd7d0e5915d429d799,uci291-0851,10.24432/C5VW2C
2000,11.199999999999999,0.050799999999999998,71.299999999999997,0.014071999999999999,133.31100000000001,condition_a001052e34010553afa75d1b67368b6c556595fd5865a6cd7d0e5915d429d799,uci291-0852,10.24432/C5VW2C
2500,11.199999999999999,0.050799999999999998,71.299999999999997,0.014071999999999999,130.541,condition_a001052e34010553afa75d1b67368b6c556595fd5865a6cd7d0e5915d429d799,uci291-0853,10.24432/C5VW2C
3150,11.199999999999999,0.050799999999999998,71.299999999999997,0.014071999999999999,127.14100000000001,condition_a001052e34010553afa75d1b67368b6c556595fd5865a6cd7d0e5915d429d799,uci291-0854,10.24432/C5VW2C
4000,11.199999999999999,0.050799999999999998,71.299999999999997,0.014071999999999999,122.471,condition_a001052e34010553afa75d1b67368b6c556595fd5865a6cd7d0e5915d429d799,uci291-0855,10.24432/C5VW2C
200,11.199999999999999,0.050799999999999998,39.600000000000001,0.0150478,125.01000000000001,condition_268ce1b308bfddbf4677e6729c21c3d4b393bcf8438877d82032c84b4b5c0d9d,uci291-0856,10.24432/C5VW2C
250,11.199999999999999,0.050799999999999998,39.600000000000001,0.0150478,126.43000000000001,condition_268ce1b308bfddbf4677e6729c21c3d4b393bcf8438877d82032c84b4b5c0d9d,uci291-0857,10.24432/C5VW2C
315,11.199999999999999,0.050799999999999998,39.600000000000001,0.0150478,128.99000000000001,condition_268ce1b308bfddbf4677e6729c21c3d4b393bcf8438877d82032c84b4b5c0d9d,uci291-0858,10.24432/C5VW2C
400,11.199999999999999,0.050799999999999998,39.600000000000001,0.0150478,130.66999999999999,condition_268ce1b308bfddbf4677e6729c21c3d4b393bcf8438877d82032c84b4b5c0d9d,uci291-0859,10.24432/C5VW2C
500,11.199999999999999,0.050799999999999998,39.600000000000001,0.0150478,131.96000000000001,condition_268ce1b308bfddbf4677e6729c21c3d4b393bcf8438877d82032c84b4b5c0d9d,uci291-0860,10.24432/C5VW2C
630,11.199999999999999,0.050799999999999998,39.600000000000001,0.0150478,133.13,condition_268ce1b308bfddbf4677e6729c21c3d4b393bcf8438877d82032c84b4b5c0d9d,uci291-0861,10.24432/C5VW2C
800,11.199999999999999,0.050799999999999998,39.600000000000001,0.0150478,133.78999999999999,condition_268ce1b308bfddbf4677e6729c21c3d4b393bcf8438877d82032c84b4b5c0d9d,uci291-0862,10.24432/C5VW2C
1000,11.199999999999999,0.050799999999999998,39.600000000000001,0.0150478,132.43000000000001,condition_268ce1b308bfddbf4677e6729c21c3d4b393bcf8438877d82032c84b4b5c0d9d,uci291-0863,10.24432/C5VW2C
1250,11.199999999999999,0.050799999999999998,39.600000000000001,0.0150478,130.05000000000001,condition_268ce1b308bfddbf4677e6729c21c3d4b393bcf8438877d82032c84b4b5c0d9d,uci291-0864,10.24432/C5VW2C
1600,11.199999999999999,0.050799999999999998,39.600000000000001,0.0150478,126.54000000000001,condition_268ce1b308bfddbf4677e6729c21c3d4b393bcf8438877d82032c84b4b5c0d9d,uci291-0865,10.24432/C5VW2C
2000,11.199999999999999,0.050799999999999998,39.600000000000001,0.0150478,124.42,condition_268ce1b308bfddbf4677e6729c21c3d4b393bcf8438877d82032c84b4b5c0d9d,uci291-0866,10.24432/C5VW2C
2500,11.199999999999999,0.050799999999999998,39.600000000000001,0.0150478,122.17,condition_268ce1b308bfddbf4677e6729c21c3d4b393bcf8438877d82032c84b4b5c0d9d,uci291-0867,10.24432/C5VW2C
3150,11.199999999999999,0.050799999999999998,39.600000000000001,0.0150478,119.67,condition_268ce1b308bfddbf4677e6729c21c3d4b393bcf8438877d82032c84b4b5c0d9d,uci291-0868,10.24432/C5VW2C
4000,11.199999999999999,0.050799999999999998,39.600000000000001,0.0150478,115.52,condition_268ce1b308bfddbf4677e6729c21c3d4b393bcf8438877d82032c84b4b5c0d9d,uci291-0869,10.24432/C5VW2C
200,15.4,0.050799999999999998,71.299999999999997,0.0264269,123.595,condition_c82db6a9b9996322c489eb42f919789ca15b84302482f16b2bae2f1d5804ddb6,uci291-0870,10.24432/C5VW2C
250,15.4,0.050799999999999998,71.299999999999997,0.0264269,124.83499999999999,condition_c82db6a9b9996322c489eb42f919789ca15b84302482f16b2bae2f1d5804ddb6,uci291-0871,10.24432/C5VW2C
315,15.4,0.050799999999999998,71.299999999999997,0.0264269,126.19499999999999,condition_c82db6a9b9996322c489eb42f919789ca15b84302482f16b2bae2f1d5804ddb6,uci291-0872,10.24432/C5VW2C
400,15.4,0.050799999999999998,71.299999999999997,0.0264269,126.80500000000001,condition_c82db6a9b9996322c489eb42f919789ca15b84302482f16b2bae2f1d5804ddb6,uci291-0873,10.24432/C5VW2C
500,15.4,0.050799999999999998,71.299999999999997,0.0264269,127.285,condition_c82db6a9b9996322c489eb42f919789ca15b84302482f16b2bae2f1d5804ddb6,uci291-0874,10.24432/C5VW2C
630,15.4,0.050799999999999998,71.299999999999997,0.0264269,129.64500000000001,condition_c82db6a9b9996322c489eb42f919789ca15b84302482f16b2bae2f1d5804ddb6,uci291-0875,10.24432/C5VW2C
800,15.4,0.050799999999999998,71.299999999999997,0.0264269,131.51499999999999,condition_c82db6a9b9996322c489eb42f919789ca15b84302482f16b2bae2f1d5804ddb6,uci291-0876,10.24432/C5VW2C
1000,15.4,0.050799999999999998,71.299999999999997,0.0264269,131.86500000000001,condition_c82db6a9b9996322c489eb42f919789ca15b84302482f16b2bae2f1d5804ddb6,uci291-0877,10.24432/C5VW2C
1250,15.4,0.050799999999999998,71.299999999999997,0.0264269,130.845,condition_c82db6a9b9996322c489eb42f919789ca15b84302482f16b2bae2f1d5804ddb6,uci291-0878,10.24432/C5VW2C
1600,15.4,0.050799999999999998,71.299999999999997,0.0264269,130.065,condition_c82db6a9b9996322c489eb42f919789ca15b84302482f16b2bae2f1d5804ddb6,uci291-0879,10.24432/C5VW2C
2000,15.4,0.050799999999999998,71.299999999999997,0.0264269,129.285,condition_c82db6a9b9996322c489eb42f919789ca15b84302482f16b2bae2f1d5804ddb6,uci291-0880,10.24432/C5VW2C
2500,15.4,0.050799999999999998,71.299999999999997,0.0264269,127.625,condition_c82db6a9b9996322c489eb42f919789ca15b84302482f16b2bae2f1d5804ddb6,uci291-0881,10.24432/C5VW2C
3150,15.4,0.050799999999999998,71.299999999999997,0.0264269,125.715,condition_c82db6a9b9996322c489eb42f919789ca15b84302482f16b2bae2f1d5804ddb6,uci291-0882,10.24432/C5VW2C
4000,15.4,0.050799999999999998,71.299999999999997,0.0264269,122.675,condition_c82db6a9b9996322c489eb42f919789ca15b84302482f16b2bae2f1d5804ddb6,uci291-0883,10.24432/C5VW2C
5000,15.4,0.050799999999999998,71.299999999999997,0.0264269,119.13500000000001,condition_c82db6a9b9996322c489eb42f919789ca15b84302482f16b2bae2f1d5804ddb6,uci291-0884,10.24432/C5VW2C
6300,15.4,0.050799999999999998,71.299999999999997,0.0264269,115.215,condition_c82db6a9b9996322c489eb42f919789ca15b84302482f16b2bae2f1d5804ddb6,uci291-0885,10.24432/C5VW2C
8000,15.4,0.050799999999999998,71.299999999999997,0.0264269,112.675,condition_c82db6a9b9996322c489eb42f919789ca15b84302482f16b2bae2f1d5804ddb6,uci291-0886,10.24432/C5VW2C
200,15.4,0.050799999999999998,55.5,0.027192500000000001,122.94,condition_373bc09e3673787dd26bcc20fd91b537e4f4f5c1354675381c6de7e03c5cdb85,uci291-0887,10.24432/C5VW2C
250,15.4,0.050799999999999998,55.5,0.027192500000000001,124.17,condition_373bc09e3673787dd26bcc20fd91b537e4f4f5c1354675381c6de7e03c5cdb85,uci291-0888,10.24432/C5VW2C
315,15.4,0.050799999999999998,55.5,0.027192500000000001,125.39,condition_373bc09e3673787dd26bcc20fd91b537e4f4f5c1354675381c6de7e03c5cdb85,uci291-0889,10.24432/C5VW2C
400,15.4,0.050799999999999998,55.5,0.027192500000000001,126.5,condition_373bc09e3673787dd26bcc20fd91b537e4f4f5c1354675381c6de7e03c5cdb85,uci291-0890,10.24432/C5VW2C
500,15.4,0.050799999999999998,55.5,0.027192500000000001,127.22,condition_373bc09e3673787dd26bcc20fd91b537e4f4f5c1354675381c6de7e03c5cdb85,uci291-0891,10.24432/C5VW2C
630,15.4,0.050799999999999998,55.5,0.027192500000000001,129.33000000000001,condition_373bc09e3673787dd26bcc20fd91b537e4f4f5c1354675381c6de7e03c5cdb85,uci291-0892,10.24432/C5VW2C
800,15.4,0.050799999999999998,55.5,0.027192500000000001,130.43000000000001,condition_373bc09e3673787dd26bcc20fd91b537e4f4f5c1354675381c6de7e03c5cdb85,uci291-0893,10.24432/C5VW2C
1000,15.4,0.050799999999999998,55.5,0.027192500000000001,130.40000000000001,condition_373bc09e3673787dd26bcc20fd91b537e4f4f5c1354675381c6de7e03c5cdb85,uci291-0894,10.24432/C5VW2C
1250,15.4,0.050799999999999998,55.5,0.027192500000000001,130,condition_373bc09e3673787dd26bcc20fd91b537e4f4f5c1354675381c6de7e03c5cdb85,uci291-0895,10.24432/C5VW2C
1600,15.4,0.050799999999999998,55.5,0.027192500000000001,128.19999999999999,condition_373bc09e3673787dd26bcc20fd91b537e4f4f5c1354675381c6de7e03c5cdb85,uci291-0896,10.24432/C5VW2C
2000,15.4,0.050799999999999998,55.5,0.027192500000000001,127.04000000000001,condition_373bc09e3673787dd26bcc20fd91b537e4f4f5c1354675381c6de7e03c5cdb85,uci291-0897,10.24432/C5VW2C
2500,15.4,0.050799999999999998,55.5,0.027192500000000001,125.63,condition_373bc09e3673787dd26bcc20fd91b537e4f4f5c1354675381c6de7e03c5cdb85,uci291-0898,10.24432/C5VW2C
3150,15.4,0.050799999999999998,55.5,0.027192500000000001,123.45999999999999,condition_373bc09e3673787dd26bcc20fd91b537e4f4f5c1354675381c6de7e03c5cdb85,uci291-0899,10.24432/C5VW2C
4000,15.4,0.050799999999999998,55.5,0.027192500000000001,120.92,condition_373bc09e3673787dd26bcc20fd91b537e4f4f5c1354675381c6de7e03c5cdb85,uci291-0900,10.24432/C5VW2C
5000,15.4,0.050799999999999998,55.5,0.027192500000000001,117.11,condition_373bc09e3673787dd26bcc20fd91b537e4f4f5c1354675381c6de7e03c5cdb85,uci291-0901,10.24432/C5VW2C
6300,15.4,0.050799999999999998,55.5,0.027192500000000001,112.93000000000001,condition_373bc09e3673787dd26bcc20fd91b537e4f4f5c1354675381c6de7e03c5cdb85,uci291-0902,10.24432/C5VW2C
200,15.4,0.050799999999999998,39.600000000000001,0.028259300000000001,121.783,condition_1db075f5a04d397ca1306c28115d6b3a00722b468a757b0066e2599e10e2d753,uci291-0903,10.24432/C5VW2C
250,15.4,0.050799999999999998,39.600000000000001,0.028259300000000001,122.893,condition_1db075f5a04d397ca1306c28115d6b3a00722b468a757b0066e2599e10e2d753,uci291-0904,10.24432/C5VW2C
315,15.4,0.050799999999999998,39.600000000000001,0.028259300000000001,124.49299999999999,condition_1db075f5a04d397ca1306c28115d6b3a00722b468a757b0066e2599e10e2d753,uci291-0905,10.24432/C5VW2C
400,15.4,0.050799999999999998,39.600000000000001,0.028259300000000001,125.35299999999999,condition_1db075f5a04d397ca1306c28115d6b3a00722b468a757b0066e2599e10e2d753,uci291-0906,10.24432/C5VW2C
500,15.4,0.050799999999999998,39.600000000000001,0.028259300000000001,125.96299999999999,condition_1db075f5a04d397ca1306c28115d6b3a00722b468a757b0066e2599e10e2d753,uci291-0907,10.24432/C5VW2C
630,15.4,0.050799999999999998,39.600000000000001,0.028259300000000001,127.443,condition_1db075f5a04d397ca1306c28115d6b3a00722b468a757b0066e2599e10e2d753,uci291-0908,10.24432/C5VW2C
800,15.4,0.050799999999999998,39.600000000000001,0.028259300000000001,128.423,condition_1db075f5a04d397ca1306c28115d6b3a00722b468a757b0066e2599e10e2d753,uci291-0909,10.24432/C5VW2C
1000,15.4,0.050799999999999998,39.600000000000001,0.028259300000000001,127.893,condition_1db075f5a04d397ca1306c28115d6b3a00722b468a757b0066e2599e10e2d753,uci291-0910,10.24432/C5VW2C
1250,15.4,0.050799999999999998,39.600000000000001,0.028259300000000001,126.74299999999999,condition_1db075f5a04d397ca1306c28115d6b3a00722b468a757b0066e2599e10e2d753,uci291-0911,10.24432/C5VW2C
1600,15.4,0.050799999999999998,39.600000000000001,0.028259300000000001,124.843,condition_1db075f5a04d397ca1306c28115d6b3a00722b468a757b0066e2599e10e2d753,uci291-0912,10.24432/C5VW2C
2000,15.4,0.050799999999999998,39.600000000000001,0.028259300000000001,123.443,condition_1db075f5a04d397ca1306c28115d6b3a00722b468a757b0066e2599e10e2d753,uci291-0913,10.24432/C5VW2C
2500,15.4,0.050799999999999998,39.600000000000001,0.028259300000000001,122.413,condition_1db075f5a04d397ca1306c28115d6b3a00722b468a757b0066e2599e10e2d753,uci291-0914,10.24432/C5VW2C
3150,15.4,0.050799999999999998,39.600000000000001,0.028259300000000001,120.51300000000001,condition_1db075f5a04d397ca1306c28115d6b3a00722b468a757b0066e2599e10e2d753,uci291-0915,10.24432/C5VW2C
4000,15.4,0.050799999999999998,39.600000000000001,0.028259300000000001,118.113,condition_1db075f5a04d397ca1306c28115d6b3a00722b468a757b0066e2599e10e2d753,uci291-0916,10.24432/C5VW2C
5000,15.4,0.050799999999999998,39.600000000000001,0.028259300000000001,114.453,condition_1db075f5a04d397ca1306c28115d6b3a00722b468a757b0066e2599e10e2d753,uci291-0917,10.24432/C5VW2C
6300,15.4,0.050799999999999998,39.600000000000001,0.028259300000000001,109.663,condition_1db075f5a04d397ca1306c28115d6b3a00722b468a757b0066e2599e10e2d753,uci291-0918,10.24432/C5VW2C
200,15.4,0.050799999999999998,31.699999999999999,0.028985299999999999,119.97499999999999,condition_de921fab531f06674b1a4b8d7a00d5ae493e7125169cb221ac5af6b6b5de7729,uci291-0919,10.24432/C5VW2C
250,15.4,0.050799999999999998,31.699999999999999,0.028985299999999999,121.22499999999999,condition_de921fab531f06674b1a4b8d7a00d5ae493e7125169cb221ac5af6b6b5de7729,uci291-0920,10.24432/C5VW2C
315,15.4,0.050799999999999998,31.699999999999999,0.028985299999999999,122.845,condition_de921fab531f06674b1a4b8d7a00d5ae493e7125169cb221ac5af6b6b5de7729,uci291-0921,10.24432/C5VW2C
400,15.4,0.050799999999999998,31.699999999999999,0.028985299999999999,123.705,condition_de921fab531f06674b1a4b8d7a00d5ae493e7125169cb221ac5af6b6b5de7729,uci291-0922,10.24432/C5VW2C
500,15.4,0.050799999999999998,31.699999999999999,0.028985299999999999,123.69499999999999,condition_de921fab531f06674b1a4b8d7a00d5ae493e7125169cb221ac5af6b6b5de7729,uci291-0923,10.24432/C5VW2C
630,15.4,0.050799999999999998,31.699999999999999,0.028985299999999999,124.685,condition_de921fab531f06674b1a4b8d7a00d5ae493e7125169cb221ac5af6b6b5de7729,uci291-0924,10.24432/C5VW2C
800,15.4,0.050799999999999998,31.699999999999999,0.028985299999999999,125.55500000000001,condition_de921fab531f06674b1a4b8d7a00d5ae493e7125169cb221ac5af6b6b5de7729,uci291-0925,10.24432/C5VW2C
1000,15.4,0.050799999999999998,31.699999999999999,0.028985299999999999,124.52500000000001,condition_de921fab531f06674b1a4b8d7a00d5ae493e7125169cb221ac5af6b6b5de7729,uci291-0926,10.24432/C5VW2C
1250,15.4,0.050799999999999998,31.699999999999999,0.028985299999999999,123.255,condition_de921fab531f06674b1a4b8d7a00d5ae493e7125169cb221ac5af6b6b5de7729,uci291-0927,10.24432/C5VW2C
1600,15.4,0.050799999999999998,31.699999999999999,0.028985299999999999,121.485,condition_de921fab531f06674b1a4b8d7a00d5ae493e7125169cb221ac5af6b6b5de7729,uci291-0928,10.24432/C5VW2C
2000,15.4,0.050799999999999998,31.699999999999999,0.028985299999999999,120.83499999999999,condition_de921fab531f06674b1a4b8d7a00d5ae493e7125169cb221ac5af6b6b5de7729,uci291-0929,10.24432/C5VW2C
2500,15.4,0.050799999999999998,31.699999999999999,0.028985299999999999,119.94499999999999,condition_de921fab531f06674b1a4b8d7a00d5ae493e7125169cb221ac5af6b6b5de7729,uci291-0930,10.24432/C5VW2C
3150,15.4,0.050799999999999998,31.699999999999999,0.028985299999999999,118.045,condition_de921fab531f06674b1a4b8d7a00d5ae493e7125169cb221ac5af6b6b5de7729,uci291-0931,10.24432/C5VW2C
4000,15.4,0.050799999999999998,31.699999999999999,0.028985299999999999,115.63500000000001,condition_de921fab531f06674b1a4b8d7a00d5ae493e7125169cb221ac5af6b6b5de7729,uci291-0932,10.24432/C5VW2C
5000,15.4,0.050799999999999998,31.699999999999999,0.028985299999999999,112.355,condition_de921fab531f06674b1a4b8d7a00d5ae493e7125169cb221ac5af6b6b5de7729,uci291-0933,10.24432/C5VW2C
6300,15.4,0.050799999999999998,31.699999999999999,0.028985299999999999,108.185,condition_de921fab531f06674b1a4b8d7a00d5ae493e7125169cb221ac5af6b6b5de7729,uci291-0934,10.24432/C5VW2C
200,19.699999999999999,0.050799999999999998,71.299999999999997,0.034118299999999997,118.005,condition_b059a593afeae7b28d7d23b6a6abb3f0bc2224f301bdd72c902f922b89089937,uci291-0935,10.24432/C5VW2C
250,19.699999999999999,0.050799999999999998,71.299999999999997,0.034118299999999997,119.11499999999999,condition_b059a593afeae7b28d7d23b6a6abb3f0bc2224f301bdd72c902f922b89089937,uci291-0936,10.24432/C5VW2C
315,19.699999999999999,0.050799999999999998,71.299999999999997,0.034118299999999997,121.235,condition_b059a593afeae7b28d7d23b6a6abb3f0bc2224f301bdd72c902f922b89089937,uci291-0937,10.24432/C5VW2C
400,19.699999999999999,0.050799999999999998,71.299999999999997,0.034118299999999997,123.86499999999999,condition_b059a593afeae7b28d7d23b6a6abb3f0bc2224f301bdd72c902f922b89089937,uci291-0938,10.24432/C5VW2C
500,19.699999999999999,0.050799999999999998,71.299999999999997,0.034118299999999997,126.995,condition_b059a593afeae7b28d7d23b6a6abb3f0bc2224f301bdd72c902f922b89089937,uci291-0939,10.24432/C5VW2C
630,19.699999999999999,0.050799999999999998,71.299999999999997,0.034118299999999997,128.36500000000001,condition_b059a593afeae7b28d7d23b6a6abb3f0bc2224f301bdd72c902f922b89089937,uci291-0940,10.24432/C5VW2C
800,19.699999999999999,0.050799999999999998,71.299999999999997,0.034118299999999997,124.55500000000001,condition_b059a593afeae7b28d7d23b6a6abb3f0bc2224f301bdd72c902f922b89089937,uci291-0941,10.24432/C5VW2C
1000,19.699999999999999,0.050799999999999998,71.299999999999997,0.034118299999999997,121.88500000000001,condition_b059a593afeae7b28d7d23b6a6abb3f0bc2224f301bdd72c902f922b89089937,uci291-0942,10.24432/C5VW2C
1250,19.699999999999999,0.050799999999999998,71.299999999999997,0.034118299999999997,121.485,condition_b059a593afeae7b28d7d23b6a6abb3f0bc2224f301bdd72c902f922b89089937,uci291-0943,10.24432/C5VW2C
1600,19.699999999999999,0.050799999999999998,71.299999999999997,0.034118299999999997,120.575,condition_b059a593afeae7b28d7d23b6a6abb3f0bc2224f301bdd72c902f922b89089937,uci291-0944,10.24432/C5VW2C
2000,19.699999999999999,0.050799999999999998,71.299999999999997,0.034118299999999997,120.05500000000001,condition_b059a593afeae7b28d7d23b6a6abb3f0bc2224f301bdd72c902f922b89089937,uci291-0945,10.24432/C5VW2C
2500,19.699999999999999,0.050799999999999998,71.299999999999997,0.034118299999999997,118.38500000000001,condition_b059a593afeae7b28d7d23b6a6abb3f0bc2224f301bdd72c902f922b89089937,uci291-0946,10.24432/C5VW2C
3150,19.699999999999999,0.050799999999999998,71.299999999999997,0.034118299999999997,116.22499999999999,condition_b059a593afeae7b28d7d23b6a6abb3f0bc2224f301bdd72c902f922b89089937,uci291-0947,10.24432/C5VW2C
4000,19.699999999999999,0.050799999999999998,71.299999999999997,0.034118299999999997,113.045,condition_b059a593afeae7b28d7d23b6a6abb3f0bc2224f301bdd72c902f922b89089937,uci291-0948,10.24432/C5VW2C
200,19.699999999999999,0.050799999999999998,39.600000000000001,0.036484000000000003,125.974,condition_4e80dce8d82d8b00fdaf8da12d33145daf7d5e604aaa7dacd76ed84ff0d0e48c,uci291-0949,10.24432/C5VW2C
250,19.699999999999999,0.050799999999999998,39.600000000000001,0.036484000000000003,127.224,condition_4e80dce8d82d8b00fdaf8da12d33145daf7d5e604aaa7dacd76ed84ff0d0e48c,uci291-0950,10.24432/C5VW2C
315,19.699999999999999,0.050799999999999998,39.600000000000001,0.036484000000000003,129.864,condition_4e80dce8d82d8b00fdaf8da12d33145daf7d5e604aaa7dacd76ed84ff0d0e48c,uci291-0951,10.24432/C5VW2C
400,19.699999999999999,0.050799999999999998,39.600000000000001,0.036484000000000003,130.614,condition_4e80dce8d82d8b00fdaf8da12d33145daf7d5e604aaa7dacd76ed84ff0d0e48c,uci291-0952,10.24432/C5VW2C
500,19.699999999999999,0.050799999999999998,39.600000000000001,0.036484000000000003,128.44399999999999,condition_4e80dce8d82d8b00fdaf8da12d33145daf7d5e604aaa7dacd76ed84ff0d0e48c,uci291-0953,10.24432/C5VW2C
630,19.699999999999999,0.050799999999999998,39.600000000000001,0.036484000000000003,120.324,condition_4e80dce8d82d8b00fdaf8da12d33145daf7d5e604aaa7dacd76ed84ff0d0e48c,uci291-0954,10.24432/C5VW2C
800,19.699999999999999,0.050799999999999998,39.600000000000001,0.036484000000000003,119.17400000000001,condition_4e80dce8d82d8b00fdaf8da12d33145daf7d5e604aaa7dacd76ed84ff0d0e48c,uci291-0955,10.24432/C5VW2C
1000,19.699999999999999,0.050799999999999998,39.600000000000001,0.036484000000000003,118.904,condition_4e80dce8d82d8b00fdaf8da12d33145daf7d5e604aaa7dacd76ed84ff0d0e48c,uci291-0956,10.24432/C5VW2C
1250,19.699999999999999,0.050799999999999998,39.600000000000001,0.036484000000000003,118.634,condition_4e80dce8d82d8b00fdaf8da12d33145daf7d5e604aaa7dacd76ed84ff0d0e48c,uci291-0957,10.24432/C5VW2C
1600,19.699999999999999,0.050799999999999998,39.600000000000001,0.036484000000000003,117.604,condition_4e80dce8d82d8b00fdaf8da12d33145daf7d5e604aaa7dacd76ed84ff0d0e48c,uci291-0958,10.24432/C5VW2C
2000,19.699999999999999,0.050799999999999998,39.600000000000001,0.036484000000000003,117.724,condition_4e80dce8d82d8b00fdaf8da12d33145daf7d5e604aaa7dacd76ed84ff0d0e48c,uci291-0959,10.24432/C5VW2C
2500,19.699999999999999,0.050799999999999998,39.600000000000001,0.036484000000000003,116.184,condition_4e80dce8d82d8b00fdaf8da12d33145daf7d5e604aaa7dacd76ed84ff0d0e48c,uci291-0960,10.24432/C5VW2C
3150,19.699999999999999,0.050799999999999998,39.600000000000001,0.036484000000000003,113.004,condition_4e80dce8d82d8b00fdaf8da12d33145daf7d5e604aaa7dacd76ed84ff0d0e48c,uci291-0961,10.24432/C5VW2C
4000,19.699999999999999,0.050799999999999998,39.600000000000001,0.036484000000000003,108.684,condition_4e80dce8d82d8b00fdaf8da12d33145daf7d5e604aaa7dacd76ed84ff0d0e48c,uci291-0962,10.24432/C5VW2C
2500,0,0.025399999999999999,71.299999999999997,0.00040068200000000002,133.70699999999999,condition_a03b785ea024e3dae161130bd1460592e6758b8b55a6b555e16ec8ac2c61207e,uci291-0963,10.24432/C5VW2C
3150,0,0.025399999999999999,71.299999999999997,0.00040068200000000002,137.00700000000001,condition_a03b785ea024e3dae161130bd1460592e6758b8b55a6b555e16ec8ac2c61207e,uci291-0964,10.24432/C5VW2C
4000,0,0.025399999999999999,71.299999999999997,0.00040068200000000002,138.55699999999999,condition_a03b785ea024e3dae161130bd1460592e6758b8b55a6b555e16ec8ac2c61207e,uci291-0965,10.24432/C5VW2C
5000,0,0.025399999999999999,71.299999999999997,0.00040068200000000002,136.83699999999999,condition_a03b785ea024e3dae161130bd1460592e6758b8b55a6b555e16ec8ac2c61207e,uci291-0966,10.24432/C5VW2C
6300,0,0.025399999999999999,71.299999999999997,0.00040068200000000002,134.98699999999999,condition_a03b785ea024e3dae161130bd1460592e6758b8b55a6b555e16ec8ac2c61207e,uci291-0967,10.24432/C5VW2C
8000,0,0.025399999999999999,71.299999999999997,0.00040068200000000002,129.86699999999999,condition_a03b785ea024e3dae161130bd1460592e6758b8b55a6b555e16ec8ac2c61207e,uci291-0968,10.24432/C5VW2C
10000,0,0.025399999999999999,71.299999999999997,0.00040068200000000002,130.78700000000001,condition_a03b785ea024e3dae161130bd1460592e6758b8b55a6b555e16ec8ac2c61207e,uci291-0969,10.24432/C5VW2C
12500,0,0.025399999999999999,71.299999999999997,0.00040068200000000002,133.20699999999999,condition_a03b785ea024e3dae161130bd1460592e6758b8b55a6b555e16ec8ac2c61207e,uci291-0970,10.24432/C5VW2C
16000,0,0.025399999999999999,71.299999999999997,0.00040068200000000002,130.477,condition_a03b785ea024e3dae161130bd1460592e6758b8b55a6b555e16ec8ac2c61207e,uci291-0971,10.24432/C5VW2C
20000,0,0.025399999999999999,71.299999999999997,0.00040068200000000002,123.217,condition_a03b785ea024e3dae161130bd1460592e6758b8b55a6b555e16ec8ac2c61207e,uci291-0972,10.24432/C5VW2C
2000,0,0.025399999999999999,55.5,0.00041229,127.623,condition_e0a419cc3fd91de3838c0d1dcc5963400f4e08f04e80c80b191a34f564a6651f,uci291-0973,10.24432/C5VW2C
2500,0,0.025399999999999999,55.5,0.00041229,130.07300000000001,condition_e0a419cc3fd91de3838c0d1dcc5963400f4e08f04e80c80b191a34f564a6651f,uci291-0974,10.24432/C5VW2C
3150,0,0.025399999999999999,55.5,0.00041229,130.50299999999999,condition_e0a419cc3fd91de3838c0d1dcc5963400f4e08f04e80c80b191a34f564a6651f,uci291-0975,10.24432/C5VW2C
4000,0,0.025399999999999999,55.5,0.00041229,133.22300000000001,condition_e0a419cc3fd91de3838c0d1dcc5963400f4e08f04e80c80b191a34f564a6651f,uci291-0976,10.24432/C5VW2C
5000,0,0.025399999999999999,55.5,0.00041229,135.803,condition_e0a419cc3fd91de3838c0d1dcc5963400f4e08f04e80c80b191a34f564a6651f,uci291-0977,10.24432/C5VW2C
6300,0,0.025399999999999999,55.5,0.00041229,136.10300000000001,condition_e0a419cc3fd91de3838c0d1dcc5963400f4e08f04e80c80b191a34f564a6651f,uci291-0978,10.24432/C5VW2C
8000,0,0.025399999999999999,55.5,0.00041229,136.16300000000001,condition_e0a419cc3fd91de3838c0d1dcc5963400f4e08f04e80c80b191a34f564a6651f,uci291-0979,10.24432/C5VW2C
10000,0,0.025399999999999999,55.5,0.00041229,134.56299999999999,condition_e0a419cc3fd91de3838c0d1dcc5963400f4e08f04e80c80b191a34f564a6651f,uci291-0980,10.24432/C5VW2C
12500,0,0.025399999999999999,55.5,0.00041229,131.453,condition_e0a419cc3fd91de3838c0d1dcc5963400f4e08f04e80c80b191a34f564a6651f,uci291-0981,10.24432/C5VW2C
16000,0,0.025399999999999999,55.5,0.00041229,125.68300000000001,condition_e0a419cc3fd91de3838c0d1dcc5963400f4e08f04e80c80b191a34f564a6651f,uci291-0982,10.24432/C5VW2C
20000,0,0.025399999999999999,55.5,0.00041229,121.93300000000001,condition_e0a419cc3fd91de3838c0d1dcc5963400f4e08f04e80c80b191a34f564a6651f,uci291-0983,10.24432/C5VW2C
1600,0,0.025399999999999999,39.600000000000001,0.00042846399999999998,124.15600000000001,condition_0416619ac8dbafda65250825d6044eadbfe9fbee891e3e8e289f35173010466a,uci291-0984,10.24432/C5VW2C
2000,0,0.025399999999999999,39.600000000000001,0.00042846399999999998,130.02600000000001,condition_0416619ac8dbafda65250825d6044eadbfe9fbee891e3e8e289f35173010466a,uci291-0985,10.24432/C5VW2C
2500,0,0.025399999999999999,39.600000000000001,0.00042846399999999998,131.83600000000001,condition_0416619ac8dbafda65250825d6044eadbfe9fbee891e3e8e289f35173010466a,uci291-0986,10.24432/C5VW2C
3150,0,0.025399999999999999,39.600000000000001,0.00042846399999999998,133.27600000000001,condition_0416619ac8dbafda65250825d6044eadbfe9fbee891e3e8e289f35173010466a,uci291-0987,10.24432/C5VW2C
4000,0,0.025399999999999999,39.600000000000001,0.00042846399999999998,135.346,condition_0416619ac8dbafda65250825d6044eadbfe9fbee891e3e8e289f35173010466a,uci291-0988,10.24432/C5VW2C
5000,0,0.025399999999999999,39.600000000000001,0.00042846399999999998,136.536,condition_0416619ac8dbafda65250825d6044eadbfe9fbee891e3e8e289f35173010466a,uci291-0989,10.24432/C5VW2C
6300,0,0.025399999999999999,39.600000000000001,0.00042846399999999998,136.82599999999999,condition_0416619ac8dbafda65250825d6044eadbfe9fbee891e3e8e289f35173010466a,uci291-0990,10.24432/C5VW2C
8000,0,0.025399999999999999,39.600000000000001,0.00042846399999999998,135.86600000000001,condition_0416619ac8dbafda65250825d6044eadbfe9fbee891e3e8e289f35173010466a,uci291-0991,10.24432/C5VW2C
10000,0,0.025399999999999999,39.600000000000001,0.00042846399999999998,133.376,condition_0416619ac8dbafda65250825d6044eadbfe9fbee891e3e8e289f35173010466a,uci291-0992,10.24432/C5VW2C
12500,0,0.025399999999999999,39.600000000000001,0.00042846399999999998,129.11600000000001,condition_0416619ac8dbafda65250825d6044eadbfe9fbee891e3e8e289f35173010466a,uci291-0993,10.24432/C5VW2C
16000,0,0.025399999999999999,39.600000000000001,0.00042846399999999998,124.986,condition_0416619ac8dbafda65250825d6044eadbfe9fbee891e3e8e289f35173010466a,uci291-0994,10.24432/C5VW2C
1000,0,0.025399999999999999,31.699999999999999,0.000439472,125.127,condition_9715d037516fda5a27683a13d7013d6fd4fbaf53b37e408cac9572d5ddf939eb,uci291-0995,10.24432/C5VW2C
1250,0,0.025399999999999999,31.699999999999999,0.000439472,127.947,condition_9715d037516fda5a27683a13d7013d6fd4fbaf53b37e408cac9572d5ddf939eb,uci291-0996,10.24432/C5VW2C
1600,0,0.025399999999999999,31.699999999999999,0.000439472,129.267,condition_9715d037516fda5a27683a13d7013d6fd4fbaf53b37e408cac9572d5ddf939eb,uci291-0997,10.24432/C5VW2C
2000,0,0.025399999999999999,31.699999999999999,0.000439472,130.697,condition_9715d037516fda5a27683a13d7013d6fd4fbaf53b37e408cac9572d5ddf939eb,uci291-0998,10.24432/C5VW2C
2500,0,0.025399999999999999,31.699999999999999,0.000439472,132.89699999999999,condition_9715d037516fda5a27683a13d7013d6fd4fbaf53b37e408cac9572d5ddf939eb,uci291-0999,10.24432/C5VW2C
3150,0,0.025399999999999999,31.699999999999999,0.000439472,135.227,condition_9715d037516fda5a27683a13d7013d6fd4fbaf53b37e408cac9572d5ddf939eb,uci291-1000,10.24432/C5VW2C
4000,0,0.025399999999999999,31.699999999999999,0.000439472,137.047,condition_9715d037516fda5a27683a13d7013d6fd4fbaf53b37e408cac9572d5ddf939eb,uci291-1001,10.24432/C5VW2C
5000,0,0.025399999999999999,31.699999999999999,0.000439472,138.607,condition_9715d037516fda5a27683a13d7013d6fd4fbaf53b37e408cac9572d5ddf939eb,uci291-1002,10.24432/C5VW2C
6300,0,0.025399999999999999,31.699999999999999,0.000439472,138.53700000000001,condition_9715d037516fda5a27683a13d7013d6fd4fbaf53b37e408cac9572d5ddf939eb,uci291-1003,10.24432/C5VW2C
8000,0,0.025399999999999999,31.699999999999999,0.000439472,137.20699999999999,condition_9715d037516fda5a27683a13d7013d6fd4fbaf53b37e408cac9572d5ddf939eb,uci291-1004,10.24432/C5VW2C
10000,0,0.025399999999999999,31.699999999999999,0.000439472,134.227,condition_9715d037516fda5a27683a13d7013d6fd4fbaf53b37e408cac9572d5ddf939eb,uci291-1005,10.24432/C5VW2C
12500,0,0.025399999999999999,31.699999999999999,0.000439472,128.977,condition_9715d037516fda5a27683a13d7013d6fd4fbaf53b37e408cac9572d5ddf939eb,uci291-1006,10.24432/C5VW2C
16000,0,0.025399999999999999,31.699999999999999,0.000439472,125.627,condition_9715d037516fda5a27683a13d7013d6fd4fbaf53b37e408cac9572d5ddf939eb,uci291-1007,10.24432/C5VW2C
2000,4.7999999999999998,0.025399999999999999,71.299999999999997,0.000848633,128.398,condition_c82020974951a026ada7ec69f44228a7827b57686a4f9082332ef7eacfa51289,uci291-1008,10.24432/C5VW2C
2500,4.7999999999999998,0.025399999999999999,71.299999999999997,0.000848633,130.828,condition_c82020974951a026ada7ec69f44228a7827b57686a4f9082332ef7eacfa51289,uci291-1009,10.24432/C5VW2C
3150,4.7999999999999998,0.025399999999999999,71.299999999999997,0.000848633,133.37799999999999,condition_c82020974951a026ada7ec69f44228a7827b57686a4f9082332ef7eacfa51289,uci291-1010,10.24432/C5VW2C
4000,4.7999999999999998,0.025399999999999999,71.299999999999997,0.000848633,134.928,condition_c82020974951a026ada7ec69f44228a7827b57686a4f9082332ef7eacfa51289,uci291-1011,10.24432/C5VW2C
5000,4.7999999999999998,0.025399999999999999,71.299999999999997,0.000848633,135.46799999999999,condition_c82020974951a026ada7ec69f44228a7827b57686a4f9082332ef7eacfa51289,uci291-1012,10.24432/C5VW2C
6300,4.7999999999999998,0.025399999999999999,71.299999999999997,0.000848633,134.49799999999999,condition_c82020974951a026ada7ec69f44228a7827b57686a4f9082332ef7eacfa51289,uci291-1013,10.24432/C5VW2C
8000,4.7999999999999998,0.025399999999999999,71.299999999999997,0.000848633,131.518,condition_c82020974951a026ada7ec69f44228a7827b57686a4f9082332ef7eacfa51289,uci291-1014,10.24432/C5VW2C
10000,4.7999999999999998,0.025399999999999999,71.299999999999997,0.000848633,127.398,condition_c82020974951a026ada7ec69f44228a7827b57686a4f9082332ef7eacfa51289,uci291-1015,10.24432/C5VW2C
12500,4.7999999999999998,0.025399999999999999,71.299999999999997,0.000848633,127.688,condition_c82020974951a026ada7ec69f44228a7827b57686a4f9082332ef7eacfa51289,uci291-1016,10.24432/C5VW2C
16000,4.7999999999999998,0.025399999999999999,71.299999999999997,0.000848633,124.208,condition_c82020974951a026ada7ec69f44228a7827b57686a4f9082332ef7eacfa51289,uci291-1017,10.24432/C5VW2C
20000,4.7999999999999998,0.025399999999999999,71.299999999999997,0.000848633,119.708,condition_c82020974951a026ada7ec69f44228a7827b57686a4f9082332ef7eacfa51289,uci291-1018,10.24432/C5VW2C
1600,4.7999999999999998,0.025399999999999999,55.5,0.00087321800000000004,121.474,condition_ca78f63e5e4a70b7407af45372c428c0186edc057b2ae6faa36d25a9112457ba,uci291-1019,10.24432/C5VW2C
2000,4.7999999999999998,0.025399999999999999,55.5,0.00087321800000000004,125.054,condition_ca78f63e5e4a70b7407af45372c428c0186edc057b2ae6faa36d25a9112457ba,uci291-1020,10.24432/C5VW2C
2500,4.7999999999999998,0.025399999999999999,55.5,0.00087321800000000004,129.14400000000001,condition_ca78f63e5e4a70b7407af45372c428c0186edc057b2ae6faa36d25a9112457ba,uci291-1021,10.24432/C5VW2C
3150,4.7999999999999998,0.025399999999999999,55.5,0.00087321800000000004,132.35400000000001,condition_ca78f63e5e4a70b7407af45372c428c0186edc057b2ae6faa36d25a9112457ba,uci291-1022,10.24432/C5VW2C
4000,4.7999999999999998,0.025399999999999999,55.5,0.00087321800000000004,133.92400000000001,condition_ca78f63e5e4a70b7407af45372c428c0186edc057b2ae6faa36d25a9112457ba,uci291-1023,10.24432/C5VW2C
5000,4.7999999999999998,0.025399999999999999,55.5,0.00087321800000000004,135.48400000000001,condition_ca78f63e5e4a70b7407af45372c428c0186edc057b2ae6faa36d25a9112457ba,uci291-1024,10.24432/C5VW2C
6300,4.7999999999999998,0.025399999999999999,55.5,0.00087321800000000004,135.16399999999999,condition_ca78f63e5e4a70b7407af45372c428c0186edc057b2ae6faa36d25a9112457ba,uci291-1025,10.24432/C5VW2C
8000,4.7999999999999998,0.025399999999999999,55.5,0.00087321800000000004,132.184,condition_ca78f63e5e4a70b7407af45372c428c0186edc057b2ae6faa36d25a9112457ba,uci291-1026,10.24432/C5VW2C
10000,4.7999999999999998,0.025399999999999999,55.5,0.00087321800000000004,126.944,condition_ca78f63e5e4a70b7407af45372c428c0186edc057b2ae6faa36d25a9112457ba,uci291-1027,10.24432/C5VW2C
12500,4.7999999999999998,0.025399999999999999,55.5,0.00087321800000000004,125.09399999999999,condition_ca78f63e5e4a70b7407af45372c428c0186edc057b2ae6faa36d25a9112457ba,uci291-1028,10.24432/C5VW2C
16000,4.7999999999999998,0.025399999999999999,55.5,0.00087321800000000004,124.39400000000001,condition_ca78f63e5e4a70b7407af45372c428c0186edc057b2ae6faa36d25a9112457ba,uci291-1029,10.24432/C5VW2C
20000,4.7999999999999998,0.025399999999999999,55.5,0.00087321800000000004,121.28400000000001,condition_ca78f63e5e4a70b7407af45372c428c0186edc057b2ae6faa36d25a9112457ba,uci291-1030,10.24432/C5VW2C
500,4.7999999999999998,0.025399999999999999,39.600000000000001,0.00090747500000000004,116.366,condition_0dc0b9d36bffe3df4bdb2c34f3821739c677f9b0bf7feb05ad8f55184cc90645,uci291-1031,10.24432/C5VW2C
630,4.7999999999999998,0.025399999999999999,39.600000000000001,0.00090747500000000004,118.696,condition_0dc0b9d36bffe3df4bdb2c34f3821739c677f9b0bf7feb05ad8f55184cc90645,uci291-1032,10.24432/C5VW2C
800,4.7999999999999998,0.025399999999999999,39.600000000000001,0.00090747500000000004,120.76600000000001,condition_0dc0b9d36bffe3df4bdb2c34f3821739c677f9b0bf7feb05ad8f55184cc90645,uci291-1033,10.24432/C5VW2C
1000,4.7999999999999998,0.025399999999999999,39.600000000000001,0.00090747500000000004,122.956,condition_0dc0b9d36bffe3df4bdb2c34f3821739c677f9b0bf7feb05ad8f55184cc90645,uci291-1034,10.24432/C5VW2C
1250,4.7999999999999998,0.025399999999999999,39.600000000000001,0.00090747500000000004,125.026,condition_0dc0b9d36bffe3df4bdb2c34f3821739c677f9b0bf7feb05ad8f55184cc90645,uci291-1035,10.24432/C5VW2C
1600,4.7999999999999998,0.025399999999999999,39.600000000000001,0.00090747500000000004,125.96599999999999,condition_0dc0b9d36bffe3df4bdb2c34f3821739c677f9b0bf7feb05ad8f55184cc90645,uci291-1036,10.24432/C5VW2C
2000,4.7999999999999998,0.025399999999999999,39.600000000000001,0.00090747500000000004,128.916,condition_0dc0b9d36bffe3df4bdb2c34f3821739c677f9b0bf7feb05ad8f55184cc90645,uci291-1037,10.24432/C5VW2C
2500,4.7999999999999998,0.025399999999999999,39.600000000000001,0.00090747500000000004,131.23599999999999,condition_0dc0b9d36bffe3df4bdb2c34f3821739c677f9b0bf7feb05ad8f55184cc90645,uci291-1038,10.24432/C5VW2C
3150,4.7999999999999998,0.025399999999999999,39.600000000000001,0.00090747500000000004,133.43600000000001,condition_0dc0b9d36bffe3df4bdb2c34f3821739c677f9b0bf7feb05ad8f55184cc90645,uci291-1039,10.24432/C5VW2C
4000,4.7999999999999998,0.025399999999999999,39.600000000000001,0.00090747500000000004,134.99600000000001,condition_0dc0b9d36bffe3df4bdb2c34f3821739c677f9b0bf7feb05ad8f55184cc90645,uci291-1040,10.24432/C5VW2C
5000,4.7999999999999998,0.025399999999999999,39.600000000000001,0.00090747500000000004,135.42599999999999,condition_0dc0b9d36bffe3df4bdb2c34f3821739c677f9b0bf7feb05ad8f55184cc90645,uci291-1041,10.24432/C5VW2C
6300,4.7999999999999998,0.025399999999999999,39.600000000000001,0.00090747500000000004,134.33600000000001,condition_0dc0b9d36bffe3df4bdb2c34f3821739c677f9b0bf7feb05ad8f55184cc90645,uci291-1042,10.24432/C5VW2C
8000,4.7999999999999998,0.025399999999999999,39.600000000000001,0.00090747500000000004,131.346,condition_0dc0b9d36bffe3df4bdb2c34f3821739c677f9b0bf7feb05ad8f55184cc90645,uci291-1043,10.24432/C5VW2C
10000,4.7999999999999998,0.025399999999999999,39.600000000000001,0.00090747500000000004,126.066,condition_0dc0b9d36bffe3df4bdb2c34f3821739c677f9b0bf7feb05ad8f55184cc90645,uci291-1044,10.24432/C5VW2C
500,4.7999999999999998,0.025399999999999999,31.699999999999999,0.00093078900000000001,116.128,condition_581d8540fa09bcd9ed8ae664111a7daddb447379be31159bc5435e776acbf899,uci291-1045,10.24432/C5VW2C
630,4.7999999999999998,0.025399999999999999,31.699999999999999,0.00093078900000000001,120.078,condition_581d8540fa09bcd9ed8ae664111a7daddb447379be31159bc5435e776acbf899,uci291-1046,10.24432/C5VW2C
800,4.7999999999999998,0.025399999999999999,31.699999999999999,0.00093078900000000001,122.648,condition_581d8540fa09bcd9ed8ae664111a7daddb447379be31159bc5435e776acbf899,uci291-1047,10.24432/C5VW2C
1000,4.7999999999999998,0.025399999999999999,31.699999999999999,0.00093078900000000001,125.348,condition_581d8540fa09bcd9ed8ae664111a7daddb447379be31159bc5435e776acbf899,uci291-1048,10.24432/C5VW2C
1250,4.7999999999999998,0.025399999999999999,31.699999999999999,0.00093078900000000001,127.408,condition_581d8540fa09bcd9ed8ae664111a7daddb447379be31159bc5435e776acbf899,uci291-1049,10.24432/C5VW2C
1600,4.7999999999999998,0.025399999999999999,31.699999999999999,0.00093078900000000001,128.71799999999999,condition_581d8540fa09bcd9ed8ae664111a7daddb447379be31159bc5435e776acbf899,uci291-1050,10.24432/C5VW2C
2000,4.7999999999999998,0.025399999999999999,31.699999999999999,0.00093078900000000001,130.148,condition_581d8540fa09bcd9ed8ae664111a7daddb447379be31159bc5435e776acbf899,uci291-1051,10.24432/C5VW2C
2500,4.7999999999999998,0.025399999999999999,31.699999999999999,0.00093078900000000001,132.58799999999999,condition_581d8540fa09bcd9ed8ae664111a7daddb447379be31159bc5435e776acbf899,uci291-1052,10.24432/C5VW2C
3150,4.7999999999999998,0.025399999999999999,31.699999999999999,0.00093078900000000001,134.268,condition_581d8540fa09bcd9ed8ae664111a7daddb447379be31159bc5435e776acbf899,uci291-1053,10.24432/C5VW2C
4000,4.7999999999999998,0.025399999999999999,31.699999999999999,0.00093078900000000001,135.328,condition_581d8540fa09bcd9ed8ae664111a7daddb447379be31159bc5435e776acbf899,uci291-1054,10.24432/C5VW2C
5000,4.7999999999999998,0.025399999999999999,31.699999999999999,0.00093078900000000001,135.24799999999999,condition_581d8540fa09bcd9ed8ae664111a7daddb447379be31159bc5435e776acbf899,uci291-1055,10.24432/C5VW2C
6300,4.7999999999999998,0.025399999999999999,31.699999999999999,0.00093078900000000001,132.898,condition_581d8540fa09bcd9ed8ae664111a7daddb447379be31159bc5435e776acbf899,uci291-1056,10.24432/C5VW2C
8000,4.7999999999999998,0.025399999999999999,31.699999999999999,0.00093078900000000001,127.008,condition_581d8540fa09bcd9ed8ae664111a7daddb447379be31159bc5435e776acbf899,uci291-1057,10.24432/C5VW2C
630,9.5,0.025399999999999999,71.299999999999997,0.0042065399999999999,125.726,condition_43962cbb9b41e436f2b37cd3dfdc5b88a6d0ce13401261c9bf09ac465af7ca02,uci291-1058,10.24432/C5VW2C
800,9.5,0.025399999999999999,71.299999999999997,0.0042065399999999999,127.206,condition_43962cbb9b41e436f2b37cd3dfdc5b88a6d0ce13401261c9bf09ac465af7ca02,uci291-1059,10.24432/C5VW2C
1000,9.5,0.025399999999999999,71.299999999999997,0.0042065399999999999,129.55600000000001,condition_43962cbb9b41e436f2b37cd3dfdc5b88a6d0ce13401261c9bf09ac465af7ca02,uci291-1060,10.24432/C5VW2C
1250,9.5,0.025399999999999999,71.299999999999997,0.0042065399999999999,131.65600000000001,condition_43962cbb9b41e436f2b37cd3dfdc5b88a6d0ce13401261c9bf09ac465af7ca02,uci291-1061,10.24432/C5VW2C
1600,9.5,0.025399999999999999,71.299999999999997,0.0042065399999999999,133.756,condition_43962cbb9b41e436f2b37cd3dfdc5b88a6d0ce13401261c9bf09ac465af7ca02,uci291-1062,10.24432/C5VW2C
2000,9.5,0.025399999999999999,71.299999999999997,0.0042065399999999999,134.976,condition_43962cbb9b41e436f2b37cd3dfdc5b88a6d0ce13401261c9bf09ac465af7ca02,uci291-1063,10.24432/C5VW2C
2500,9.5,0.025399999999999999,71.299999999999997,0.0042065399999999999,135.95599999999999,condition_43962cbb9b41e436f2b37cd3dfdc5b88a6d0ce13401261c9bf09ac465af7ca02,uci291-1064,10.24432/C5VW2C
3150,9.5,0.025399999999999999,71.299999999999997,0.0042065399999999999,136.166,condition_43962cbb9b41e436f2b37cd3dfdc5b88a6d0ce13401261c9bf09ac465af7ca02,uci291-1065,10.24432/C5VW2C
4000,9.5,0.025399999999999999,71.299999999999997,0.0042065399999999999,134.23599999999999,condition_43962cbb9b41e436f2b37cd3dfdc5b88a6d0ce13401261c9bf09ac465af7ca02,uci291-1066,10.24432/C5VW2C
5000,9.5,0.025399999999999999,71.299999999999997,0.0042065399999999999,131.18600000000001,condition_43962cbb9b41e436f2b37cd3dfdc5b88a6d0ce13401261c9bf09ac465af7ca02,uci291-1067,10.24432/C5VW2C
6300,9.5,0.025399999999999999,71.299999999999997,0.0042065399999999999,127.246,condition_43962cbb9b41e436f2b37cd3dfdc5b88a6d0ce13401261c9bf09ac465af7ca02,uci291-1068,10.24432/C5VW2C
400,9.5,0.025399999999999999,55.5,0.0043283999999999996,120.952,condition_cf874ea3c3442e90afd947ef43182d09bd2ce5259f55a9b1832c9dfd1a837221,uci291-1069,10.24432/C5VW2C
500,9.5,0.025399999999999999,55.5,0.0043283999999999996,123.08199999999999,condition_cf874ea3c3442e90afd947ef43182d09bd2ce5259f55a9b1832c9dfd1a837221,uci291-1070,10.24432/C5VW2C
630,9.5,0.025399999999999999,55.5,0.0043283999999999996,125.452,condition_cf874ea3c3442e90afd947ef43182d09bd2ce5259f55a9b1832c9dfd1a837221,uci291-1071,10.24432/C5VW2C
800,9.5,0.025399999999999999,55.5,0.0043283999999999996,128.08199999999999,condition_cf874ea3c3442e90afd947ef43182d09bd2ce5259f55a9b1832c9dfd1a837221,uci291-1072,10.24432/C5VW2C
1000,9.5,0.025399999999999999,55.5,0.0043283999999999996,130.33199999999999,condition_cf874ea3c3442e90afd947ef43182d09bd2ce5259f55a9b1832c9dfd1a837221,uci291-1073,10.24432/C5VW2C
1250,9.5,0.025399999999999999,55.5,0.0043283999999999996,132.202,condition_cf874ea3c3442e90afd947ef43182d09bd2ce5259f55a9b1832c9dfd1a837221,uci291-1074,10.24432/C5VW2C
1600,9.5,0.025399999999999999,55.5,0.0043283999999999996,133.06200000000001,condition_cf874ea3c3442e90afd947ef43182d09bd2ce5259f55a9b1832c9dfd1a837221,uci291-1075,10.24432/C5VW2C
2000,9.5,0.025399999999999999,55.5,0.0043283999999999996,134.05199999999999,condition_cf874ea3c3442e90afd947ef43182d09bd2ce5259f55a9b1832c9dfd1a837221,uci291-1076,10.24432/C5VW2C
2500,9.5,0.025399999999999999,55.5,0.0043283999999999996,134.15199999999999,condition_cf874ea3c3442e90afd947ef43182d09bd2ce5259f55a9b1832c9dfd1a837221,uci291-1077,10.24432/C5VW2C
3150,9.5,0.025399999999999999,55.5,0.0043283999999999996,133.25200000000001,condition_cf874ea3c3442e90afd947ef43182d09bd2ce5259f55a9b1832c9dfd1a837221,uci291-1078,10.24432/C5VW2C
4000,9.5,0.025399999999999999,55.5,0.0043283999999999996,131.58199999999999,condition_cf874ea3c3442e90afd947ef43182d09bd2ce5259f55a9b1832c9dfd1a837221,uci291-1079,10.24432/C5VW2C
5000,9.5,0.025399999999999999,55.5,0.0043283999999999996,128.41200000000001,condition_cf874ea3c3442e90afd947ef43182d09bd2ce5259f55a9b1832c9dfd1a837221,uci291-1080,10.24432/C5VW2C
6300,9.5,0.025399999999999999,55.5,0.0043283999999999996,124.22199999999999,condition_cf874ea3c3442e90afd947ef43182d09bd2ce5259f55a9b1832c9dfd1a837221,uci291-1081,10.24432/C5VW2C
200,9.5,0.025399999999999999,39.600000000000001,0.0044982099999999999,116.074,condition_5f74d351494d4e5086f44457e39d454df2e3c28659926fc4cde40f5a68c79408,uci291-1082,10.24432/C5VW2C
250,9.5,0.025399999999999999,39.600000000000001,0.0044982099999999999,116.92400000000001,condition_5f74d351494d4e5086f44457e39d454df2e3c28659926fc4cde40f5a68c79408,uci291-1083,10.24432/C5VW2C
315,9.5,0.025399999999999999,39.600000000000001,0.0044982099999999999,119.294,condition_5f74d351494d4e5086f44457e39d454df2e3c28659926fc4cde40f5a68c79408,uci291-1084,10.24432/C5VW2C
400,9.5,0.025399999999999999,39.600000000000001,0.0044982099999999999,121.154,condition_5f74d351494d4e5086f44457e39d454df2e3c28659926fc4cde40f5a68c79408,uci291-1085,10.24432/C5VW2C
500,9.5,0.025399999999999999,39.600000000000001,0.0044982099999999999,123.89400000000001,condition_5f74d351494d4e5086f44457e39d454df2e3c28659926fc4cde40f5a68c79408,uci291-1086,10.24432/C5VW2C
630,9.5,0.025399999999999999,39.600000000000001,0.0044982099999999999,126.514,condition_5f74d351494d4e5086f44457e39d454df2e3c28659926fc4cde40f5a68c79408,uci291-1087,10.24432/C5VW2C
800,9.5,0.025399999999999999,39.600000000000001,0.0044982099999999999,129.01400000000001,condition_5f74d351494d4e5086f44457e39d454df2e3c28659926fc4cde40f5a68c79408,uci291-1088,10.24432/C5VW2C
1000,9.5,0.025399999999999999,39.600000000000001,0.0044982099999999999,130.374,condition_5f74d351494d4e5086f44457e39d454df2e3c28659926fc4cde40f5a68c79408,uci291-1089,10.24432/C5VW2C
1250,9.5,0.025399999999999999,39.600000000000001,0.0044982099999999999,130.964,condition_5f74d351494d4e5086f44457e39d454df2e3c28659926fc4cde40f5a68c79408,uci291-1090,10.24432/C5VW2C
1600,9.5,0.025399999999999999,39.600000000000001,0.0044982099999999999,131.184,condition_5f74d351494d4e5086f44457e39d454df2e3c28659926fc4cde40f5a68c79408,uci291-1091,10.24432/C5VW2C
2000,9.5,0.025399999999999999,39.600000000000001,0.0044982099999999999,131.274,condition_5f74d351494d4e5086f44457e39d454df2e3c28659926fc4cde40f5a68c79408,uci291-1092,10.24432/C5VW2C
2500,9.5,0.025399999999999999,39.600000000000001,0.0044982099999999999,131.23400000000001,condition_5f74d351494d4e5086f44457e39d454df2e3c28659926fc4cde40f5a68c79408,uci291-1093,10.24432/C5VW2C
3150,9.5,0.025399999999999999,39.600000000000001,0.0044982099999999999,129.934,condition_5f74d351494d4e5086f44457e39d454df2e3c28659926fc4cde40f5a68c79408,uci291-1094,10.24432/C5VW2C
4000,9.5,0.025399999999999999,39.600000000000001,0.0044982099999999999,127.864,condition_5f74d351494d4e5086f44457e39d454df2e3c28659926fc4cde40f5a68c79408,uci291-1095,10.24432/C5VW2C
5000,9.5,0.025399999999999999,39.600000000000001,0.0044982099999999999,125.044,condition_5f74d351494d4e5086f44457e39d454df2e3c28659926fc4cde40f5a68c79408,uci291-1096,10.24432/C5VW2C
6300,9.5,0.025399999999999999,39.600000000000001,0.0044982099999999999,120.324,condition_5f74d351494d4e5086f44457e39d454df2e3c28659926fc4cde40f5a68c79408,uci291-1097,10.24432/C5VW2C
200,9.5,0.025399999999999999,31.699999999999999,0.0046137699999999997,119.146,condition_fc1ccbe3c56788ae19b42e8a7fdda9c8c753ca95b8248ddd1b8c4cb9d5a4b3b0,uci291-1098,10.24432/C5VW2C
250,9.5,0.025399999999999999,31.699999999999999,0.0046137699999999997,120.136,condition_fc1ccbe3c56788ae19b42e8a7fdda9c8c753ca95b8248ddd1b8c4cb9d5a4b3b0,uci291-1099,10.24432/C5VW2C
315,9.5,0.025399999999999999,31.699999999999999,0.0046137699999999997,122.76600000000001,condition_fc1ccbe3c56788ae19b42e8a7fdda9c8c753ca95b8248ddd1b8c4cb9d5a4b3b0,uci291-1100,10.24432/C5VW2C
400,9.5,0.025399999999999999,31.699999999999999,0.0046137699999999997,124.756,condition_fc1ccbe3c56788ae19b42e8a7fdda9c8c753ca95b8248ddd1b8c4cb9d5a4b3b0,uci291-1101,10.24432/C5VW2C
500,9.5,0.025399999999999999,31.699999999999999,0.0046137699999999997,126.886,condition_fc1ccbe3c56788ae19b42e8a7fdda9c8c753ca95b8248ddd1b8c4cb9d5a4b3b0,uci291-1102,10.24432/C5VW2C
630,9.5,0.025399999999999999,31.699999999999999,0.0046137699999999997,129.006,condition_fc1ccbe3c56788ae19b42e8a7fdda9c8c753ca95b8248ddd1b8c4cb9d5a4b3b0,uci291-1103,10.24432/C5VW2C
800,9.5,0.025399999999999999,31.699999999999999,0.0046137699999999997,130.74600000000001,condition_fc1ccbe3c56788ae19b42e8a7fdda9c8c753ca95b8248ddd1b8c4cb9d5a4b3b0,uci291-1104,10.24432/C5VW2C
1000,9.5,0.025399999999999999,31.699999999999999,0.0046137699999999997,131.346,condition_fc1ccbe3c56788ae19b42e8a7fdda9c8c753ca95b8248ddd1b8c4cb9d5a4b3b0,uci291-1105,10.24432/C5VW2C
1250,9.5,0.025399999999999999,31.699999999999999,0.0046137699999999997,131.446,condition_fc1ccbe3c56788ae19b42e8a7fdda9c8c753ca95b8248ddd1b8c4cb9d5a4b3b0,uci291-1106,10.24432/C5VW2C
1600,9.5,0.025399999999999999,31.699999999999999,0.0046137699999999997,131.036,condition_fc1ccbe3c56788ae19b42e8a7fdda9c8c753ca95b8248ddd1b8c4cb9d5a4b3b0,uci291-1107,10.24432/C5VW2C
2000,9.5,0.025399999999999999,31.699999999999999,0.0046137699999999997,130.49600000000001,condition_fc1ccbe3c56788ae19b42e8a7fdda9c8c753ca95b8248ddd1b8c4cb9d5a4b3b0,uci291-1108,10.24432/C5VW2C
2500,9.5,0.025399999999999999,31.699999999999999,0.0046137699999999997,130.08600000000001,condition_fc1ccbe3c56788ae19b42e8a7fdda9c8c753ca95b8248ddd1b8c4cb9d5a4b3b0,uci291-1109,10.24432/C5VW2C
3150,9.5,0.025399999999999999,31.699999999999999,0.0046137699999999997,128.536,condition_fc1ccbe3c56788ae19b42e8a7fdda9c8c753ca95b8248ddd1b8c4cb9d5a4b3b0,uci291-1110,10.24432/C5VW2C
4000,9.5,0.025399999999999999,31.699999999999999,0.0046137699999999997,126.736,condition_fc1ccbe3c56788ae19b42e8a7fdda9c8c753ca95b8248ddd1b8c4cb9d5a4b3b0,uci291-1111,10.24432/C5VW2C
5000,9.5,0.025399999999999999,31.699999999999999,0.0046137699999999997,124.426,condition_fc1ccbe3c56788ae19b42e8a7fdda9c8c753ca95b8248ddd1b8c4cb9d5a4b3b0,uci291-1112,10.24432/C5VW2C
6300,9.5,0.025399999999999999,31.699999999999999,0.0046137699999999997,120.726,condition_fc1ccbe3c56788ae19b42e8a7fdda9c8c753ca95b8248ddd1b8c4cb9d5a4b3b0,uci291-1113,10.24432/C5VW2C
250,12.699999999999999,0.025399999999999999,71.299999999999997,0.0121808,119.69799999999999,condition_a72f96b82716bdc0af6225fe41d1947c92b0dea9c6be0baa46e790e952aff895,uci291-1114,10.24432/C5VW2C
315,12.699999999999999,0.025399999999999999,71.299999999999997,0.0121808,122.938,condition_a72f96b82716bdc0af6225fe41d1947c92b0dea9c6be0baa46e790e952aff895,uci291-1115,10.24432/C5VW2C
400,12.699999999999999,0.025399999999999999,71.299999999999997,0.0121808,125.048,condition_a72f96b82716bdc0af6225fe41d1947c92b0dea9c6be0baa46e790e952aff895,uci291-1116,10.24432/C5VW2C
500,12.699999999999999,0.025399999999999999,71.299999999999997,0.0121808,126.898,condition_a72f96b82716bdc0af6225fe41d1947c92b0dea9c6be0baa46e790e952aff895,uci291-1117,10.24432/C5VW2C
630,12.699999999999999,0.025399999999999999,71.299999999999997,0.0121808,128.87799999999999,condition_a72f96b82716bdc0af6225fe41d1947c92b0dea9c6be0baa46e790e952aff895,uci291-1118,10.24432/C5VW2C
800,12.699999999999999,0.025399999999999999,71.299999999999997,0.0121808,130.34800000000001,condition_a72f96b82716bdc0af6225fe41d1947c92b0dea9c6be0baa46e790e952aff895,uci291-1119,10.24432/C5VW2C
1000,12.699999999999999,0.025399999999999999,71.299999999999997,0.0121808,131.69800000000001,condition_a72f96b82716bdc0af6225fe41d1947c92b0dea9c6be0baa46e790e952aff895,uci291-1120,10.24432/C5VW2C
1250,12.699999999999999,0.025399999999999999,71.299999999999997,0.0121808,133.048,condition_a72f96b82716bdc0af6225fe41d1947c92b0dea9c6be0baa46e790e952aff895,uci291-1121,10.24432/C5VW2C
1600,12.699999999999999,0.025399999999999999,71.299999999999997,0.0121808,134.52799999999999,condition_a72f96b82716bdc0af6225fe41d1947c92b0dea9c6be0baa46e790e952aff895,uci291-1122,10.24432/C5VW2C
2000,12.699999999999999,0.025399999999999999,71.299999999999997,0.0121808,134.22800000000001,condition_a72f96b82716bdc0af6225fe41d1947c92b0dea9c6be0baa46e790e952aff895,uci291-1123,10.24432/C5VW2C
2500,12.699999999999999,0.025399999999999999,71.299999999999997,0.0121808,134.05799999999999,condition_a72f96b82716bdc0af6225fe41d1947c92b0dea9c6be0baa46e790e952aff895,uci291-1124,10.24432/C5VW2C
3150,12.699999999999999,0.025399999999999999,71.299999999999997,0.0121808,133.75800000000001,condition_a72f96b82716bdc0af6225fe41d1947c92b0dea9c6be0baa46e790e952aff895,uci291-1125,10.24432/C5VW2C
4000,12.699999999999999,0.025399999999999999,71.299999999999997,0.0121808,131.80799999999999,condition_a72f96b82716bdc0af6225fe41d1947c92b0dea9c6be0baa46e790e952aff895,uci291-1126,10.24432/C5VW2C
5000,12.699999999999999,0.025399999999999999,71.299999999999997,0.0121808,128.97800000000001,condition_a72f96b82716bdc0af6225fe41d1947c92b0dea9c6be0baa46e790e952aff895,uci291-1127,10.24432/C5VW2C
6300,12.699999999999999,0.025399999999999999,71.299999999999997,0.0121808,125.398,condition_a72f96b82716bdc0af6225fe41d1947c92b0dea9c6be0baa46e790e952aff895,uci291-1128,10.24432/C5VW2C
8000,12.699999999999999,0.025399999999999999,71.299999999999997,0.0121808,120.538,condition_a72f96b82716bdc0af6225fe41d1947c92b0dea9c6be0baa46e790e952aff895,uci291-1129,10.24432/C5VW2C
10000,12.699999999999999,0.025399999999999999,71.299999999999997,0.0121808,114.41800000000001,condition_a72f96b82716bdc0af6225fe41d1947c92b0dea9c6be0baa46e790e952aff895,uci291-1130,10.24432/C5VW2C
250,12.699999999999999,0.025399999999999999,39.600000000000001,0.0130253,121.547,condition_ca8a25924e9b21764c8c8dbf8088183a4126d02e1ceeb941d2ad4851543754ca,uci291-1131,10.24432/C5VW2C
315,12.699999999999999,0.025399999999999999,39.600000000000001,0.0130253,123.53700000000001,condition_ca8a25924e9b21764c8c8dbf8088183a4126d02e1ceeb941d2ad4851543754ca,uci291-1132,10.24432/C5VW2C
400,12.699999999999999,0.025399999999999999,39.600000000000001,0.0130253,125.527,condition_ca8a25924e9b21764c8c8dbf8088183a4126d02e1ceeb941d2ad4851543754ca,uci291-1133,10.24432/C5VW2C
500,12.699999999999999,0.025399999999999999,39.600000000000001,0.0130253,127.127,condition_ca8a25924e9b21764c8c8dbf8088183a4126d02e1ceeb941d2ad4851543754ca,uci291-1134,10.24432/C5VW2C
630,12.699999999999999,0.025399999999999999,39.600000000000001,0.0130253,128.86699999999999,condition_ca8a25924e9b21764c8c8dbf8088183a4126d02e1ceeb941d2ad4851543754ca,uci291-1135,10.24432/C5VW2C
800,12.699999999999999,0.025399999999999999,39.600000000000001,0.0130253,130.21700000000001,condition_ca8a25924e9b21764c8c8dbf8088183a4126d02e1ceeb941d2ad4851543754ca,uci291-1136,10.24432/C5VW2C
1000,12.699999999999999,0.025399999999999999,39.600000000000001,0.0130253,130.947,condition_ca8a25924e9b21764c8c8dbf8088183a4126d02e1ceeb941d2ad4851543754ca,uci291-1137,10.24432/C5VW2C
1250,12.699999999999999,0.025399999999999999,39.600000000000001,0.0130253,130.77699999999999,condition_ca8a25924e9b21764c8c8dbf8088183a4126d02e1ceeb941d2ad4851543754ca,uci291-1138,10.24432/C5VW2C
1600,12.699999999999999,0.025399999999999999,39.600000000000001,0.0130253,129.977,condition_ca8a25924e9b21764c8c8dbf8088183a4126d02e1ceeb941d2ad4851543754ca,uci291-1139,10.24432/C5VW2C
2000,12.699999999999999,0.025399999999999999,39.600000000000001,0.0130253,129.56700000000001,condition_ca8a25924e9b21764c8c8dbf8088183a4126d02e1ceeb941d2ad4851543754ca,uci291-1140,10.24432/C5VW2C
2500,12.699999999999999,0.025399999999999999,39.600000000000001,0.0130253,129.02699999999999,condition_ca8a25924e9b21764c8c8dbf8088183a4126d02e1ceeb941d2ad4851543754ca,uci291-1141,10.24432/C5VW2C
3150,12.699999999999999,0.025399999999999999,39.600000000000001,0.0130253,127.84699999999999,condition_ca8a25924e9b21764c8c8dbf8088183a4126d02e1ceeb941d2ad4851543754ca,uci291-1142,10.24432/C5VW2C
4000,12.699999999999999,0.025399999999999999,39.600000000000001,0.0130253,126.53700000000001,condition_ca8a25924e9b21764c8c8dbf8088183a4126d02e1ceeb941d2ad4851543754ca,uci291-1143,10.24432/C5VW2C
5000,12.699999999999999,0.025399999999999999,39.600000000000001,0.0130253,125.107,condition_ca8a25924e9b21764c8c8dbf8088183a4126d02e1ceeb941d2ad4851543754ca,uci291-1144,10.24432/C5VW2C
6300,12.699999999999999,0.025399999999999999,39.600000000000001,0.0130253,123.17700000000001,condition_ca8a25924e9b21764c8c8dbf8088183a4126d02e1ceeb941d2ad4851543754ca,uci291-1145,10.24432/C5VW2C
8000,12.699999999999999,0.025399999999999999,39.600000000000001,0.0130253,120.607,condition_ca8a25924e9b21764c8c8dbf8088183a4126d02e1ceeb941d2ad4851543754ca,uci291-1146,10.24432/C5VW2C
10000,12.699999999999999,0.025399999999999999,39.600000000000001,0.0130253,116.017,condition_ca8a25924e9b21764c8c8dbf8088183a4126d02e1ceeb941d2ad4851543754ca,uci291-1147,10.24432/C5VW2C
200,17.399999999999999,0.025399999999999999,71.299999999999997,0.016104,112.506,condition_837060f1cfda26fd21dee91be3ab885c41dbcd6532b57f74c9d336d951459ad5,uci291-1148,10.24432/C5VW2C
250,17.399999999999999,0.025399999999999999,71.299999999999997,0.016104,113.79600000000001,condition_837060f1cfda26fd21dee91be3ab885c41dbcd6532b57f74c9d336d951459ad5,uci291-1149,10.24432/C5VW2C
315,17.399999999999999,0.025399999999999999,71.299999999999997,0.016104,115.846,condition_837060f1cfda26fd21dee91be3ab885c41dbcd6532b57f74c9d336d951459ad5,uci291-1150,10.24432/C5VW2C
400,17.399999999999999,0.025399999999999999,71.299999999999997,0.016104,117.396,condition_837060f1cfda26fd21dee91be3ab885c41dbcd6532b57f74c9d336d951459ad5,uci291-1151,10.24432/C5VW2C
500,17.399999999999999,0.025399999999999999,71.299999999999997,0.016104,119.806,condition_837060f1cfda26fd21dee91be3ab885c41dbcd6532b57f74c9d336d951459ad5,uci291-1152,10.24432/C5VW2C
630,17.399999999999999,0.025399999999999999,71.299999999999997,0.016104,122.60599999999999,condition_837060f1cfda26fd21dee91be3ab885c41dbcd6532b57f74c9d336d951459ad5,uci291-1153,10.24432/C5VW2C
800,17.399999999999999,0.025399999999999999,71.299999999999997,0.016104,124.276,condition_837060f1cfda26fd21dee91be3ab885c41dbcd6532b57f74c9d336d951459ad5,uci291-1154,10.24432/C5VW2C
1000,17.399999999999999,0.025399999999999999,71.299999999999997,0.016104,125.816,condition_837060f1cfda26fd21dee91be3ab885c41dbcd6532b57f74c9d336d951459ad5,uci291-1155,10.24432/C5VW2C
1250,17.399999999999999,0.025399999999999999,71.299999999999997,0.016104,126.35599999999999,condition_837060f1cfda26fd21dee91be3ab885c41dbcd6532b57f74c9d336d951459ad5,uci291-1156,10.24432/C5VW2C
1600,17.399999999999999,0.025399999999999999,71.299999999999997,0.016104,126.40600000000001,condition_837060f1cfda26fd21dee91be3ab885c41dbcd6532b57f74c9d336d951459ad5,uci291-1157,10.24432/C5VW2C
2000,17.399999999999999,0.025399999999999999,71.299999999999997,0.016104,126.82599999999999,condition_837060f1cfda26fd21dee91be3ab885c41dbcd6532b57f74c9d336d951459ad5,uci291-1158,10.24432/C5VW2C
2500,17.399999999999999,0.025399999999999999,71.299999999999997,0.016104,126.746,condition_837060f1cfda26fd21dee91be3ab885c41dbcd6532b57f74c9d336d951459ad5,uci291-1159,10.24432/C5VW2C
3150,17.399999999999999,0.025399999999999999,71.299999999999997,0.016104,126.536,condition_837060f1cfda26fd21dee91be3ab885c41dbcd6532b57f74c9d336d951459ad5,uci291-1160,10.24432/C5VW2C
4000,17.399999999999999,0.025399999999999999,71.299999999999997,0.016104,125.586,condition_837060f1cfda26fd21dee91be3ab885c41dbcd6532b57f74c9d336d951459ad5,uci291-1161,10.24432/C5VW2C
5000,17.399999999999999,0.025399999999999999,71.299999999999997,0.016104,123.126,condition_837060f1cfda26fd21dee91be3ab885c41dbcd6532b57f74c9d336d951459ad5,uci291-1162,10.24432/C5VW2C
6300,17.399999999999999,0.025399999999999999,71.299999999999997,0.016104,119.916,condition_837060f1cfda26fd21dee91be3ab885c41dbcd6532b57f74c9d336d951459ad5,uci291-1163,10.24432/C5VW2C
8000,17.399999999999999,0.025399999999999999,71.299999999999997,0.016104,115.46599999999999,condition_837060f1cfda26fd21dee91be3ab885c41dbcd6532b57f74c9d336d951459ad5,uci291-1164,10.24432/C5VW2C
200,17.399999999999999,0.025399999999999999,55.5,0.016570600000000001,109.95099999999999,condition_7af8649821a11efa7cbb753bb7acfbd965c1784b1f7bc9e6ad1e16c7d9f4c335,uci291-1165,10.24432/C5VW2C
250,17.399999999999999,0.025399999999999999,55.5,0.016570600000000001,110.491,condition_7af8649821a11efa7cbb753bb7acfbd965c1784b1f7bc9e6ad1e16c7d9f4c335,uci291-1166,10.24432/C5VW2C
315,17.399999999999999,0.025399999999999999,55.5,0.016570600000000001,111.911,condition_7af8649821a11efa7cbb753bb7acfbd965c1784b1f7bc9e6ad1e16c7d9f4c335,uci291-1167,10.24432/C5VW2C
400,17.399999999999999,0.025399999999999999,55.5,0.016570600000000001,115.461,condition_7af8649821a11efa7cbb753bb7acfbd965c1784b1f7bc9e6ad1e16c7d9f4c335,uci291-1168,10.24432/C5VW2C
500,17.399999999999999,0.025399999999999999,55.5,0.016570600000000001,119.621,condition_7af8649821a11efa7cbb753bb7acfbd965c1784b1f7bc9e6ad1e16c7d9f4c335,uci291-1169,10.24432/C5VW2C
630,17.399999999999999,0.025399999999999999,55.5,0.016570600000000001,122.411,condition_7af8649821a11efa7cbb753bb7acfbd965c1784b1f7bc9e6ad1e16c7d9f4c335,uci291-1170,10.24432/C5VW2C
800,17.399999999999999,0.025399999999999999,55.5,0.016570600000000001,123.09099999999999,condition_7af8649821a11efa7cbb753bb7acfbd965c1784b1f7bc9e6ad1e16c7d9f4c335,uci291-1171,10.24432/C5VW2C
1000,17.399999999999999,0.025399999999999999,55.5,0.016570600000000001,126.001,condition_7af8649821a11efa7cbb753bb7acfbd965c1784b1f7bc9e6ad1e16c7d9f4c335,uci291-1172,10.24432/C5VW2C
1250,17.399999999999999,0.025399999999999999,55.5,0.016570600000000001,129.30099999999999,condition_7af8649821a11efa7cbb753bb7acfbd965c1784b1f7bc9e6ad1e16c7d9f4c335,uci291-1173,10.24432/C5VW2C
1600,17.399999999999999,0.025399999999999999,55.5,0.016570600000000001,126.471,condition_7af8649821a11efa7cbb753bb7acfbd965c1784b1f7bc9e6ad1e16c7d9f4c335,uci291-1174,10.24432/C5VW2C
2000,17.399999999999999,0.025399999999999999,55.5,0.016570600000000001,125.261,condition_7af8649821a11efa7cbb753bb7acfbd965c1784b1f7bc9e6ad1e16c7d9f4c335,uci291-1175,10.24432/C5VW2C
2500,17.399999999999999,0.025399999999999999,55.5,0.016570600000000001,124.931,condition_7af8649821a11efa7cbb753bb7acfbd965c1784b1f7bc9e6ad1e16c7d9f4c335,uci291-1176,10.24432/C5VW2C
3150,17.399999999999999,0.025399999999999999,55.5,0.016570600000000001,124.101,condition_7af8649821a11efa7cbb753bb7acfbd965c1784b1f7bc9e6ad1e16c7d9f4c335,uci291-1177,10.24432/C5VW2C
4000,17.399999999999999,0.025399999999999999,55.5,0.016570600000000001,121.771,condition_7af8649821a11efa7cbb753bb7acfbd965c1784b1f7bc9e6ad1e16c7d9f4c335,uci291-1178,10.24432/C5VW2C
5000,17.399999999999999,0.025399999999999999,55.5,0.016570600000000001,118.941,condition_7af8649821a11efa7cbb753bb7acfbd965c1784b1f7bc9e6ad1e16c7d9f4c335,uci291-1179,10.24432/C5VW2C
6300,17.399999999999999,0.025399999999999999,55.5,0.016570600000000001,114.861,condition_7af8649821a11efa7cbb753bb7acfbd965c1784b1f7bc9e6ad1e16c7d9f4c335,uci291-1180,10.24432/C5VW2C
200,17.399999999999999,0.025399999999999999,39.600000000000001,0.017220599999999999,114.044,condition_542e1a9353aba43af70ef610b656ab87b77b2918350b8cac014837018673e8aa,uci291-1181,10.24432/C5VW2C
250,17.399999999999999,0.025399999999999999,39.600000000000001,0.017220599999999999,114.714,condition_542e1a9353aba43af70ef610b656ab87b77b2918350b8cac014837018673e8aa,uci291-1182,10.24432/C5VW2C
315,17.399999999999999,0.025399999999999999,39.600000000000001,0.017220599999999999,115.14400000000001,condition_542e1a9353aba43af70ef610b656ab87b77b2918350b8cac014837018673e8aa,uci291-1183,10.24432/C5VW2C
400,17.399999999999999,0.025399999999999999,39.600000000000001,0.017220599999999999,115.444,condition_542e1a9353aba43af70ef610b656ab87b77b2918350b8cac014837018673e8aa,uci291-1184,10.24432/C5VW2C
500,17.399999999999999,0.025399999999999999,39.600000000000001,0.017220599999999999,117.514,condition_542e1a9353aba43af70ef610b656ab87b77b2918350b8cac014837018673e8aa,uci291-1185,10.24432/C5VW2C
630,17.399999999999999,0.025399999999999999,39.600000000000001,0.017220599999999999,124.514,condition_542e1a9353aba43af70ef610b656ab87b77b2918350b8cac014837018673e8aa,uci291-1186,10.24432/C5VW2C
800,17.399999999999999,0.025399999999999999,39.600000000000001,0.017220599999999999,135.32400000000001,condition_542e1a9353aba43af70ef610b656ab87b77b2918350b8cac014837018673e8aa,uci291-1187,10.24432/C5VW2C
1000,17.399999999999999,0.025399999999999999,39.600000000000001,0.017220599999999999,138.274,condition_542e1a9353aba43af70ef610b656ab87b77b2918350b8cac014837018673e8aa,uci291-1188,10.24432/C5VW2C
1250,17.399999999999999,0.025399999999999999,39.600000000000001,0.017220599999999999,131.364,condition_542e1a9353aba43af70ef610b656ab87b77b2918350b8cac014837018673e8aa,uci291-1189,10.24432/C5VW2C
1600,17.399999999999999,0.025399999999999999,39.600000000000001,0.017220599999999999,127.614,condition_542e1a9353aba43af70ef610b656ab87b77b2918350b8cac014837018673e8aa,uci291-1190,10.24432/C5VW2C
2000,17.399999999999999,0.025399999999999999,39.600000000000001,0.017220599999999999,126.64400000000001,condition_542e1a9353aba43af70ef610b656ab87b77b2918350b8cac014837018673e8aa,uci291-1191,10.24432/C5VW2C
2500,17.399999999999999,0.025399999999999999,39.600000000000001,0.017220599999999999,124.154,condition_542e1a9353aba43af70ef610b656ab87b77b2918350b8cac014837018673e8aa,uci291-1192,10.24432/C5VW2C
3150,17.399999999999999,0.025399999999999999,39.600000000000001,0.017220599999999999,123.56399999999999,condition_542e1a9353aba43af70ef610b656ab87b77b2918350b8cac014837018673e8aa,uci291-1193,10.24432/C5VW2C
4000,17.399999999999999,0.025399999999999999,39.600000000000001,0.017220599999999999,122.724,condition_542e1a9353aba43af70ef610b656ab87b77b2918350b8cac014837018673e8aa,uci291-1194,10.24432/C5VW2C
5000,17.399999999999999,0.025399999999999999,39.600000000000001,0.017220599999999999,119.854,condition_542e1a9353aba43af70ef610b656ab87b77b2918350b8cac014837018673e8aa,uci291-1195,10.24432/C5VW2C
200,17.399999999999999,0.025399999999999999,31.699999999999999,0.017663100000000001,116.146,condition_33b370be64b64b469c431e65c2801fde11332a02dcf4a3e8eb0c61e4e6bf2f18,uci291-1196,10.24432/C5VW2C
250,17.399999999999999,0.025399999999999999,31.699999999999999,0.017663100000000001,116.956,condition_33b370be64b64b469c431e65c2801fde11332a02dcf4a3e8eb0c61e4e6bf2f18,uci291-1197,10.24432/C5VW2C
315,17.399999999999999,0.025399999999999999,31.699999999999999,0.017663100000000001,118.416,condition_33b370be64b64b469c431e65c2801fde11332a02dcf4a3e8eb0c61e4e6bf2f18,uci291-1198,10.24432/C5VW2C
400,17.399999999999999,0.025399999999999999,31.699999999999999,0.017663100000000001,120.76600000000001,condition_33b370be64b64b469c431e65c2801fde11332a02dcf4a3e8eb0c61e4e6bf2f18,uci291-1199,10.24432/C5VW2C
500,17.399999999999999,0.025399999999999999,31.699999999999999,0.017663100000000001,127.676,condition_33b370be64b64b469c431e65c2801fde11332a02dcf4a3e8eb0c61e4e6bf2f18,uci291-1200,10.24432/C5VW2C
630,17.399999999999999,0.025399999999999999,31.699999999999999,0.017663100000000001,136.886,condition_33b370be64b64b469c431e65c2801fde11332a02dcf4a3e8eb0c61e4e6bf2f18,uci291-1201,10.24432/C5VW2C
800,17.399999999999999,0.025399999999999999,31.699999999999999,0.017663100000000001,139.226,condition_33b370be64b64b469c431e65c2801fde11332a02dcf4a3e8eb0c61e4e6bf2f18,uci291-1202,10.24432/C5VW2C
1000,17.399999999999999,0.025399999999999999,31.699999999999999,0.017663100000000001,131.79599999999999,condition_33b370be64b64b469c431e65c2801fde11332a02dcf4a3e8eb0c61e4e6bf2f18,uci291-1203,10.24432/C5VW2C
1250,17.399999999999999,0.025399999999999999,31.699999999999999,0.017663100000000001,128.30600000000001,condition_33b370be64b64b469c431e65c2801fde11332a02dcf4a3e8eb0c61e4e6bf2f18,uci291-1204,10.24432/C5VW2C
1600,17.399999999999999,0.025399999999999999,31.699999999999999,0.017663100000000001,126.846,condition_33b370be64b64b469c431e65c2801fde11332a02dcf4a3e8eb0c61e4e6bf2f18,uci291-1205,10.24432/C5VW2C
2000,17.399999999999999,0.025399999999999999,31.699999999999999,0.017663100000000001,124.35599999999999,condition_33b370be64b64b469c431e65c2801fde11332a02dcf4a3e8eb0c61e4e6bf2f18,uci291-1206,10.24432/C5VW2C
2500,17.399999999999999,0.025399999999999999,31.699999999999999,0.017663100000000001,124.166,condition_33b370be64b64b469c431e65c2801fde11332a02dcf4a3e8eb0c61e4e6bf2f18,uci291-1207,10.24432/C5VW2C
3150,17.399999999999999,0.025399999999999999,31.699999999999999,0.017663100000000001,123.46599999999999,condition_33b370be64b64b469c431e65c2801fde11332a02dcf4a3e8eb0c61e4e6bf2f18,uci291-1208,10.24432/C5VW2C
4000,17.399999999999999,0.025399999999999999,31.699999999999999,0.017663100000000001,121.996,condition_33b370be64b64b469c431e65c2801fde11332a02dcf4a3e8eb0c61e4e6bf2f18,uci291-1209,10.24432/C5VW2C
5000,17.399999999999999,0.025399999999999999,31.699999999999999,0.017663100000000001,117.996,condition_33b370be64b64b469c431e65c2801fde11332a02dcf4a3e8eb0c61e4e6bf2f18,uci291-1210,10.24432/C5VW2C
315,22.199999999999999,0.025399999999999999,71.299999999999997,0.021417800000000001,115.857,condition_06ce1baf48ad47503c6fc9c0f67154beabceab33633c77ad4a88c708b2c4a3ae,uci291-1211,10.24432/C5VW2C
400,22.199999999999999,0.025399999999999999,71.299999999999997,0.021417800000000001,117.92700000000001,condition_06ce1baf48ad47503c6fc9c0f67154beabceab33633c77ad4a88c708b2c4a3ae,uci291-1212,10.24432/C5VW2C
500,22.199999999999999,0.025399999999999999,71.299999999999997,0.021417800000000001,117.967,condition_06ce1baf48ad47503c6fc9c0f67154beabceab33633c77ad4a88c708b2c4a3ae,uci291-1213,10.24432/C5VW2C
630,22.199999999999999,0.025399999999999999,71.299999999999997,0.021417800000000001,120.657,condition_06ce1baf48ad47503c6fc9c0f67154beabceab33633c77ad4a88c708b2c4a3ae,uci291-1214,10.24432/C5VW2C
800,22.199999999999999,0.025399999999999999,71.299999999999997,0.021417800000000001,123.227,condition_06ce1baf48ad47503c6fc9c0f67154beabceab33633c77ad4a88c708b2c4a3ae,uci291-1215,10.24432/C5VW2C
1000,22.199999999999999,0.025399999999999999,71.299999999999997,0.021417800000000001,134.24700000000001,condition_06ce1baf48ad47503c6fc9c0f67154beabceab33633c77ad4a88c708b2c4a3ae,uci291-1216,10.24432/C5VW2C
1250,22.199999999999999,0.025399999999999999,71.299999999999997,0.021417800000000001,140.98699999999999,condition_06ce1baf48ad47503c6fc9c0f67154beabceab33633c77ad4a88c708b2c4a3ae,uci291-1217,10.24432/C5VW2C
1600,22.199999999999999,0.025399999999999999,71.299999999999997,0.021417800000000001,131.81700000000001,condition_06ce1baf48ad47503c6fc9c0f67154beabceab33633c77ad4a88c708b2c4a3ae,uci291-1218,10.24432/C5VW2C
2000,22.199999999999999,0.025399999999999999,71.299999999999997,0.021417800000000001,127.197,condition_06ce1baf48ad47503c6fc9c0f67154beabceab33633c77ad4a88c708b2c4a3ae,uci291-1219,10.24432/C5VW2C
2500,22.199999999999999,0.025399999999999999,71.299999999999997,0.021417800000000001,126.09699999999999,condition_06ce1baf48ad47503c6fc9c0f67154beabceab33633c77ad4a88c708b2c4a3ae,uci291-1220,10.24432/C5VW2C
3150,22.199999999999999,0.025399999999999999,71.299999999999997,0.021417800000000001,124.127,condition_06ce1baf48ad47503c6fc9c0f67154beabceab33633c77ad4a88c708b2c4a3ae,uci291-1221,10.24432/C5VW2C
4000,22.199999999999999,0.025399999999999999,71.299999999999997,0.021417800000000001,123.917,condition_06ce1baf48ad47503c6fc9c0f67154beabceab33633c77ad4a88c708b2c4a3ae,uci291-1222,10.24432/C5VW2C
5000,22.199999999999999,0.025399999999999999,71.299999999999997,0.021417800000000001,125.727,condition_06ce1baf48ad47503c6fc9c0f67154beabceab33633c77ad4a88c708b2c4a3ae,uci291-1223,10.24432/C5VW2C
6300,22.199999999999999,0.025399999999999999,71.299999999999997,0.021417800000000001,123.127,condition_06ce1baf48ad47503c6fc9c0f67154beabceab33633c77ad4a88c708b2c4a3ae,uci291-1224,10.24432/C5VW2C
8000,22.199999999999999,0.025399999999999999,71.299999999999997,0.021417800000000001,121.657,condition_06ce1baf48ad47503c6fc9c0f67154beabceab33633c77ad4a88c708b2c4a3ae,uci291-1225,10.24432/C5VW2C
200,22.199999999999999,0.025399999999999999,39.600000000000001,0.022902800000000001,116.066,condition_f8051e6f76503bb32be039c43c703d9a5fa91e22d568d98fc534cb153abd1e90,uci291-1226,10.24432/C5VW2C
250,22.199999999999999,0.025399999999999999,39.600000000000001,0.022902800000000001,117.386,condition_f8051e6f76503bb32be039c43c703d9a5fa91e22d568d98fc534cb153abd1e90,uci291-1227,10.24432/C5VW2C
315,22.199999999999999,0.025399999999999999,39.600000000000001,0.022902800000000001,120.71599999999999,condition_f8051e6f76503bb32be039c43c703d9a5fa91e22d568d98fc534cb153abd1e90,uci291-1228,10.24432/C5VW2C
400,22.199999999999999,0.025399999999999999,39.600000000000001,0.022902800000000001,123.416,condition_f8051e6f76503bb32be039c43c703d9a5fa91e22d568d98fc534cb153abd1e90,uci291-1229,10.24432/C5VW2C
500,22.199999999999999,0.025399999999999999,39.600000000000001,0.022902800000000001,129.77600000000001,condition_f8051e6f76503bb32be039c43c703d9a5fa91e22d568d98fc534cb153abd1e90,uci291-1230,10.24432/C5VW2C
630,22.199999999999999,0.025399999999999999,39.600000000000001,0.022902800000000001,137.02600000000001,condition_f8051e6f76503bb32be039c43c703d9a5fa91e22d568d98fc534cb153abd1e90,uci291-1231,10.24432/C5VW2C
800,22.199999999999999,0.025399999999999999,39.600000000000001,0.022902800000000001,137.07599999999999,condition_f8051e6f76503bb32be039c43c703d9a5fa91e22d568d98fc534cb153abd1e90,uci291-1232,10.24432/C5VW2C
1000,22.199999999999999,0.025399999999999999,39.600000000000001,0.022902800000000001,128.416,condition_f8051e6f76503bb32be039c43c703d9a5fa91e22d568d98fc534cb153abd1e90,uci291-1233,10.24432/C5VW2C
1250,22.199999999999999,0.025399999999999999,39.600000000000001,0.022902800000000001,126.446,condition_f8051e6f76503bb32be039c43c703d9a5fa91e22d568d98fc534cb153abd1e90,uci291-1234,10.24432/C5VW2C
1600,22.199999999999999,0.025399999999999999,39.600000000000001,0.022902800000000001,122.21599999999999,condition_f8051e6f76503bb32be039c43c703d9a5fa91e22d568d98fc534cb153abd1e90,uci291-1235,10.24432/C5VW2C
2000,22.199999999999999,0.025399999999999999,39.600000000000001,0.022902800000000001,121.256,condition_f8051e6f76503bb32be039c43c703d9a5fa91e22d568d98fc534cb153abd1e90,uci291-1236,10.24432/C5VW2C
2500,22.199999999999999,0.025399999999999999,39.600000000000001,0.022902800000000001,121.306,condition_f8051e6f76503bb32be039c43c703d9a5fa91e22d568d98fc534cb153abd1e90,uci291-1237,10.24432/C5VW2C
3150,22.199999999999999,0.025399999999999999,39.600000000000001,0.022902800000000001,120.85599999999999,condition_f8051e6f76503bb32be039c43c703d9a5fa91e22d568d98fc534cb153abd1e90,uci291-1238,10.24432/C5VW2C
4000,22.199999999999999,0.025399999999999999,39.600000000000001,0.022902800000000001,119.646,condition_f8051e6f76503bb32be039c43c703d9a5fa91e22d568d98fc534cb153abd1e90,uci291-1239,10.24432/C5VW2C
5000,22.199999999999999,0.025399999999999999,39.600000000000001,0.022902800000000001,118.816,condition_f8051e6f76503bb32be039c43c703d9a5fa91e22d568d98fc534cb153abd1e90,uci291-1240,10.24432/C5VW2C
630,0,0.1016,71.299999999999997,0.00121072,124.155,condition_da57538282dd5da178e900d819fe163fc76a5246ca4b4059e0a1eb4d0f7785c7,uci291-1241,10.24432/C5VW2C
800,0,0.1016,71.299999999999997,0.00121072,126.80500000000001,condition_da57538282dd5da178e900d819fe163fc76a5246ca4b4059e0a1eb4d0f7785c7,uci291-1242,10.24432/C5VW2C
1000,0,0.1016,71.299999999999997,0.00121072,128.82499999999999,condition_da57538282dd5da178e900d819fe163fc76a5246ca4b4059e0a1eb4d0f7785c7,uci291-1243,10.24432/C5VW2C
1250,0,0.1016,71.299999999999997,0.00121072,130.33500000000001,condition_da57538282dd5da178e900d819fe163fc76a5246ca4b4059e0a1eb4d0f7785c7,uci291-1244,10.24432/C5VW2C
1600,0,0.1016,71.299999999999997,0.00121072,131.72499999999999,condition_da57538282dd5da178e900d819fe163fc76a5246ca4b4059e0a1eb4d0f7785c7,uci291-1245,10.24432/C5VW2C
2000,0,0.1016,71.299999999999997,0.00121072,132.095,condition_da57538282dd5da178e900d819fe163fc76a5246ca4b4059e0a1eb4d0f7785c7,uci291-1246,10.24432/C5VW2C
2500,0,0.1016,71.299999999999997,0.00121072,132.595,condition_da57538282dd5da178e900d819fe163fc76a5246ca4b4059e0a1eb4d0f7785c7,uci291-1247,10.24432/C5VW2C
3150,0,0.1016,71.299999999999997,0.00121072,131.95500000000001,condition_da57538282dd5da178e900d819fe163fc76a5246ca4b4059e0a1eb4d0f7785c7,uci291-1248,10.24432/C5VW2C
4000,0,0.1016,71.299999999999997,0.00121072,130.935,condition_da57538282dd5da178e900d819fe163fc76a5246ca4b4059e0a1eb4d0f7785c7,uci291-1249,10.24432/C5VW2C
5000,0,0.1016,71.299999999999997,0.00121072,130.79499999999999,condition_da57538282dd5da178e900d819fe163fc76a5246ca4b4059e0a1eb4d0f7785c7,uci291-1250,10.24432/C5VW2C
6300,0,0.1016,71.299999999999997,0.00121072,129.39500000000001,condition_da57538282dd5da178e900d819fe163fc76a5246ca4b4059e0a1eb4d0f7785c7,uci291-1251,10.24432/C5VW2C
8000,0,0.1016,71.299999999999997,0.00121072,125.465,condition_da57538282dd5da178e900d819fe163fc76a5246ca4b4059e0a1eb4d0f7785c7,uci291-1252,10.24432/C5VW2C
10000,0,0.1016,71.299999999999997,0.00121072,123.30500000000001,condition_da57538282dd5da178e900d819fe163fc76a5246ca4b4059e0a1eb4d0f7785c7,uci291-1253,10.24432/C5VW2C
12500,0,0.1016,71.299999999999997,0.00121072,119.375,condition_da57538282dd5da178e900d819fe163fc76a5246ca4b4059e0a1eb4d0f7785c7,uci291-1254,10.24432/C5VW2C
630,0,0.1016,55.5,0.0013198299999999999,126.17,condition_0ca0aba740904243ba97746ca60bf8091664b6e80ef11f93448daeb50f96ee79,uci291-1255,10.24432/C5VW2C
800,0,0.1016,55.5,0.0013198299999999999,127.92,condition_0ca0aba740904243ba97746ca60bf8091664b6e80ef11f93448daeb50f96ee79,uci291-1256,10.24432/C5VW2C
1000,0,0.1016,55.5,0.0013198299999999999,129.80000000000001,condition_0ca0aba740904243ba97746ca60bf8091664b6e80ef11f93448daeb50f96ee79,uci291-1257,10.24432/C5VW2C
1250,0,0.1016,55.5,0.0013198299999999999,131.43000000000001,condition_0ca0aba740904243ba97746ca60bf8091664b6e80ef11f93448daeb50f96ee79,uci291-1258,10.24432/C5VW2C
1600,0,0.1016,55.5,0.0013198299999999999,132.05000000000001,condition_0ca0aba740904243ba97746ca60bf8091664b6e80ef11f93448daeb50f96ee79,uci291-1259,10.24432/C5VW2C
2000,0,0.1016,55.5,0.0013198299999999999,132.53999999999999,condition_0ca0aba740904243ba97746ca60bf8091664b6e80ef11f93448daeb50f96ee79,uci291-1260,10.24432/C5VW2C
2500,0,0.1016,55.5,0.0013198299999999999,133.03999999999999,condition_0ca0aba740904243ba97746ca60bf8091664b6e80ef11f93448daeb50f96ee79,uci291-1261,10.24432/C5VW2C
3150,0,0.1016,55.5,0.0013198299999999999,131.78,condition_0ca0aba740904243ba97746ca60bf8091664b6e80ef11f93448daeb50f96ee79,uci291-1262,10.24432/C5VW2C
4000,0,0.1016,55.5,0.0013198299999999999,129.5,condition_0ca0aba740904243ba97746ca60bf8091664b6e80ef11f93448daeb50f96ee79,uci291-1263,10.24432/C5VW2C
5000,0,0.1016,55.5,0.0013198299999999999,128.36000000000001,condition_0ca0aba740904243ba97746ca60bf8091664b6e80ef11f93448daeb50f96ee79,uci291-1264,10.24432/C5VW2C
6300,0,0.1016,55.5,0.0013198299999999999,127.73,condition_0ca0aba740904243ba97746ca60bf8091664b6e80ef11f93448daeb50f96ee79,uci291-1265,10.24432/C5VW2C
8000,0,0.1016,55.5,0.0013198299999999999,124.45,condition_0ca0aba740904243ba97746ca60bf8091664b6e80ef11f93448daeb50f96ee79,uci291-1266,10.24432/C5VW2C
10000,0,0.1016,55.5,0.0013198299999999999,121.93000000000001,condition_0ca0aba740904243ba97746ca60bf8091664b6e80ef11f93448daeb50f96ee79,uci291-1267,10.24432/C5VW2C
12500,0,0.1016,55.5,0.0013198299999999999,119.91,condition_0ca0aba740904243ba97746ca60bf8091664b6e80ef11f93448daeb50f96ee79,uci291-1268,10.24432/C5VW2C
630,0,0.1016,39.600000000000001,0.0014633199999999999,125.401,condition_1073adf43d1473ca52558b1ae965cdfcda7570da87bd4264566607c5bd2d1e7e,uci291-1269,10.24432/C5VW2C
800,0,0.1016,39.600000000000001,0.0014633199999999999,128.40100000000001,condition_1073adf43d1473ca52558b1ae965cdfcda7570da87bd4264566607c5bd2d1e7e,uci291-1270,10.24432/C5VW2C
1000,0,0.1016,39.600000000000001,0.0014633199999999999,130.78100000000001,condition_1073adf43d1473ca52558b1ae965cdfcda7570da87bd4264566607c5bd2d1e7e,uci291-1271,10.24432/C5VW2C
1250,0,0.1016,39.600000000000001,0.0014633199999999999,132.27099999999999,condition_1073adf43d1473ca52558b1ae965cdfcda7570da87bd4264566607c5bd2d1e7e,uci291-1272,10.24432/C5VW2C
1600,0,0.1016,39.600000000000001,0.0014633199999999999,133.261,condition_1073adf43d1473ca52558b1ae965cdfcda7570da87bd4264566607c5bd2d1e7e,uci291-1273,10.24432/C5VW2C
2000,0,0.1016,39.600000000000001,0.0014633199999999999,133.251,condition_1073adf43d1473ca52558b1ae965cdfcda7570da87bd4264566607c5bd2d1e7e,uci291-1274,10.24432/C5VW2C
2500,0,0.1016,39.600000000000001,0.0014633199999999999,132.61099999999999,condition_1073adf43d1473ca52558b1ae965cdfcda7570da87bd4264566607c5bd2d1e7e,uci291-1275,10.24432/C5VW2C
3150,0,0.1016,39.600000000000001,0.0014633199999999999,130.96100000000001,condition_1073adf43d1473ca52558b1ae965cdfcda7570da87bd4264566607c5bd2d1e7e,uci291-1276,10.24432/C5VW2C
4000,0,0.1016,39.600000000000001,0.0014633199999999999,127.801,condition_1073adf43d1473ca52558b1ae965cdfcda7570da87bd4264566607c5bd2d1e7e,uci291-1277,10.24432/C5VW2C
5000,0,0.1016,39.600000000000001,0.0014633199999999999,126.021,condition_1073adf43d1473ca52558b1ae965cdfcda7570da87bd4264566607c5bd2d1e7e,uci291-1278,10.24432/C5VW2C
6300,0,0.1016,39.600000000000001,0.0014633199999999999,125.631,condition_1073adf43d1473ca52558b1ae965cdfcda7570da87bd4264566607c5bd2d1e7e,uci291-1279,10.24432/C5VW2C
8000,0,0.1016,39.600000000000001,0.0014633199999999999,122.34099999999999,condition_1073adf43d1473ca52558b1ae965cdfcda7570da87bd4264566607c5bd2d1e7e,uci291-1280,10.24432/C5VW2C
10000,0,0.1016,39.600000000000001,0.0014633199999999999,119.56100000000001,condition_1073adf43d1473ca52558b1ae965cdfcda7570da87bd4264566607c5bd2d1e7e,uci291-1281,10.24432/C5VW2C
630,0,0.1016,31.699999999999999,0.00150092,126.413,condition_2e22cd42857771081f0732bfa405f38c4ba3d9335ffbf9e59a775c6ec1511604,uci291-1282,10.24432/C5VW2C
800,0,0.1016,31.699999999999999,0.00150092,129.053,condition_2e22cd42857771081f0732bfa405f38c4ba3d9335ffbf9e59a775c6ec1511604,uci291-1283,10.24432/C5VW2C
1000,0,0.1016,31.699999999999999,0.00150092,131.31299999999999,condition_2e22cd42857771081f0732bfa405f38c4ba3d9335ffbf9e59a775c6ec1511604,uci291-1284,10.24432/C5VW2C
1250,0,0.1016,31.699999999999999,0.00150092,133.06299999999999,condition_2e22cd42857771081f0732bfa405f38c4ba3d9335ffbf9e59a775c6ec1511604,uci291-1285,10.24432/C5VW2C
1600,0,0.1016,31.699999999999999,0.00150092,133.553,condition_2e22cd42857771081f0732bfa405f38c4ba3d9335ffbf9e59a775c6ec1511604,uci291-1286,10.24432/C5VW2C
2000,0,0.1016,31.699999999999999,0.00150092,133.15299999999999,condition_2e22cd42857771081f0732bfa405f38c4ba3d9335ffbf9e59a775c6ec1511604,uci291-1287,10.24432/C5VW2C
2500,0,0.1016,31.699999999999999,0.00150092,132.00299999999999,condition_2e22cd42857771081f0732bfa405f38c4ba3d9335ffbf9e59a775c6ec1511604,uci291-1288,10.24432/C5VW2C
3150,0,0.1016,31.699999999999999,0.00150092,129.97300000000001,condition_2e22cd42857771081f0732bfa405f38c4ba3d9335ffbf9e59a775c6ec1511604,uci291-1289,10.24432/C5VW2C
4000,0,0.1016,31.699999999999999,0.00150092,126.93300000000001,condition_2e22cd42857771081f0732bfa405f38c4ba3d9335ffbf9e59a775c6ec1511604,uci291-1290,10.24432/C5VW2C
5000,0,0.1016,31.699999999999999,0.00150092,124.393,condition_2e22cd42857771081f0732bfa405f38c4ba3d9335ffbf9e59a775c6ec1511604,uci291-1291,10.24432/C5VW2C
6300,0,0.1016,31.699999999999999,0.00150092,124.253,condition_2e22cd42857771081f0732bfa405f38c4ba3d9335ffbf9e59a775c6ec1511604,uci291-1292,10.24432/C5VW2C
8000,0,0.1016,31.699999999999999,0.00150092,120.193,condition_2e22cd42857771081f0732bfa405f38c4ba3d9335ffbf9e59a775c6ec1511604,uci291-1293,10.24432/C5VW2C
10000,0,0.1016,31.699999999999999,0.00150092,115.893,condition_2e22cd42857771081f0732bfa405f38c4ba3d9335ffbf9e59a775c6ec1511604,uci291-1294,10.24432/C5VW2C
800,3.2999999999999998,0.1016,71.299999999999997,0.0020282199999999998,131.07400000000001,condition_dc70e7f970b2818232f4d34b744320ded2b76996626f1672ae101c72a04ee914,uci291-1295,10.24432/C5VW2C
1000,3.2999999999999998,0.1016,71.299999999999997,0.0020282199999999998,131.434,condition_dc70e7f970b2818232f4d34b744320ded2b76996626f1672ae101c72a04ee914,uci291-1296,10.24432/C5VW2C
1250,3.2999999999999998,0.1016,71.299999999999997,0.0020282199999999998,132.304,condition_dc70e7f970b2818232f4d34b744320ded2b76996626f1672ae101c72a04ee914,uci291-1297,10.24432/C5VW2C
1600,3.2999999999999998,0.1016,71.299999999999997,0.0020282199999999998,133.66399999999999,condition_dc70e7f970b2818232f4d34b744320ded2b76996626f1672ae101c72a04ee914,uci291-1298,10.24432/C5VW2C
2000,3.2999999999999998,0.1016,71.299999999999997,0.0020282199999999998,134.03399999999999,condition_dc70e7f970b2818232f4d34b744320ded2b76996626f1672ae101c72a04ee914,uci291-1299,10.24432/C5VW2C
2500,3.2999999999999998,0.1016,71.299999999999997,0.0020282199999999998,133.89400000000001,condition_dc70e7f970b2818232f4d34b744320ded2b76996626f1672ae101c72a04ee914,uci291-1300,10.24432/C5VW2C
3150,3.2999999999999998,0.1016,71.299999999999997,0.0020282199999999998,132.114,condition_dc70e7f970b2818232f4d34b744320ded2b76996626f1672ae101c72a04ee914,uci291-1301,10.24432/C5VW2C
4000,3.2999999999999998,0.1016,71.299999999999997,0.0020282199999999998,128.70400000000001,condition_dc70e7f970b2818232f4d34b744320ded2b76996626f1672ae101c72a04ee914,uci291-1302,10.24432/C5VW2C
5000,3.2999999999999998,0.1016,71.299999999999997,0.0020282199999999998,127.054,condition_dc70e7f970b2818232f4d34b744320ded2b76996626f1672ae101c72a04ee914,uci291-1303,10.24432/C5VW2C
6300,3.2999999999999998,0.1016,71.299999999999997,0.0020282199999999998,124.904,condition_dc70e7f970b2818232f4d34b744320ded2b76996626f1672ae101c72a04ee914,uci291-1304,10.24432/C5VW2C
8000,3.2999999999999998,0.1016,71.299999999999997,0.0020282199999999998,121.23399999999999,condition_dc70e7f970b2818232f4d34b744320ded2b76996626f1672ae101c72a04ee914,uci291-1305,10.24432/C5VW2C
10000,3.2999999999999998,0.1016,71.299999999999997,0.0020282199999999998,116.694,condition_dc70e7f970b2818232f4d34b744320ded2b76996626f1672ae101c72a04ee914,uci291-1306,10.24432/C5VW2C
630,3.2999999999999998,0.1016,55.5,0.0022109999999999999,126.599,condition_550f2e7e174844e3f488a767eb5c539aec9d47defe0275e6eb867108ae0e70f4,uci291-1307,10.24432/C5VW2C
800,3.2999999999999998,0.1016,55.5,0.0022109999999999999,129.119,condition_550f2e7e174844e3f488a767eb5c539aec9d47defe0275e6eb867108ae0e70f4,uci291-1308,10.24432/C5VW2C
1000,3.2999999999999998,0.1016,55.5,0.0022109999999999999,131.12899999999999,condition_550f2e7e174844e3f488a767eb5c539aec9d47defe0275e6eb867108ae0e70f4,uci291-1309,10.24432/C5VW2C
1250,3.2999999999999998,0.1016,55.5,0.0022109999999999999,132.76900000000001,condition_550f2e7e174844e3f488a767eb5c539aec9d47defe0275e6eb867108ae0e70f4,uci291-1310,10.24432/C5VW2C
1600,3.2999999999999998,0.1016,55.5,0.0022109999999999999,133.649,condition_550f2e7e174844e3f488a767eb5c539aec9d47defe0275e6eb867108ae0e70f4,uci291-1311,10.24432/C5VW2C
2000,3.2999999999999998,0.1016,55.5,0.0022109999999999999,133.649,condition_550f2e7e174844e3f488a767eb5c539aec9d47defe0275e6eb867108ae0e70f4,uci291-1312,10.24432/C5VW2C
2500,3.2999999999999998,0.1016,55.5,0.0022109999999999999,132.88900000000001,condition_550f2e7e174844e3f488a767eb5c539aec9d47defe0275e6eb867108ae0e70f4,uci291-1313,10.24432/C5VW2C
3150,3.2999999999999998,0.1016,55.5,0.0022109999999999999,130.62899999999999,condition_550f2e7e174844e3f488a767eb5c539aec9d47defe0275e6eb867108ae0e70f4,uci291-1314,10.24432/C5VW2C
4000,3.2999999999999998,0.1016,55.5,0.0022109999999999999,127.229,condition_550f2e7e174844e3f488a767eb5c539aec9d47defe0275e6eb867108ae0e70f4,uci291-1315,10.24432/C5VW2C
5000,3.2999999999999998,0.1016,55.5,0.0022109999999999999,124.839,condition_550f2e7e174844e3f488a767eb5c539aec9d47defe0275e6eb867108ae0e70f4,uci291-1316,10.24432/C5VW2C
6300,3.2999999999999998,0.1016,55.5,0.0022109999999999999,123.839,condition_550f2e7e174844e3f488a767eb5c539aec9d47defe0275e6eb867108ae0e70f4,uci291-1317,10.24432/C5VW2C
8000,3.2999999999999998,0.1016,55.5,0.0022109999999999999,120.569,condition_550f2e7e174844e3f488a767eb5c539aec9d47defe0275e6eb867108ae0e70f4,uci291-1318,10.24432/C5VW2C
10000,3.2999999999999998,0.1016,55.5,0.0022109999999999999,115.65900000000001,condition_550f2e7e174844e3f488a767eb5c539aec9d47defe0275e6eb867108ae0e70f4,uci291-1319,10.24432/C5VW2C
630,3.2999999999999998,0.1016,39.600000000000001,0.00245138,127.251,condition_74a4a7881d3778c863b4e7c2f65d1a5cdf5da903c24a1c66be082f2fe9c98c67,uci291-1320,10.24432/C5VW2C
800,3.2999999999999998,0.1016,39.600000000000001,0.00245138,129.99100000000001,condition_74a4a7881d3778c863b4e7c2f65d1a5cdf5da903c24a1c66be082f2fe9c98c67,uci291-1321,10.24432/C5VW2C
1000,3.2999999999999998,0.1016,39.600000000000001,0.00245138,131.971,condition_74a4a7881d3778c863b4e7c2f65d1a5cdf5da903c24a1c66be082f2fe9c98c67,uci291-1322,10.24432/C5VW2C
1250,3.2999999999999998,0.1016,39.600000000000001,0.00245138,133.21100000000001,condition_74a4a7881d3778c863b4e7c2f65d1a5cdf5da903c24a1c66be082f2fe9c98c67,uci291-1323,10.24432/C5VW2C
1600,3.2999999999999998,0.1016,39.600000000000001,0.00245138,133.071,condition_74a4a7881d3778c863b4e7c2f65d1a5cdf5da903c24a1c66be082f2fe9c98c67,uci291-1324,10.24432/C5VW2C
2000,3.2999999999999998,0.1016,39.600000000000001,0.00245138,132.30099999999999,condition_74a4a7881d3778c863b4e7c2f65d1a5cdf5da903c24a1c66be082f2fe9c98c67,uci291-1325,10.24432/C5VW2C
2500,3.2999999999999998,0.1016,39.600000000000001,0.00245138,130.791,condition_74a4a7881d3778c863b4e7c2f65d1a5cdf5da903c24a1c66be082f2fe9c98c67,uci291-1326,10.24432/C5VW2C
3150,3.2999999999999998,0.1016,39.600000000000001,0.00245138,128.40100000000001,condition_74a4a7881d3778c863b4e7c2f65d1a5cdf5da903c24a1c66be082f2fe9c98c67,uci291-1327,10.24432/C5VW2C
4000,3.2999999999999998,0.1016,39.600000000000001,0.00245138,124.881,condition_74a4a7881d3778c863b4e7c2f65d1a5cdf5da903c24a1c66be082f2fe9c98c67,uci291-1328,10.24432/C5VW2C
5000,3.2999999999999998,0.1016,39.600000000000001,0.00245138,122.371,condition_74a4a7881d3778c863b4e7c2f65d1a5cdf5da903c24a1c66be082f2fe9c98c67,uci291-1329,10.24432/C5VW2C
6300,3.2999999999999998,0.1016,39.600000000000001,0.00245138,120.851,condition_74a4a7881d3778c863b4e7c2f65d1a5cdf5da903c24a1c66be082f2fe9c98c67,uci291-1330,10.24432/C5VW2C
8000,3.2999999999999998,0.1016,39.600000000000001,0.00245138,118.09099999999999,condition_74a4a7881d3778c863b4e7c2f65d1a5cdf5da903c24a1c66be082f2fe9c98c67,uci291-1331,10.24432/C5VW2C
10000,3.2999999999999998,0.1016,39.600000000000001,0.00245138,115.321,condition_74a4a7881d3778c863b4e7c2f65d1a5cdf5da903c24a1c66be082f2fe9c98c67,uci291-1332,10.24432/C5VW2C
630,3.2999999999999998,0.1016,31.699999999999999,0.0025143499999999998,128.952,condition_fe6140f4b449b1a0991120ec9827632a73e8ee7d23c7a661824c17486c6a25b8,uci291-1333,10.24432/C5VW2C
800,3.2999999999999998,0.1016,31.699999999999999,0.0025143499999999998,131.36199999999999,condition_fe6140f4b449b1a0991120ec9827632a73e8ee7d23c7a661824c17486c6a25b8,uci291-1334,10.24432/C5VW2C
1000,3.2999999999999998,0.1016,31.699999999999999,0.0025143499999999998,133.012,condition_fe6140f4b449b1a0991120ec9827632a73e8ee7d23c7a661824c17486c6a25b8,uci291-1335,10.24432/C5VW2C
1250,3.2999999999999998,0.1016,31.699999999999999,0.0025143499999999998,134.02199999999999,condition_fe6140f4b449b1a0991120ec9827632a73e8ee7d23c7a661824c17486c6a25b8,uci291-1336,10.24432/C5VW2C
1600,3.2999999999999998,0.1016,31.699999999999999,0.0025143499999999998,133.40199999999999,condition_fe6140f4b449b1a0991120ec9827632a73e8ee7d23c7a661824c17486c6a25b8,uci291-1337,10.24432/C5VW2C
2000,3.2999999999999998,0.1016,31.699999999999999,0.0025143499999999998,131.642,condition_fe6140f4b449b1a0991120ec9827632a73e8ee7d23c7a661824c17486c6a25b8,uci291-1338,10.24432/C5VW2C
2500,3.2999999999999998,0.1016,31.699999999999999,0.0025143499999999998,130.392,condition_fe6140f4b449b1a0991120ec9827632a73e8ee7d23c7a661824c17486c6a25b8,uci291-1339,10.24432/C5VW2C
3150,3.2999999999999998,0.1016,31.699999999999999,0.0025143499999999998,128.25200000000001,condition_fe6140f4b449b1a0991120ec9827632a73e8ee7d23c7a661824c17486c6a25b8,uci291-1340,10.24432/C5VW2C
4000,3.2999999999999998,0.1016,31.699999999999999,0.0025143499999999998,124.852,condition_fe6140f4b449b1a0991120ec9827632a73e8ee7d23c7a661824c17486c6a25b8,uci291-1341,10.24432/C5VW2C
5000,3.2999999999999998,0.1016,31.699999999999999,0.0025143499999999998,122.08199999999999,condition_fe6140f4b449b1a0991120ec9827632a73e8ee7d23c7a661824c17486c6a25b8,uci291-1342,10.24432/C5VW2C
6300,3.2999999999999998,0.1016,31.699999999999999,0.0025143499999999998,120.702,condition_fe6140f4b449b1a0991120ec9827632a73e8ee7d23c7a661824c17486c6a25b8,uci291-1343,10.24432/C5VW2C
8000,3.2999999999999998,0.1016,31.699999999999999,0.0025143499999999998,117.432,condition_fe6140f4b449b1a0991120ec9827632a73e8ee7d23c7a661824c17486c6a25b8,uci291-1344,10.24432/C5VW2C
630,6.7000000000000002,0.1016,71.299999999999997,0.0047828799999999998,131.44800000000001,condition_21155e8ee8efb38eb6f68e685db006dedd0af0b46259928146e78f9296f57651,uci291-1345,10.24432/C5VW2C
800,6.7000000000000002,0.1016,71.299999999999997,0.0047828799999999998,134.47800000000001,condition_21155e8ee8efb38eb6f68e685db006dedd0af0b46259928146e78f9296f57651,uci291-1346,10.24432/C5VW2C
1000,6.7000000000000002,0.1016,71.299999999999997,0.0047828799999999998,136.75800000000001,condition_21155e8ee8efb38eb6f68e685db006dedd0af0b46259928146e78f9296f57651,uci291-1347,10.24432/C5VW2C
1250,6.7000000000000002,0.1016,71.299999999999997,0.0047828799999999998,137.65799999999999,condition_21155e8ee8efb38eb6f68e685db006dedd0af0b46259928146e78f9296f57651,uci291-1348,10.24432/C5VW2C
1600,6.7000000000000002,0.1016,71.299999999999997,0.0047828799999999998,136.678,condition_21155e8ee8efb38eb6f68e685db006dedd0af0b46259928146e78f9296f57651,uci291-1349,10.24432/C5VW2C
2000,6.7000000000000002,0.1016,71.299999999999997,0.0047828799999999998,134.56800000000001,condition_21155e8ee8efb38eb6f68e685db006dedd0af0b46259928146e78f9296f57651,uci291-1350,10.24432/C5VW2C
2500,6.7000000000000002,0.1016,71.299999999999997,0.0047828799999999998,131.458,condition_21155e8ee8efb38eb6f68e685db006dedd0af0b46259928146e78f9296f57651,uci291-1351,10.24432/C5VW2C
3150,6.7000000000000002,0.1016,71.299999999999997,0.0047828799999999998,124.458,condition_21155e8ee8efb38eb6f68e685db006dedd0af0b46259928146e78f9296f57651,uci291-1352,10.24432/C5VW2C
500,6.7000000000000002,0.1016,55.5,0.0052138999999999996,129.34299999999999,condition_665ce42c283e48885bf8a11372048820ab9052f1de58afdfcdc86a9179ed1539,uci291-1353,10.24432/C5VW2C
630,6.7000000000000002,0.1016,55.5,0.0052138999999999996,133.023,condition_665ce42c283e48885bf8a11372048820ab9052f1de58afdfcdc86a9179ed1539,uci291-1354,10.24432/C5VW2C
800,6.7000000000000002,0.1016,55.5,0.0052138999999999996,135.953,condition_665ce42c283e48885bf8a11372048820ab9052f1de58afdfcdc86a9179ed1539,uci291-1355,10.24432/C5VW2C
1000,6.7000000000000002,0.1016,55.5,0.0052138999999999996,137.233,condition_665ce42c283e48885bf8a11372048820ab9052f1de58afdfcdc86a9179ed1539,uci291-1356,10.24432/C5VW2C
1250,6.7000000000000002,0.1016,55.5,0.0052138999999999996,136.88300000000001,condition_665ce42c283e48885bf8a11372048820ab9052f1de58afdfcdc86a9179ed1539,uci291-1357,10.24432/C5VW2C
1600,6.7000000000000002,0.1016,55.5,0.0052138999999999996,133.65299999999999,condition_665ce42c283e48885bf8a11372048820ab9052f1de58afdfcdc86a9179ed1539,uci291-1358,10.24432/C5VW2C
2000,6.7000000000000002,0.1016,55.5,0.0052138999999999996,129.65299999999999,condition_665ce42c283e48885bf8a11372048820ab9052f1de58afdfcdc86a9179ed1539,uci291-1359,10.24432/C5VW2C
2500,6.7000000000000002,0.1016,55.5,0.0052138999999999996,124.273,condition_665ce42c283e48885bf8a11372048820ab9052f1de58afdfcdc86a9179ed1539,uci291-1360,10.24432/C5VW2C
400,6.7000000000000002,0.1016,39.600000000000001,0.0057807600000000002,128.29499999999999,condition_4bd767aea5fe449b405945eed13f5c10e15feb79f3a4d8bc97bebe6b3377a7e2,uci291-1361,10.24432/C5VW2C
500,6.7000000000000002,0.1016,39.600000000000001,0.0057807600000000002,130.95500000000001,condition_4bd767aea5fe449b405945eed13f5c10e15feb79f3a4d8bc97bebe6b3377a7e2,uci291-1362,10.24432/C5VW2C
630,6.7000000000000002,0.1016,39.600000000000001,0.0057807600000000002,133.35499999999999,condition_4bd767aea5fe449b405945eed13f5c10e15feb79f3a4d8bc97bebe6b3377a7e2,uci291-1363,10.24432/C5VW2C
800,6.7000000000000002,0.1016,39.600000000000001,0.0057807600000000002,134.625,condition_4bd767aea5fe449b405945eed13f5c10e15feb79f3a4d8bc97bebe6b3377a7e2,uci291-1364,10.24432/C5VW2C
1000,6.7000000000000002,0.1016,39.600000000000001,0.0057807600000000002,134.51499999999999,condition_4bd767aea5fe449b405945eed13f5c10e15feb79f3a4d8bc97bebe6b3377a7e2,uci291-1365,10.24432/C5VW2C
1250,6.7000000000000002,0.1016,39.600000000000001,0.0057807600000000002,132.39500000000001,condition_4bd767aea5fe449b405945eed13f5c10e15feb79f3a4d8bc97bebe6b3377a7e2,uci291-1366,10.24432/C5VW2C
1600,6.7000000000000002,0.1016,39.600000000000001,0.0057807600000000002,127.375,condition_4bd767aea5fe449b405945eed13f5c10e15feb79f3a4d8bc97bebe6b3377a7e2,uci291-1367,10.24432/C5VW2C
2000,6.7000000000000002,0.1016,39.600000000000001,0.0057807600000000002,122.235,condition_4bd767aea5fe449b405945eed13f5c10e15feb79f3a4d8bc97bebe6b3377a7e2,uci291-1368,10.24432/C5VW2C
315,6.7000000000000002,0.1016,31.699999999999999,0.0059292700000000004,126.26600000000001,condition_284f23c6bcc31ecb746a103c9e1a26a20d76f497e7f1419c1880e7d3caca3562,uci291-1369,10.24432/C5VW2C
400,6.7000000000000002,0.1016,31.699999999999999,0.0059292700000000004,128.29599999999999,condition_284f23c6bcc31ecb746a103c9e1a26a20d76f497e7f1419c1880e7d3caca3562,uci291-1370,10.24432/C5VW2C
500,6.7000000000000002,0.1016,31.699999999999999,0.0059292700000000004,130.20599999999999,condition_284f23c6bcc31ecb746a103c9e1a26a20d76f497e7f1419c1880e7d3caca3562,uci291-1371,10.24432/C5VW2C
630,6.7000000000000002,0.1016,31.699999999999999,0.0059292700000000004,132.11600000000001,condition_284f23c6bcc31ecb746a103c9e1a26a20d76f497e7f1419c1880e7d3caca3562,uci291-1372,10.24432/C5VW2C
800,6.7000000000000002,0.1016,31.699999999999999,0.0059292700000000004,132.886,condition_284f23c6bcc31ecb746a103c9e1a26a20d76f497e7f1419c1880e7d3caca3562,uci291-1373,10.24432/C5VW2C
1000,6.7000000000000002,0.1016,31.699999999999999,0.0059292700000000004,131.636,condition_284f23c6bcc31ecb746a103c9e1a26a20d76f497e7f1419c1880e7d3caca3562,uci291-1374,10.24432/C5VW2C
1250,6.7000000000000002,0.1016,31.699999999999999,0.0059292700000000004,129.256,condition_284f23c6bcc31ecb746a103c9e1a26a20d76f497e7f1419c1880e7d3caca3562,uci291-1375,10.24432/C5VW2C
1600,6.7000000000000002,0.1016,31.699999999999999,0.0059292700000000004,124.346,condition_284f23c6bcc31ecb746a103c9e1a26a20d76f497e7f1419c1880e7d3caca3562,uci291-1376,10.24432/C5VW2C
2000,6.7000000000000002,0.1016,31.699999999999999,0.0059292700000000004,120.446,condition_284f23c6bcc31ecb746a103c9e1a26a20d76f497e7f1419c1880e7d3caca3562,uci291-1377,10.24432/C5VW2C
200,8.9000000000000004,0.1016,71.299999999999997,0.0103088,133.50299999999999,condition_7873c78b0496b69926051e789702f018f69a6e6c626cddb9142588c0396af006,uci291-1378,10.24432/C5VW2C
250,8.9000000000000004,0.1016,71.299999999999997,0.0103088,134.53299999999999,condition_7873c78b0496b69926051e789702f018f69a6e6c626cddb9142588c0396af006,uci291-1379,10.24432/C5VW2C
315,8.9000000000000004,0.1016,71.299999999999997,0.0103088,136.583,condition_7873c78b0496b69926051e789702f018f69a6e6c626cddb9142588c0396af006,uci291-1380,10.24432/C5VW2C
400,8.9000000000000004,0.1016,71.299999999999997,0.0103088,138.12299999999999,condition_7873c78b0496b69926051e789702f018f69a6e6c626cddb9142588c0396af006,uci291-1381,10.24432/C5VW2C
500,8.9000000000000004,0.1016,71.299999999999997,0.0103088,138.523,condition_7873c78b0496b69926051e789702f018f69a6e6c626cddb9142588c0396af006,uci291-1382,10.24432/C5VW2C
630,8.9000000000000004,0.1016,71.299999999999997,0.0103088,138.423,condition_7873c78b0496b69926051e789702f018f69a6e6c626cddb9142588c0396af006,uci291-1383,10.24432/C5VW2C
800,8.9000000000000004,0.1016,71.299999999999997,0.0103088,137.81299999999999,condition_7873c78b0496b69926051e789702f018f69a6e6c626cddb9142588c0396af006,uci291-1384,10.24432/C5VW2C
1000,8.9000000000000004,0.1016,71.299999999999997,0.0103088,135.43299999999999,condition_7873c78b0496b69926051e789702f018f69a6e6c626cddb9142588c0396af006,uci291-1385,10.24432/C5VW2C
1250,8.9000000000000004,0.1016,71.299999999999997,0.0103088,132.79300000000001,condition_7873c78b0496b69926051e789702f018f69a6e6c626cddb9142588c0396af006,uci291-1386,10.24432/C5VW2C
1600,8.9000000000000004,0.1016,71.299999999999997,0.0103088,128.76300000000001,condition_7873c78b0496b69926051e789702f018f69a6e6c626cddb9142588c0396af006,uci291-1387,10.24432/C5VW2C
2000,8.9000000000000004,0.1016,71.299999999999997,0.0103088,124.233,condition_7873c78b0496b69926051e789702f018f69a6e6c626cddb9142588c0396af006,uci291-1388,10.24432/C5VW2C
2500,8.9000000000000004,0.1016,71.299999999999997,0.0103088,123.623,condition_7873c78b0496b69926051e789702f018f69a6e6c626cddb9142588c0396af006,uci291-1389,10.24432/C5VW2C
3150,8.9000000000000004,0.1016,71.299999999999997,0.0103088,123.26300000000001,condition_7873c78b0496b69926051e789702f018f69a6e6c626cddb9142588c0396af006,uci291-1390,10.24432/C5VW2C
4000,8.9000000000000004,0.1016,71.299999999999997,0.0103088,120.24299999999999,condition_7873c78b0496b69926051e789702f018f69a6e6c626cddb9142588c0396af006,uci291-1391,10.24432/C5VW2C
5000,8.9000000000000004,0.1016,71.299999999999997,0.0103088,116.723,condition_7873c78b0496b69926051e789702f018f69a6e6c626cddb9142588c0396af006,uci291-1392,10.24432/C5VW2C
6300,8.9000000000000004,0.1016,71.299999999999997,0.0103088,117.253,condition_7873c78b0496b69926051e789702f018f69a6e6c626cddb9142588c0396af006,uci291-1393,10.24432/C5VW2C
200,8.9000000000000004,0.1016,39.600000000000001,0.012459599999999999,133.41999999999999,condition_8f633f147e74c1d8973f877c51cd0c53233e1382079a8f44da50024e89406029,uci291-1394,10.24432/C5VW2C
250,8.9000000000000004,0.1016,39.600000000000001,0.012459599999999999,134.34,condition_8f633f147e74c1d8973f877c51cd0c53233e1382079a8f44da50024e89406029,uci291-1395,10.24432/C5VW2C
315,8.9000000000000004,0.1016,39.600000000000001,0.012459599999999999,135.38,condition_8f633f147e74c1d8973f877c51cd0c53233e1382079a8f44da50024e89406029,uci291-1396,10.24432/C5VW2C
400,8.9000000000000004,0.1016,39.600000000000001,0.012459599999999999,135.53999999999999,condition_8f633f147e74c1d8973f877c51cd0c53233e1382079a8f44da50024e89406029,uci291-1397,10.24432/C5VW2C
500,8.9000000000000004,0.1016,39.600000000000001,0.012459599999999999,133.78999999999999,condition_8f633f147e74c1d8973f877c51cd0c53233e1382079a8f44da50024e89406029,uci291-1398,10.24432/C5VW2C
630,8.9000000000000004,0.1016,39.600000000000001,0.012459599999999999,131.91999999999999,condition_8f633f147e74c1d8973f877c51cd0c53233e1382079a8f44da50024e89406029,uci291-1399,10.24432/C5VW2C
800,8.9000000000000004,0.1016,39.600000000000001,0.012459599999999999,130.94,condition_8f633f147e74c1d8973f877c51cd0c53233e1382079a8f44da50024e89406029,uci291-1400,10.24432/C5VW2C
1000,8.9000000000000004,0.1016,39.600000000000001,0.012459599999999999,129.58000000000001,condition_8f633f147e74c1d8973f877c51cd0c53233e1382079a8f44da50024e89406029,uci291-1401,10.24432/C5VW2C
1250,8.9000000000000004,0.1016,39.600000000000001,0.012459599999999999,127.70999999999999,condition_8f633f147e74c1d8973f877c51cd0c53233e1382079a8f44da50024e89406029,uci291-1402,10.24432/C5VW2C
1600,8.9000000000000004,0.1016,39.600000000000001,0.012459599999999999,123.81999999999999,condition_8f633f147e74c1d8973f877c51cd0c53233e1382079a8f44da50024e89406029,uci291-1403,10.24432/C5VW2C
2000,8.9000000000000004,0.1016,39.600000000000001,0.012459599999999999,119.04000000000001,condition_8f633f147e74c1d8973f877c51cd0c53233e1382079a8f44da50024e89406029,uci291-1404,10.24432/C5VW2C
2500,8.9000000000000004,0.1016,39.600000000000001,0.012459599999999999,119.19,condition_8f633f147e74c1d8973f877c51cd0c53233e1382079a8f44da50024e89406029,uci291-1405,10.24432/C5VW2C
3150,8.9000000000000004,0.1016,39.600000000000001,0.012459599999999999,119.34999999999999,condition_8f633f147e74c1d8973f877c51cd0c53233e1382079a8f44da50024e89406029,uci291-1406,10.24432/C5VW2C
4000,8.9000000000000004,0.1016,39.600000000000001,0.012459599999999999,116.22,condition_8f633f147e74c1d8973f877c51cd0c53233e1382079a8f44da50024e89406029,uci291-1407,10.24432/C5VW2C
5000,8.9000000000000004,0.1016,39.600000000000001,0.012459599999999999,113.08,condition_8f633f147e74c1d8973f877c51cd0c53233e1382079a8f44da50024e89406029,uci291-1408,10.24432/C5VW2C
6300,8.9000000000000004,0.1016,39.600000000000001,0.012459599999999999,113.11,condition_8f633f147e74c1d8973f877c51cd0c53233e1382079a8f44da50024e89406029,uci291-1409,10.24432/C5VW2C
200,12.300000000000001,0.1016,71.299999999999997,0.033779200000000002,130.58799999999999,condition_8b7143958b95370fa5adca572e742ba6130eec6e6092f748978562e51265cbcd,uci291-1410,10.24432/C5VW2C
250,12.300000000000001,0.1016,71.299999999999997,0.033779200000000002,131.56800000000001,condition_8b7143958b95370fa5adca572e742ba6130eec6e6092f748978562e51265cbcd,uci291-1411,10.24432/C5VW2C
315,12.300000000000001,0.1016,71.299999999999997,0.033779200000000002,137.06800000000001,condition_8b7143958b95370fa5adca572e742ba6130eec6e6092f748978562e51265cbcd,uci291-1412,10.24432/C5VW2C
400,12.300000000000001,0.1016,71.299999999999997,0.033779200000000002,139.428,condition_8b7143958b95370fa5adca572e742ba6130eec6e6092f748978562e51265cbcd,uci291-1413,10.24432/C5VW2C
500,12.300000000000001,0.1016,71.299999999999997,0.033779200000000002,140.15799999999999,condition_8b7143958b95370fa5adca572e742ba6130eec6e6092f748978562e51265cbcd,uci291-1414,10.24432/C5VW2C
630,12.300000000000001,0.1016,71.299999999999997,0.033779200000000002,135.36799999999999,condition_8b7143958b95370fa5adca572e742ba6130eec6e6092f748978562e51265cbcd,uci291-1415,10.24432/C5VW2C
800,12.300000000000001,0.1016,71.299999999999997,0.033779200000000002,127.318,condition_8b7143958b95370fa5adca572e742ba6130eec6e6092f748978562e51265cbcd,uci291-1416,10.24432/C5VW2C
1000,12.300000000000001,0.1016,71.299999999999997,0.033779200000000002,127.928,condition_8b7143958b95370fa5adca572e742ba6130eec6e6092f748978562e51265cbcd,uci291-1417,10.24432/C5VW2C
1250,12.300000000000001,0.1016,71.299999999999997,0.033779200000000002,126.648,condition_8b7143958b95370fa5adca572e742ba6130eec6e6092f748978562e51265cbcd,uci291-1418,10.24432/C5VW2C
1600,12.300000000000001,0.1016,71.299999999999997,0.033779200000000002,124.748,condition_8b7143958b95370fa5adca572e742ba6130eec6e6092f748978562e51265cbcd,uci291-1419,10.24432/C5VW2C
2000,12.300000000000001,0.1016,71.299999999999997,0.033779200000000002,122.218,condition_8b7143958b95370fa5adca572e742ba6130eec6e6092f748978562e51265cbcd,uci291-1420,10.24432/C5VW2C
2500,12.300000000000001,0.1016,71.299999999999997,0.033779200000000002,121.318,condition_8b7143958b95370fa5adca572e742ba6130eec6e6092f748978562e51265cbcd,uci291-1421,10.24432/C5VW2C
3150,12.300000000000001,0.1016,71.299999999999997,0.033779200000000002,120.798,condition_8b7143958b95370fa5adca572e742ba6130eec6e6092f748978562e51265cbcd,uci291-1422,10.24432/C5VW2C
4000,12.300000000000001,0.1016,71.299999999999997,0.033779200000000002,118.018,condition_8b7143958b95370fa5adca572e742ba6130eec6e6092f748978562e51265cbcd,uci291-1423,10.24432/C5VW2C
5000,12.300000000000001,0.1016,71.299999999999997,0.033779200000000002,116.108,condition_8b7143958b95370fa5adca572e742ba6130eec6e6092f748978562e51265cbcd,uci291-1424,10.24432/C5VW2C
6300,12.300000000000001,0.1016,71.299999999999997,0.033779200000000002,113.958,condition_8b7143958b95370fa5adca572e742ba6130eec6e6092f748978562e51265cbcd,uci291-1425,10.24432/C5VW2C
200,12.300000000000001,0.1016,55.5,0.036823300000000003,132.304,condition_2dbeb48f330f6a1dbba6b5c2018aa4e50ab405cd0d7648fa613f1f38cfef7ef5,uci291-1426,10.24432/C5VW2C
250,12.300000000000001,0.1016,55.5,0.036823300000000003,133.29400000000001,condition_2dbeb48f330f6a1dbba6b5c2018aa4e50ab405cd0d7648fa613f1f38cfef7ef5,uci291-1427,10.24432/C5VW2C
315,12.300000000000001,0.1016,55.5,0.036823300000000003,135.67400000000001,condition_2dbeb48f330f6a1dbba6b5c2018aa4e50ab405cd0d7648fa613f1f38cfef7ef5,uci291-1428,10.24432/C5VW2C
400,12.300000000000001,0.1016,55.5,0.036823300000000003,136.41399999999999,condition_2dbeb48f330f6a1dbba6b5c2018aa4e50ab405cd0d7648fa613f1f38cfef7ef5,uci291-1429,10.24432/C5VW2C
500,12.300000000000001,0.1016,55.5,0.036823300000000003,133.774,condition_2dbeb48f330f6a1dbba6b5c2018aa4e50ab405cd0d7648fa613f1f38cfef7ef5,uci291-1430,10.24432/C5VW2C
630,12.300000000000001,0.1016,55.5,0.036823300000000003,124.244,condition_2dbeb48f330f6a1dbba6b5c2018aa4e50ab405cd0d7648fa613f1f38cfef7ef5,uci291-1431,10.24432/C5VW2C
800,12.300000000000001,0.1016,55.5,0.036823300000000003,125.114,condition_2dbeb48f330f6a1dbba6b5c2018aa4e50ab405cd0d7648fa613f1f38cfef7ef5,uci291-1432,10.24432/C5VW2C
1000,12.300000000000001,0.1016,55.5,0.036823300000000003,125.48399999999999,condition_2dbeb48f330f6a1dbba6b5c2018aa4e50ab405cd0d7648fa613f1f38cfef7ef5,uci291-1433,10.24432/C5VW2C
1250,12.300000000000001,0.1016,55.5,0.036823300000000003,124.214,condition_2dbeb48f330f6a1dbba6b5c2018aa4e50ab405cd0d7648fa613f1f38cfef7ef5,uci291-1434,10.24432/C5VW2C
1600,12.300000000000001,0.1016,55.5,0.036823300000000003,121.824,condition_2dbeb48f330f6a1dbba6b5c2018aa4e50ab405cd0d7648fa613f1f38cfef7ef5,uci291-1435,10.24432/C5VW2C
2000,12.300000000000001,0.1016,55.5,0.036823300000000003,118.56399999999999,condition_2dbeb48f330f6a1dbba6b5c2018aa4e50ab405cd0d7648fa613f1f38cfef7ef5,uci291-1436,10.24432/C5VW2C
2500,12.300000000000001,0.1016,55.5,0.036823300000000003,117.054,condition_2dbeb48f330f6a1dbba6b5c2018aa4e50ab405cd0d7648fa613f1f38cfef7ef5,uci291-1437,10.24432/C5VW2C
3150,12.300000000000001,0.1016,55.5,0.036823300000000003,116.914,condition_2dbeb48f330f6a1dbba6b5c2018aa4e50ab405cd0d7648fa613f1f38cfef7ef5,uci291-1438,10.24432/C5VW2C
4000,12.300000000000001,0.1016,55.5,0.036823300000000003,114.404,condition_2dbeb48f330f6a1dbba6b5c2018aa4e50ab405cd0d7648fa613f1f38cfef7ef5,uci291-1439,10.24432/C5VW2C
5000,12.300000000000001,0.1016,55.5,0.036823300000000003,112.014,condition_2dbeb48f330f6a1dbba6b5c2018aa4e50ab405cd0d7648fa613f1f38cfef7ef5,uci291-1440,10.24432/C5VW2C
6300,12.300000000000001,0.1016,55.5,0.036823300000000003,110.124,condition_2dbeb48f330f6a1dbba6b5c2018aa4e50ab405cd0d7648fa613f1f38cfef7ef5,uci291-1441,10.24432/C5VW2C
200,12.300000000000001,0.1016,39.600000000000001,0.040826800000000003,128.54499999999999,condition_0e6c7349709f28af13842ba47105ba666304b8aa5a8c6aa86960e5c74761bf82,uci291-1442,10.24432/C5VW2C
250,12.300000000000001,0.1016,39.600000000000001,0.040826800000000003,129.67500000000001,condition_0e6c7349709f28af13842ba47105ba666304b8aa5a8c6aa86960e5c74761bf82,uci291-1443,10.24432/C5VW2C
315,12.300000000000001,0.1016,39.600000000000001,0.040826800000000003,129.41499999999999,condition_0e6c7349709f28af13842ba47105ba666304b8aa5a8c6aa86960e5c74761bf82,uci291-1444,10.24432/C5VW2C
400,12.300000000000001,0.1016,39.600000000000001,0.040826800000000003,128.26499999999999,condition_0e6c7349709f28af13842ba47105ba666304b8aa5a8c6aa86960e5c74761bf82,uci291-1445,10.24432/C5VW2C
500,12.300000000000001,0.1016,39.600000000000001,0.040826800000000003,122.205,condition_0e6c7349709f28af13842ba47105ba666304b8aa5a8c6aa86960e5c74761bf82,uci291-1446,10.24432/C5VW2C
630,12.300000000000001,0.1016,39.600000000000001,0.040826800000000003,121.315,condition_0e6c7349709f28af13842ba47105ba666304b8aa5a8c6aa86960e5c74761bf82,uci291-1447,10.24432/C5VW2C
800,12.300000000000001,0.1016,39.600000000000001,0.040826800000000003,122.315,condition_0e6c7349709f28af13842ba47105ba666304b8aa5a8c6aa86960e5c74761bf82,uci291-1448,10.24432/C5VW2C
1000,12.300000000000001,0.1016,39.600000000000001,0.040826800000000003,122.435,condition_0e6c7349709f28af13842ba47105ba666304b8aa5a8c6aa86960e5c74761bf82,uci291-1449,10.24432/C5VW2C
1250,12.300000000000001,0.1016,39.600000000000001,0.040826800000000003,121.16500000000001,condition_0e6c7349709f28af13842ba47105ba666304b8aa5a8c6aa86960e5c74761bf82,uci291-1450,10.24432/C5VW2C
1600,12.300000000000001,0.1016,39.600000000000001,0.040826800000000003,117.875,condition_0e6c7349709f28af13842ba47105ba666304b8aa5a8c6aa86960e5c74761bf82,uci291-1451,10.24432/C5VW2C
2000,12.300000000000001,0.1016,39.600000000000001,0.040826800000000003,114.08499999999999,condition_0e6c7349709f28af13842ba47105ba666304b8aa5a8c6aa86960e5c74761bf82,uci291-1452,10.24432/C5VW2C
2500,12.300000000000001,0.1016,39.600000000000001,0.040826800000000003,113.315,condition_0e6c7349709f28af13842ba47105ba666304b8aa5a8c6aa86960e5c74761bf82,uci291-1453,10.24432/C5VW2C
3150,12.300000000000001,0.1016,39.600000000000001,0.040826800000000003,113.05500000000001,condition_0e6c7349709f28af13842ba47105ba666304b8aa5a8c6aa86960e5c74761bf82,uci291-1454,10.24432/C5VW2C
4000,12.300000000000001,0.1016,39.600000000000001,0.040826800000000003,110.905,condition_0e6c7349709f28af13842ba47105ba666304b8aa5a8c6aa86960e5c74761bf82,uci291-1455,10.24432/C5VW2C
5000,12.300000000000001,0.1016,39.600000000000001,0.040826800000000003,108.625,condition_0e6c7349709f28af13842ba47105ba666304b8aa5a8c6aa86960e5c74761bf82,uci291-1456,10.24432/C5VW2C
6300,12.300000000000001,0.1016,39.600000000000001,0.040826800000000003,107.985,condition_0e6c7349709f28af13842ba47105ba666304b8aa5a8c6aa86960e5c74761bf82,uci291-1457,10.24432/C5VW2C
200,12.300000000000001,0.1016,31.699999999999999,0.041875599999999999,124.98699999999999,condition_def2c5a68cfbfa15da79f752a755884e0c098720332555d85f7f42cda4691db4,uci291-1458,10.24432/C5VW2C
250,12.300000000000001,0.1016,31.699999999999999,0.041875599999999999,125.857,condition_def2c5a68cfbfa15da79f752a755884e0c098720332555d85f7f42cda4691db4,uci291-1459,10.24432/C5VW2C
315,12.300000000000001,0.1016,31.699999999999999,0.041875599999999999,124.717,condition_def2c5a68cfbfa15da79f752a755884e0c098720332555d85f7f42cda4691db4,uci291-1460,10.24432/C5VW2C
400,12.300000000000001,0.1016,31.699999999999999,0.041875599999999999,123.20699999999999,condition_def2c5a68cfbfa15da79f752a755884e0c098720332555d85f7f42cda4691db4,uci291-1461,10.24432/C5VW2C
500,12.300000000000001,0.1016,31.699999999999999,0.041875599999999999,118.667,condition_def2c5a68cfbfa15da79f752a755884e0c098720332555d85f7f42cda4691db4,uci291-1462,10.24432/C5VW2C
630,12.300000000000001,0.1016,31.699999999999999,0.041875599999999999,119.28700000000001,condition_def2c5a68cfbfa15da79f752a755884e0c098720332555d85f7f42cda4691db4,uci291-1463,10.24432/C5VW2C
800,12.300000000000001,0.1016,31.699999999999999,0.041875599999999999,120.03700000000001,condition_def2c5a68cfbfa15da79f752a755884e0c098720332555d85f7f42cda4691db4,uci291-1464,10.24432/C5VW2C
1000,12.300000000000001,0.1016,31.699999999999999,0.041875599999999999,119.777,condition_def2c5a68cfbfa15da79f752a755884e0c098720332555d85f7f42cda4691db4,uci291-1465,10.24432/C5VW2C
1250,12.300000000000001,0.1016,31.699999999999999,0.041875599999999999,118.767,condition_def2c5a68cfbfa15da79f752a755884e0c098720332555d85f7f42cda4691db4,uci291-1466,10.24432/C5VW2C
1600,12.300000000000001,0.1016,31.699999999999999,0.041875599999999999,114.477,condition_def2c5a68cfbfa15da79f752a755884e0c098720332555d85f7f42cda4691db4,uci291-1467,10.24432/C5VW2C
2000,12.300000000000001,0.1016,31.699999999999999,0.041875599999999999,110.447,condition_def2c5a68cfbfa15da79f752a755884e0c098720332555d85f7f42cda4691db4,uci291-1468,10.24432/C5VW2C
2500,12.300000000000001,0.1016,31.699999999999999,0.041875599999999999,110.31699999999999,condition_def2c5a68cfbfa15da79f752a755884e0c098720332555d85f7f42cda4691db4,uci291-1469,10.24432/C5VW2C
3150,12.300000000000001,0.1016,31.699999999999999,0.041875599999999999,110.307,condition_def2c5a68cfbfa15da79f752a755884e0c098720332555d85f7f42cda4691db4,uci291-1470,10.24432/C5VW2C
4000,12.300000000000001,0.1016,31.699999999999999,0.041875599999999999,108.407,condition_def2c5a68cfbfa15da79f752a755884e0c098720332555d85f7f42cda4691db4,uci291-1471,10.24432/C5VW2C
5000,12.300000000000001,0.1016,31.699999999999999,0.041875599999999999,107.14700000000001,condition_def2c5a68cfbfa15da79f752a755884e0c098720332555d85f7f42cda4691db4,uci291-1472,10.24432/C5VW2C
6300,12.300000000000001,0.1016,31.699999999999999,0.041875599999999999,107.267,condition_def2c5a68cfbfa15da79f752a755884e0c098720332555d85f7f42cda4691db4,uci291-1473,10.24432/C5VW2C
200,15.6,0.1016,71.299999999999997,0.043725899999999998,130.898,condition_b7df08f852c65863ed220d9cb8f7d01fe2114a53e67fcd5363dd1f7fc900c085,uci291-1474,10.24432/C5VW2C
250,15.6,0.1016,71.299999999999997,0.043725899999999998,132.15799999999999,condition_b7df08f852c65863ed220d9cb8f7d01fe2114a53e67fcd5363dd1f7fc900c085,uci291-1475,10.24432/C5VW2C
315,15.6,0.1016,71.299999999999997,0.043725899999999998,133.80799999999999,condition_b7df08f852c65863ed220d9cb8f7d01fe2114a53e67fcd5363dd1f7fc900c085,uci291-1476,10.24432/C5VW2C
400,15.6,0.1016,71.299999999999997,0.043725899999999998,134.05799999999999,condition_b7df08f852c65863ed220d9cb8f7d01fe2114a53e67fcd5363dd1f7fc900c085,uci291-1477,10.24432/C5VW2C
500,15.6,0.1016,71.299999999999997,0.043725899999999998,130.63800000000001,condition_b7df08f852c65863ed220d9cb8f7d01fe2114a53e67fcd5363dd1f7fc900c085,uci291-1478,10.24432/C5VW2C
630,15.6,0.1016,71.299999999999997,0.043725899999999998,122.288,condition_b7df08f852c65863ed220d9cb8f7d01fe2114a53e67fcd5363dd1f7fc900c085,uci291-1479,10.24432/C5VW2C
800,15.6,0.1016,71.299999999999997,0.043725899999999998,124.188,condition_b7df08f852c65863ed220d9cb8f7d01fe2114a53e67fcd5363dd1f7fc900c085,uci291-1480,10.24432/C5VW2C
1000,15.6,0.1016,71.299999999999997,0.043725899999999998,124.438,condition_b7df08f852c65863ed220d9cb8f7d01fe2114a53e67fcd5363dd1f7fc900c085,uci291-1481,10.24432/C5VW2C
1250,15.6,0.1016,71.299999999999997,0.043725899999999998,123.178,condition_b7df08f852c65863ed220d9cb8f7d01fe2114a53e67fcd5363dd1f7fc900c085,uci291-1482,10.24432/C5VW2C
1600,15.6,0.1016,71.299999999999997,0.043725899999999998,121.52800000000001,condition_b7df08f852c65863ed220d9cb8f7d01fe2114a53e67fcd5363dd1f7fc900c085,uci291-1483,10.24432/C5VW2C
2000,15.6,0.1016,71.299999999999997,0.043725899999999998,119.88800000000001,condition_b7df08f852c65863ed220d9cb8f7d01fe2114a53e67fcd5363dd1f7fc900c085,uci291-1484,10.24432/C5VW2C
2500,15.6,0.1016,71.299999999999997,0.043725899999999998,118.998,condition_b7df08f852c65863ed220d9cb8f7d01fe2114a53e67fcd5363dd1f7fc900c085,uci291-1485,10.24432/C5VW2C
3150,15.6,0.1016,71.299999999999997,0.043725899999999998,116.468,condition_b7df08f852c65863ed220d9cb8f7d01fe2114a53e67fcd5363dd1f7fc900c085,uci291-1486,10.24432/C5VW2C
4000,15.6,0.1016,71.299999999999997,0.043725899999999998,113.298,condition_b7df08f852c65863ed220d9cb8f7d01fe2114a53e67fcd5363dd1f7fc900c085,uci291-1487,10.24432/C5VW2C
200,15.6,0.1016,39.600000000000001,0.052848699999999998,123.514,condition_b8d2f34536d0a77bebb4a26a71206efc061c40aff2f180b2ea5aa0bae303b124,uci291-1488,10.24432/C5VW2C
250,15.6,0.1016,39.600000000000001,0.052848699999999998,124.64400000000001,condition_b8d2f34536d0a77bebb4a26a71206efc061c40aff2f180b2ea5aa0bae303b124,uci291-1489,10.24432/C5VW2C
315,15.6,0.1016,39.600000000000001,0.052848699999999998,122.754,condition_b8d2f34536d0a77bebb4a26a71206efc061c40aff2f180b2ea5aa0bae303b124,uci291-1490,10.24432/C5VW2C
400,15.6,0.1016,39.600000000000001,0.052848699999999998,120.48399999999999,condition_b8d2f34536d0a77bebb4a26a71206efc061c40aff2f180b2ea5aa0bae303b124,uci291-1491,10.24432/C5VW2C
500,15.6,0.1016,39.600000000000001,0.052848699999999998,115.304,condition_b8d2f34536d0a77bebb4a26a71206efc061c40aff2f180b2ea5aa0bae303b124,uci291-1492,10.24432/C5VW2C
630,15.6,0.1016,39.600000000000001,0.052848699999999998,118.084,condition_b8d2f34536d0a77bebb4a26a71206efc061c40aff2f180b2ea5aa0bae303b124,uci291-1493,10.24432/C5VW2C
800,15.6,0.1016,39.600000000000001,0.052848699999999998,118.964,condition_b8d2f34536d0a77bebb4a26a71206efc061c40aff2f180b2ea5aa0bae303b124,uci291-1494,10.24432/C5VW2C
1000,15.6,0.1016,39.600000000000001,0.052848699999999998,119.224,condition_b8d2f34536d0a77bebb4a26a71206efc061c40aff2f180b2ea5aa0bae303b124,uci291-1495,10.24432/C5VW2C
1250,15.6,0.1016,39.600000000000001,0.052848699999999998,118.214,condition_b8d2f34536d0a77bebb4a26a71206efc061c40aff2f180b2ea5aa0bae303b124,uci291-1496,10.24432/C5VW2C
1600,15.6,0.1016,39.600000000000001,0.052848699999999998,114.554,condition_b8d2f34536d0a77bebb4a26a71206efc061c40aff2f180b2ea5aa0bae303b124,uci291-1497,10.24432/C5VW2C
2000,15.6,0.1016,39.600000000000001,0.052848699999999998,110.89400000000001,condition_b8d2f34536d0a77bebb4a26a71206efc061c40aff2f180b2ea5aa0bae303b124,uci291-1498,10.24432/C5VW2C
2500,15.6,0.1016,39.600000000000001,0.052848699999999998,110.264,condition_b8d2f34536d0a77bebb4a26a71206efc061c40aff2f180b2ea5aa0bae303b124,uci291-1499,10.24432/C5VW2C
3150,15.6,0.1016,39.600000000000001,0.052848699999999998,109.254,condition_b8d2f34536d0a77bebb4a26a71206efc061c40aff2f180b2ea5aa0bae303b124,uci291-1500,10.24432/C5VW2C
4000,15.6,0.1016,39.600000000000001,0.052848699999999998,106.604,condition_b8d2f34536d0a77bebb4a26a71206efc061c40aff2f180b2ea5aa0bae303b124,uci291-1501,10.24432/C5VW2C
5000,15.6,0.1016,39.600000000000001,0.052848699999999998,106.224,condition_b8d2f34536d0a77bebb4a26a71206efc061c40aff2f180b2ea5aa0bae303b124,uci291-1502,10.24432/C5VW2C
6300,15.6,0.1016,39.600000000000001,0.052848699999999998,104.20399999999999,condition_b8d2f34536d0a77bebb4a26a71206efc061c40aff2f180b2ea5aa0bae303b124,uci291-1503,10.24432/C5VW2C
